review_id,business_id,business_name,city,state,categories,date,stars,sentiment_label,sentiment_score,key_phrases
pgESDcC7eDx4z_epqon4_Q,plobBsTtVUODb353xxFT_g,Sushi Rose,Reno,NV,"{Sushi Bars,Restaurants}",2014-10-27,1.0,mixed,0.12,"[""half an hour"", ""sweet mustard sauce"", ""One roll"", ""bright side"", ""order"", ""servers"", ""tables"", ""top"", ""rolls"", ""extras"", ""menu""]"
HyD8P-CcFU3FR75T0dJAhA,HCqmx4ENAZ76SAjoalj-MQ,Puckett's Grocery & Restaurant,Franklin,TN,"{Barbeque,American (Traditional),Arts & Entertainment,Southern,Breakfast & Brunch,Comfort Food,Nightlife,Music Venues,Restaurants,Food,Grocery}",2017-03-03,4.0,positive,0.99,"[""fried green tomatoes"", ""fried bologna sandwich"", ""peach cobbler dessert"", ""down side"", ""chicken salad"", ""ice cream"", ""restaurant"", ""everyone"", ""meals"", ""sauce"", ""friends"", ""cheeseburger""]"
S1sW-mCzdO1Qhb4Fq7ZKoA,AWJyivVwe3t9BO-k8D0ynQ,Cafe Square One,Philadelphia,PA,"{Food,Coffee & Tea,Cafes,Salad,Sandwiches,Sushi Bars,Restaurants,Breakfast & Brunch}",2017-06-17,3.0,negative,0.01,"[""Food"", ""cafe"", ""place""]"
W1feLyzh7XPyHrgU-tOXPA,sLgIenN5t-fFALQUkOvCyQ,Ralph's Market,Moorestown,NJ,"{Food,Seafood Markets,Delis,Specialty Food,Meat Shops,Butcher,Restaurants}",2018-02-01,5.0,positive,0.99,"[""Chicken parm"", ""place"", ""Everything"", ""Portions"", ""stuff""]"
sgvNB37eQ9wJYOBv1lmwDA,ziFtaIQdzQfFL79iLTq_zQ,Zac's Hamburgers,Folsom,PA,"{Burgers,Restaurants}",2016-11-10,3.0,mixed,0.78,"[""bad little burger joint"", ""tiny burger portion"", ""burger grease"", ""perfect thickness"", ""chocolate shake"", ""bacon cheeseburger"", ""bun"", ""crust"", ""fries"", ""3 complaints"", ""place""]"
2o29ryFidt0awbmqdVSjpg,kGMDSF0YpNwJ-c2BN5yBpw,Dantes Ristorante Pizzeria,East Norriton,PA,"{Restaurants,Pizza}",2013-12-07,3.0,mixed,0.62,"[""one bite"", ""redtop pizza"", ""good pizza"", ""place"", ""shot"", ""reviews"", ""yelp"", ""food"", ""street"", ""Charlie"", ""meal""]"
l6NxhAWgZoww3mKKjpFdXg,NcO-pWiZmNM5zBg8H9zB6Q,La Tavola Ristorante Italiano,Smyrna,TN,"{Food,Pizza,Event Planning & Services,Italian,Caterers,Restaurants}",2015-12-05,3.0,mixed,0.13,"[""Friday night"", ""20 minute wait"", ""place"", ""service"", ""Hit"", ""miss"", ""server"", ""mark"", ""food""]"
J96EFyLE15P-VH5kCyxGWA,gwNlSSV0hGgNgTqPprj4FQ,Fresh Cafe and Catering,Tucson,AZ,"{Coffee & Tea,Cafes,Food,Bakeries,Juice Bars & Smoothies,Restaurants,American (Traditional)}",2012-08-15,2.0,negative,0.0,"[""service / product"", ""last visit"", ""little acknowledgement"", ""Vienna Latte"", ""extra shot"", ""worst espresso"", ""prior posts"", ""worst experiences"", ""Fresh"", ""par"", ""group"", ""people"", ""price"", ""staff"", ""inside"", ""drinks"", ""coffee"", ""products""]"
5zWhnq05f3r6ntTqHUF5LA,DTIKGgzoKGLCNw2dNKfHZg,Lanna Culinary School and Events Center,Reno,NV,"{Specialty Schools,Cooking Schools,Education,Restaurants,Sandwiches,Thai}",2013-06-24,4.0,mixed,0.73,"[""chicken pad keo mao"", ""living social deal"", ""pub height tabletops"", ""other pad thai"", ""thai iced tea"", ""pad thai noodles"", ""lunch sized portion"", ""shrimp spring rolls"", ""shrimp pad thai"", ""good sour flavor"", ""thai fan"", ""Thai chili"", ""other places"", ""chai tea"", ""drunken noodles"", ""4-5 stars"", ""one visit"", ""first visit"", ""quaint house"", ""family style"", ""shredded lettuce"", ""individual components"", ""pepper flakes"", ""tom yum"", ""veggie version"", ""less veggies"", ""red pepper"", ""baby corns"", ""cooking classes"", ""regular kitchen"", ""first time"", ""total cost"", ""peanut sauce"", ""straw mushrooms"", ""orange-y' sauce"", ""fresh ingredients"", ""button mushrooms"", ""food"", ""things"", ""preferences"", ""dad"", ""town"", ""coupon"", ""ipod"", ""website"", ""check"", ""sirracha"", ""name"", ""instance"", ""meat"", ""server"", ""soup"", ""cabbage"", ""broccoli"", ""owner"", ""portions"", ""Reno"", ""Ernie"", ""dish"", ""lots"", ""course"", ""spicy"", ""husband"", ""business"", ""area"", ""steal"", ""facebook"", ""focus"", ""side"", ""woks"", ""home"", ""authentic"", ""quality"", ""service"", ""pictures"", ""bill"", ""change"", ""appetizer"", ""drink""]"
pQI_GEr0fOd3cq48-7-f5w,mcr1lAEdvGLMJhuPwI3I2A,101 Taiwanese Cuisine,Reno,NV,"{Food,Restaurants,Chinese,Bubble Tea,Taiwanese}",2013-02-21,3.0,mixed,0.43,"[""teeny tiny Chinese restaurant"", ""chaotic seating arrangement"", ""beef noodles"", ""fried rice"", ""shrimp spring"", ""higher points"", ""three stars"", ""long weekend"", ""place"", ""owner"", ""tables"", ""people"", ""staff""]"
DpECmhxXb4oaeS-60j0J8A,grjFEAN9gXOKQFEta4yBJg,Tropical Isle Original,New Orleans,LA,"{Bars,Nightlife}",2015-05-12,4.0,mixed,0.74,"[""hand grenades"", ""Holy cow"", ""souvenir cup"", ""nice weather"", ""Jackson Square"", ""open air"", ""good atmosphere"", ""2nd drink"", ""dad"", ""way"", ""hotel"", ""place"", ""pore"", ""menu"", ""band"", ""drinks"", ""end"", ""day"", ""corner"", ""Bourbon"", ""lots"", ""indication"", ""fun"", ""bar""]"
Vy1pD_wLjp40GwOZA1anDA,gOtY7zJ1rIu6UIHXEvh5sA,Southern Candymakers,New Orleans,LA,"{Specialty Food,Food,Chocolatiers & Shops,Desserts,Shopping,Gift Shops,Candy Stores,Flowers & Gifts}",2012-11-06,5.0,mixed,0.7,"[""good praline place"", ""Imaginative concoctions"", ""Friendly staff"", ""Unlimited samples"", ""God"", ""town""]"
LNmNpXH-tHa736y2NkibBw,D2kZP7jvrWTuRzcPY6NbqA,Skyway Cafe,St. Petersburg,FL,"{Restaurants,Breakfast & Brunch}",2013-10-24,5.0,mixed,0.74,"[""morning breakfast deal"", ""banana pecan pancakes"", ""Same great food"", ""little breakfast"", ""Huge plates"", ""Skyway Jacks"", ""Skyway Cafe"", ""bovine decor"", ""local diner"", ""5 different combinations"", ""tldr"", ""Cheap"", ""service"", ""kind"", ""place"", ""opinion"", ""Everything"", ""coffee"", ""2 eggs"", ""sausage"", ""beverage"", ""work"", ""7"", ""830""]"
MLBz8yi-26Dez0wpuEyvtQ,crRUwlg4u4VLLnGcOe9Ang,Petco,Royersford,PA,"{Pets,Pet Services,Pet Stores,Pet Training,Pet Groomers}",2018-04-15,1.0,negative,0.01,"[""Worst experience"", ""line"", ""1 hour"", ""20 minutes"", ""1 shot"", ""front"", ""60 people"", ""place""]"
9eeoAUQEJDw0KYV5NPYH-A,0ZETsmrLSGWaBu1NNdcmYw,Office Depot,Richmond Heights,MO,"{Printing Services,Local Services,Shopping,Computers,Office Equipment}",2005-05-18,2.0,mixed,0.5,"[""Poor poor customer service"", ""Good luck""]"
cgppGTg8LpqZObn_k69w2Q,skN2XhKXlcjf53uIwzAedw,Burger Up - Franklin,Franklin,TN,"{Burgers,Desserts,Restaurants,Food,Salad}",2016-03-07,5.0,mixed,0.8,"[""Twelve South hipster gourmet Burger Up"", ""upscale burger experience"", ""burger-fries-shake holy trinity"", ""strip mall"", ""Cool Springs"", ""messy burgers"", ""fresh meat"", ""regular fries"", ""truffle fries"", ""paresan cheese"", ""chocolate milkshake"", ""metaphorical cherry"", ""location"", ""version"", ""goods"", ""tasty"", ""fixings"", ""top""]"
DIRohs5uJ5kqBtSwZDZ1_w,F_wIC6i5y4zdQyp99R7PdQ,Blueberry Hill Pancake House,Indianapolis,IN,"{American (Traditional),Breakfast & Brunch,Restaurants,Specialty Food,Salad,Food}",2012-01-03,4.0,positive,0.97,"[""greek owned pancake house"", ""larger chain pancake houses"", ""awesome breakfast food"", ""Freedom toast"", ""freedom fries"", ""great alternative"", ""Robert Evans"", ""IHopity hop"", ""Mr. Dennys."", ""drunken slumber"", ""bitter cold"", ""quick service"", ""energetic owner"", ""secret ingredient"", ""check"", ""problem"", ""group"", ""pleasant"", ""everything"", ""opinion"", ""chains"", ""love"", ""2""]"
zHqZ1ym04EB_4IXppIX5Eg,c7OfNRMIqAhtNOMEat3Rbg,Fellini Cafe,Newtown Square,PA,"{Italian,Restaurants}",2012-07-16,3.0,mixed,0.6,"[""mushroom cream sauce"", ""two vacant tables"", ""crusty Italian bread"", ""romantic little BYOB"", ""little bit"", ""two pieces"", ""Italian restaurant"", ""Newtown Square"", ""several areas"", ""Big portions"", ""decent prices"", ""full review"", ""Bryn Mawr"", ""memorable moments"", ""speed bumps"", ""full potential"", ""latest visit"", ""wait staff"", ""eye contact"", ""romantic meal"", ""close quarters"", ""other friend"", ""main courses"", ""usual tagliatelli"", ""tortellini pasticiatti"", ""small loaf"", ""butter packets"", ""minor hiccups"", ""gift card"", ""nice gesture"", ""caesar salad"", ""beautiful wife"", ""four kids"", ""warm plate"", ""tortellini dish"", ""other table"", ""nice place"", ""frozen peas"", ""mark"", ""Fellini"", ""Cafe"", ""reservations"", ""10 minutes"", ""2 seater"", ""Odd"", ""hours"", ""privacy"", ""manager"", ""member"", ""indication"", ""intentions"", ""bottle"", ""wine"", ""silverware"", ""problem"", ""hint"", ""smile"", ""interior"", ""lighting"", ""neighbors"", ""trouble"", ""waitress"", ""energy"", ""enthusiasm"", ""dinner"", ""bruschetta"", ""food"", ""masterpiece"", ""push"", ""everything""]"
jS3mcIVCbLPLebnaLhk5gw,vVvtWcFResspvcMMNRbYWA,Golden Corral Buffet & Grill,Port Richey,FL,"{Buffets,Restaurants,American (Traditional)}",2017-12-30,4.0,mixed,0.82,"[""late night dinner"", ""grill house station"", ""good variety"", ""young kids"", ""upper PA"", ""Two things"", ""odd requests"", ""pepper allergy"", ""different tings"", ""waiter Eric"", ""food"", ""Person"", ""experience"", ""out"", ""way"", ""type"", ""quality"", ""restaurant"", ""2 people"", ""shrimp"", ""thoughtfulness""]"
i_fJQ_-9S9qhH2hl5bMIiw,htO_nlxkEsYHzDrtbiUxew,La Colombe Coffee,Philadelphia,PA,"{Restaurants,Food,Coffee & Tea}",2006-05-02,3.0,mixed,0.35,"[""new coffee spot"", ""coffee connoisseur"", ""iced tea"", ""hot tea"", ""artsy crowd"", ""bad experience"", ""menu"", ""cup"", ""people"", ""headphones"", ""noise"", ""preference"", ""servers"", ""tables""]"
VN0oJh0TD2yKWUg0EN6IzA,Zx7n8mdt8OzLRXVzolXNhQ,Milk and Honey Nashville,Nashville,TN,"{American (New),Restaurants,American (Traditional),Food,Breakfast & Brunch,Coffee & Tea,Pizza}",2017-10-11,5.0,mixed,0.69,"[""best hot sauce"", ""honey hot sauce"", ""chill waiter"", ""shoutout"", ""kyle"", ""raise"", ""ages"", ""milk"", ""life"", ""biscuits"", ""heaven"", ""friends""]"
7ouwt0DtmhHxjQpDwDkN7Q,JUlsvVAvZvGHWFfkKm0nlg,El Camino Real,Philadelphia,PA,"{Mexican,Tex-Mex,Restaurants,Barbeque}",2010-03-12,3.0,mixed,0.4,"[""El Camino"", ""one occasion"", ""other thing"", ""fried things"", ""seitan wings"", ""seitan nachos"", ""fried pickles"", ""service"", ""house"", ""friends"", ""food"", ""rest"", ""coating"", ""taste"", ""margaritas""]"
P7okF5jBUnQ0Ng1dOShJyg,u-w0dEUZAUF3JyGS_-KiTQ,Black 13 Tattoo Parlor,Nashville,TN,"{Tattoo,Beauty & Spas}",2013-03-18,5.0,positive,0.99,"[""Excellent place"", ""great sketch"", ""short notice"", ""awesome work"", ""tattoo"", ""B13"", ""group"", ""people"", ""owner"", ""Amanda"", ""everyone""]"
w5aB9esyhoCh0cNnltqv_w,arpAjDjebOzjwwysIGIwAg,Tropical Nails,Philadelphia,PA,"{Beauty & Spas,Nail Salons}",2016-09-30,1.0,mixed,0.18,"[""new nail place"", ""nail salon"", ""experienced technician"", ""first time"", ""two days"", ""gel polish"", ""regular polish"", ""Grant Nails"", ""good nails"", ""different owner"", ""years"", ""Tom"", ""Amy"", ""Angela"", ""one"", ""mess"", ""problem""]"
Bhn9WcAe2rO26HT-TLKK_Q,dJfkfBbJz7wi0RgW-ph_Eg,Sake House,Tampa,FL,"{Restaurants,Sushi Bars,Japanese}",2017-10-02,1.0,mixed,0.1,"[""absolute worst dining experience"", ""15 month old son"", ""one other table"", ""simple ice water"", ""third table"", ""one cup"", ""one chef"", ""other tables"", ""other reviews"", ""other place"", ""negative stars"", ""Sake House"", ""esp families"", ""sushi date"", ""simple roll"", ""hot Sake"", ""5/10 minutes"", ""hospitality industry"", ""second language"", ""fussy/hungry toddler"", ""single mother"", ""busy mother"", ""shitty service"", ""cold Sake"", ""antsy son"", ""free drink"", ""$6 drink"", ""zero"", ""way"", ""4pm"", ""lemon"", ""Waiter"", ""food"", ""order"", ""2 hours"", ""everyone"", ""time"", ""check"", ""years"", ""English"", ""issue"", ""baby"", ""money""]"
lEdYIh_Pd3g5oPCy8MNL6Q,jxfAi7UDmtbhyPw7ZsfKVw,Fellini Cafe of Media,Media,PA,"{Desserts,Event Planning & Services,Sandwiches,Restaurants,Food,Italian,Venues & Event Spaces}",2017-11-06,5.0,positive,0.88,"[""best Italian cuisine"", ""first choice"", ""huge selection"", ""dinner"", ""foods"", ""type"", ""person"", ""staff"", ""needs"", ""restaurant"", ""opinion"", ""Fellinis"", ""media""]"
FUxvrj8f5YQdAJrUzZFdSQ,BJphaOPeTtqUFF5pauQEhw,Los Caballos Locos,Philadelphia,PA,"{Salvadoran,Desserts,Mexican,Restaurants,Food,Southern,Latin American}",2015-09-10,5.0,positive,0.9,"[""southern Latin food"", ""game changer"", ""place"", ""neighborhood"", ""take"", ""family""]"
Blzra0ClBO8mORAnUCk5Xg,fBNjTSdPJ1mtTzIHYpQnDw,Future Nails,Tampa,FL,"{Beauty & Spas,Nail Salons}",2018-09-03,1.0,negative,0.01,"[""yellowed OLD newspapers"", ""dusty fake tree"", ""Lehigh Acres location"", ""ZERO STARS"", ""waiting area"", ""one week"", ""MY FUTURE"", ""place"", ""top"", ""Jenna"", ""nails"", ""TWO"", ""repairs"", ""time"", ""money""]"
oto8Mqazg6SV63g2hJx7LQ,oBhJuukGRqPVvYBfTkhuZA,Square 1682,Philadelphia,PA,"{American (New),Breakfast & Brunch,Bars,Nightlife,Restaurants}",2010-05-16,2.0,mixed,0.24,"[""best hummus ive"", ""lemon hummus"", ""good stuff"", ""kimpton restaurant"", ""nightcap"", ""bar"", ""drinks"", ""pita"", ""brunch"", ""45 minutes"", ""food"", ""hair"", ""manager"", ""check"", ""breakfast"", ""disappointment""]"
pIFGqL210EybhN6t0Jtzjw,OfI4DC1DVCJ92XcLdFBMFg,Harkins Theatres  Tucson Spectrum 18,Tucson,AZ,"{Cinema,Arts & Entertainment}",2018-07-17,4.0,mixed,0.67,"[""necessary updates"", ""other theaters"", ""student discount"", ""same perks"", ""two theaters"", ""Roadhouse theater"", ""heated seats"", ""entire theater"", ""staff service"", ""reason"", ""star"", ""seating"", ""12 bucks"", ""liners"", ""chef"", ""pricing"", ""one""]"
MIvAWbDNBsj5veOvsftNgw,z6SVTb9eFIcWVpKXIfFEvQ,Kingsway Mall,Edmonton,AB,"{Shopping,Shopping Centers}",2008-12-03,4.0,mixed,0.56,"[""little shopping fix"", ""New York Fries"", ""Poppin' pop corn"", ""Bad Ass Jack"", ""West Ed."", ""Club Monaco"", ""American Eagle"", ""other shops"", ""Orange Julius"", ""Booster Juice"", ""Extreme Pita"", ""other choices"", ""dollar store"", ""movie theatre"", ""food court"", ""Kingsway"", ""crowds"", ""lululemon"", ""Jacob"", ""Danier"", ""Gap"", ""variety"", ""past"", ""people"", ""halls"", ""ton"", ""seating"", ""Zellers"", ""Sears"", ""Bay"", ""mall""]"
8KsAOhkgxmRVL_xqcOh0oQ,VeqkfRUzZAKlQer3npXPdQ,New India's Kitchen,Ballwin,MO,"{Restaurants,Indian,Buffets,Diners,Pakistani}",2013-09-04,1.0,mixed,0.32,"[""favourite Indian"", ""St Louis"", ""Indias Kitchen"", ""old boot"", ""naan bread"", ""nice thing"", ""goat curry"", ""Spice"", ""Grill"", ""Olive"", ""Husband"", ""change"", ""portion"", ""sauce"", ""salt"", ""tomato"", ""rice""]"
4MsqB18bYyuf0JnDzhKEsg,TghRoAMx43V-9l7mH-SENg,Crabby Bills Clearwater Beach,Clearwater Beach,FL,"{Food,Seafood,Restaurants,American (Traditional),Specialty Food,Seafood Markets}",2012-09-11,4.0,mixed,0.41,"[""one other person"", ""best fresh seafood"", ""long day"", ""quick walk"", ""Crabby Bill"", ""steamed seafood"", ""quick snack"", ""big dinner"", ""Steak House"", ""seafood restaurants"", ""Clearwater Beach"", ""area"", ""yelping"", ""hand"", ""street"", ""$25 bucket"", ""Bern"", ""reservation""]"
7Ki1tkHP23P2i--9qsTRdg,IbndcMURguByburM72o3SA,State Street Kitchen,Newtown,PA,"{Korean,American (Traditional),Sandwiches,Cheesesteaks,Restaurants,Coffee & Tea,Breakfast & Brunch,Food}",2013-10-24,5.0,positive,1.0,"[""first rate creative dishes"", ""State Street Kitchen"", ""Honey Mustard Sub"", ""excellent local establishment"", ""constant breakfast companion"", ""Grilled Chicken"", ""Jalapeno Chips"", ""spicy crunch"", ""present Micha"", ""friendly staff"", ""lunch date"", ""Korean flare"", ""Spinach"", ""Swiss"", ""notch"", ""afternoon"", ""autumn"", ""bluster"", ""taste"", ""home"", ""way"", ""part"", ""family""]"
NqLiYY3UYyMJMMf8HL6zdw,5v9Voa4a5MON7mAQO3gV3A,Montesano Bros Trattoria & Catering,Chester Springs,PA,"{Sandwiches,Caterers,Beer Gardens,Event Planning & Services,Nightlife,Italian,Restaurants}",2018-07-17,5.0,positive,0.99,"[""awesome place"", ""good food"", ""nice people"", ""rotating specials"", ""Chicken salad"", ""great pickup"", ""sandwiches"", ""home""]"
YJU56J3q7mWp89xZ4H51tQ,Nd_3fSvYDCjM8YJdBx4Y9w,Melt Down Grilled Cheese,Wayne,PA,"{Restaurants,Desserts,Comfort Food,Sandwiches,Food}",2013-08-15,4.0,mixed,0.6,"[""The Honey Apple grilled cheese sandwich"", ""cheese lover"", ""The Meltdown"", ""other shops"", ""life"", ""staff"", ""decor"", ""food"", ""Montgomeryville"", ""service"", ""server"", ""customer"", ""soup""]"
TunQqLbhPJDpncASCgkxmA,jtsckI_01hlbGLpEFwJu0A,Buff Beauty Bar,New Orleans,LA,"{Hair Removal,Waxing,Beauty & Spas,Nail Salons,Blow Dry/Out Services,Makeup Artists,Day Spas,Hair Salons}",2013-03-18,2.0,mixed,0.5,"[""crisp, perfect line"", ""same nail techinician"", ""adorable little salon"", ""little extra time"", ""little bit"", ""downtown/ CBD"", ""GREAT job"", ""ONE CHIP"", ""other stylists"", ""front desk"", ""great vibe"", ""first visit"", ""most places"", ""6am flight"", ""Wednesday morning"", ""nail technician"", ""first appointment"", ""30 minute appointment"", ""Mini Manicure"", ""gel manicure"", ""everyday manicure"", ""q- tip"", ""lunch hour"", ""Monday afternoon"", ""OPI polish"", ""proper brush"", ""yelp"", ""fact"", ""nails"", ""manager"", ""owner"", ""person"", ""french"", ""wedding"", ""order"", ""lines"", ""others"", ""edges"", ""work"", ""complaint"", ""par"", ""friends"", ""product"", ""somewhere""]"
NDZ6O3b3eCjFk2Yg5k01MA,ffvS2BlFwQra5FTPNk5N2g,Arber Cafè,Saint Louis,MO,"{Cafes,Ethnic Food,Specialty Food,Italian,Desserts,Food,Restaurants,Coffee & Tea,Mediterranean}",2013-01-27,1.0,mixed,0.3,"[""rave review"", ""close friends"", ""date night"", ""Twlight Zone"", ""private party"", ""open sign"", ""Hubby"", ""establishment"", ""try"", ""Saturday"", ""8pm"", ""someone"", ""door"", ""people"", ""11pm"", ""everyone"", ""woman"", ""bar"", ""HUH"", ""something""]"
AjFLTLBbVJOuN_JFzSE4OA,1T9F7iLDFAYWJvif1RKneg,Saigon Restaurant,Indianapolis,IN,"{Restaurants,Food,Vietnamese}",2016-05-31,5.0,positive,1.0,"[""Awesome food"", ""papaya salad"", ""curry"", ""service""]"
JjaYSiafHTLkeqO4hBcLoA,6VsOcLvDttT2BsCttVHoUw,Music City Dental,Nashville,TN,"{Cosmetic Dentists,General Dentistry,Dentists,Health & Medical}",2015-06-08,5.0,mixed,0.6,"[""new dental insurance"", ""Music City Dental"", ""Dr. Spurlin"", ""pleasant experience"", ""permanent patient"", ""dentist"", ""network"", ""staff"", ""times"", ""filling"", ""shots"", ""pillow"", ""blanket"", ""choice"", ""movie""]"
1CvkiydhF66ha7G6BG2moQ,m1EGAIfFEN9nG2_bJqnAcQ,Sushi Minato,Reno,NV,"{Sushi Bars,Japanese,Restaurants}",2015-04-01,4.0,mixed,0.51,"[""horrible angst"", ""la carte"", ""total cost"", ""particular day"", ""long roll"", ""hand roll"", ""late lunch"", ""chocolate mochi"", ""sushi"", ""AYCE"", ""weekend"", ""drink"", ""love"", ""things"", ""tip"", ""belly"", ""one"", ""point"", ""plan"", ""rolls"", ""surprise""]"
fZEWAKvwfbWYHP6ZJRPiVw,TldgQUtim0bm5VZr-Rpqfw,Office Depot,Sparks,NV,"{Shopping,Office Equipment}",2014-02-24,5.0,mixed,0.42,"[""many other places"", ""negative reviews"", ""5 mins"", ""something"", ""employees"", ""store"", ""area"", ""business""]"
PP1zi-lfIa0kiwQjPNpDTA,Y0JF1UN7pfWJ-GuzuVXM0g,New York Pizza,New Orleans,LA,"{Restaurants,Pizza,Nightlife,Italian,Bars}",2016-09-30,5.0,positive,0.99,"[""Best Pizza period"", ""fresh beer"", ""staff"", ""taps"", ""slice"", ""5 bucks""]"
pcXlNwB-MNugVS7I0vBp_A,Oun4NN-u5yiHIxDqtJnxgA,Federal Donuts,Philadelphia,PA,"{Restaurants,Korean,American (Traditional),Breakfast & Brunch,Donuts,Food,Coffee & Tea}",2013-04-11,5.0,mixed,0.21,"[""buttermilk ranch"", ""iced coffee"", ""Federal Donuts"", ""hype"", ""reputation"", ""vegetarian"", ""husband"", ""chicken"", ""favorite"", ""staff""]"
ycnrk17MxCkAsjKocEg3bg,HCbJPXWXvwN-C7XfmVy3gA,Granite City Food & Brewery,Indianapolis,IN,"{Desserts,Breweries,Breakfast & Brunch,Restaurants,Barbeque,American (New),Food,American (Traditional)}",2017-01-02,3.0,mixed,0.42,"[""Chicken Bruchetta salad"", ""French Onion Soup"", ""light flight"", ""heavy meal"", ""Light beers"", ""hoppy beers"", ""same thing"", ""citrus undertones"", ""lunch time"", ""lunch size"", ""food"", ""5 stars"", ""brewhouse"", ""taste"", ""boyfriend"", ""hops"", ""disclaimer"", ""VT"", ""portion"", ""brews""]"
QOvpBY03WUgMRypyC_r2zA,WO5nr-4sjVs506BdCLL0aA,Kuchi Sushi & Hibachi,Tampa,FL,"{Restaurants,Japanese,Asian Fusion,Sushi Bars,Teppanyaki}",2016-10-26,5.0,positive,0.89,"[""dry ice fog thing"", ""Awesome service"", ""food"", ""layer"", ""coolness"", ""experience""]"
Wd1N0MxCvwA9EHH7pkon8A,OINbC0rpDVJ5bfxt3LO9fw,Li'l Dizzy's Cafe,New Orleans,LA,"{Restaurants,Cajun/Creole}",2018-02-11,5.0,positive,0.99,"[""delicious, home style New Orleans cuisine"", ""a la carte"", ""favorite meal"", ""afternoon"", ""table"", ""buffet"", ""trip""]"
g8bYpcVdj3tItU7v3ntOzQ,Zx7n8mdt8OzLRXVzolXNhQ,Milk and Honey Nashville,Nashville,TN,"{American (New),Restaurants,American (Traditional),Food,Breakfast & Brunch,Coffee & Tea,Pizza}",2018-05-28,4.0,mixed,0.79,"[""great menu options"", ""great restaurant"", ""great bakery"", ""delicious food"", ""gelato counter"", ""instant service"", ""people"", ""town"", ""breakfast"", ""brunch"", ""weekends"", ""9:30 AM"", ""coffee"", ""items""]"
nAx6LHi2qcvh1Rg9MaqckA,jxfAi7UDmtbhyPw7ZsfKVw,Fellini Cafe of Media,Media,PA,"{Desserts,Event Planning & Services,Sandwiches,Restaurants,Food,Italian,Venues & Event Spaces}",2018-08-04,3.0,mixed,0.28,"[""EXACT amount"", ""food critic"", ""service"", ""average"", ""waitress"", ""coins"", ""change"", ""customers"", ""lots"", ""time"", ""tip"", ""part"", ""standard"", ""Flabbergasted""]"
A-AIvNIGCwUplBhjd2OMhg,kZtl_NJjUnlIQgzFrBhXyQ,Ichiban,Santa Barbara,CA,"{Restaurants,Japanese,Sushi Bars}",2017-02-19,3.0,mixed,0.57,"[""Mesa rolls"", ""sushi"", ""fav"", ""4stars"", ""estimations"", ""pick"", ""ups""]"
4euQ70qJhaHbkG_iiAEDiA,EtKSTHV5Qx_Q7Aur9o4kQQ,Village Whiskey,Philadelphia,PA,"{Bars,Nightlife,Whiskey Bars,Burgers,Restaurants,American (New)}",2017-07-08,5.0,positive,0.96,"[""Best burger"", ""right place"", ""The"", ""Philly"", ""bread"", ""meat"", ""service"", ""amiable"", ""price"", ""everybody""]"
bd5QvdMJJYPWK535BMJp1w,j8JOZvfeHEfUWq3gEz6ABQ,Bacchanal Fine Wine & Spirits,New Orleans,LA,"{Jazz & Blues,Bars,Arts & Entertainment,Beer,Wine & Spirits,Wine Bars,Food,Nightlife}",2014-11-12,3.0,mixed,0.5,"[""Great hangout"", ""bacon-wrapped dates"", ""brussel sprouts"", ""wine"", ""cheese"", ""music"", ""food"", ""sardines"", ""prime""]"
NhbTHrDA_z1QF6L6BhmFiA,TLZ3-eDPLhUzfsWO4ad6Ug,Mahony's Po-Boys & Seafood,New Orleans,LA,"{Restaurants,Seafood,Cajun/Creole}",2018-08-23,4.0,positive,0.99,"[""Excellent tasting Po-Boys"", ""mire catfish"", ""Service""]"
h0N47vwJhQMBH9mscX9zhw,hn3Rg2JrhQoDJBEhrpuwWg,Granite City Food & Brewery,Franklin,TN,"{Food,American (New),Brewpubs,Breakfast & Brunch,Restaurants,Breweries,American (Traditional)}",2013-12-06,1.0,mixed,0.28,"[""dry turkey patty"", ""turkey burger"", ""Three chances"", ""asian shrimp"", ""First visit"", ""new restaurant"", ""second visit"", ""lone piece"", ""ground meat"", ""chicken salad"", ""place"", ""location"", ""bar"", ""staff"", ""dish"", ""bugs"", ""buns"", ""credit"", ""manager"", ""meal"", ""fish"", ""chips"", ""box"", ""axles""]"
Cy_WWfu-uUYpWJDmK_GHXg,TfcpJBiFNnDaochnmp4M2Q,The Garden Brunch Cafe,Nashville,TN,"{Cafes,Restaurants,American (Traditional),Breakfast & Brunch}",2013-12-29,4.0,mixed,0.82,"[""Quaint cafe"", ""Jefferson St."", ""bottomless mimosas"", ""charcoal burnt"", ""Wonderful variety"", ""Sunday afternoon"", ""10 minute wait"", ""Great menu"", ""location"", ""blackened"", ""fish"", ""grits"", ""fear"", ""table""]"
rIJDL05VdmSgnTDeqOJV7g,OUuUc_qERdvTrnpj1vSLaw,Taco Del Mar,New Orleans,LA,"{Mexican,Restaurants}",2014-04-20,4.0,positive,0.86,"[""Taco del Mar"", ""similar feel"", ""taco place"", ""medium\"" salsa"", ""veggie burrito"", ""TdM"", ""Subway"", ""quality"", ""ingredients"", ""vegetarian"", ""plenty"", ""options"", ""lots"", ""veggies"", ""chips"", ""Delgado""]"
nFmRdU0dv-RE-058dz1ZaQ,O286wXm4mcznQn_1JieD1g,Whole Foods Market,Philadelphia,PA,"{Event Planning & Services,Specialty Food,Food,Health Markets,Grocery,Caterers,Organic Stores}",2010-11-23,3.0,negative,0.0,"[""Trader Joes"", ""something"", ""fan""]"
Frcb69sNncBiSZ6V120IEg,pPFv6CTFK5i8FNj8f3_pVg,Sloppy Hoggs Roed Hus,Edmonton,AB,"{Restaurants,Barbeque}",2013-02-22,4.0,negative,0.08,"[""proper barbeque joint"", ""bone mushy ribs"", ""Smoked ribs"", ""people"", ""stuff""]"
pLffaOqWKZ0nmkNQWz3-rQ,U30ggGzFpXvc2NZYwOW3qg,Mood Cafe,Philadelphia,PA,"{Cafes,Pakistani,Juice Bars & Smoothies,Restaurants,Ice Cream & Frozen Yogurt,Halal,Indian,Coffee & Tea,Food}",2016-07-25,5.0,mixed,0.73,"[""traditional Karachi chaat"", ""Amazing place"", ""lassi"", ""next"", ""area""]"
xgiQAlpYkBDjd7Bn_UhIXg,F0AAzMdhv2RyjwHVned5bQ,Hendel's,Florissant,MO,"{American (Traditional),Nightlife,Bars,Restaurants,American (New),Cocktail Bars,Wine Bars}",2015-01-04,4.0,positive,1.0,"[""wedding reception"", ""beautiful night"", ""perfect place"", ""closest friends"", ""husband"", ""Hendel"", ""Cafe"", ""family""]"
ZgYaqbKAbDYnWuxG6-wJUw,n5P6-HWN3kFSYBxfVfDxEg,Shephard's Beach Resort,Clearwater Beach,FL,"{Hotels & Travel,Bars,American (Traditional),Restaurants,Event Planning & Services,Nightlife,Hotels,Resorts}",2016-03-07,2.0,negative,0.02,"[""private beach"", ""Cockroach"", ""room"", ""wifi"", ""aol"", ""chair""]"
XcH0DTa6rc6OBm5kNci3BA,tkFXSTpI-JmDgzhPU8ZsVA,Unique Indoor Comfort,King of Prussia,PA,"{Appliances & Repair,Generator Installation/Repair,Home Services,Heating & Air Conditioning/HVAC,Water Heater Installation/Repair,Local Services}",2018-01-09,5.0,positive,0.93,"[""highest degree"", ""sales person"", ""Mike P"", ""manager Chris"", ""top notch"", ""highest standards"", ""similar size"", ""direct experience"", ""Unique"", ""utmost"", ""integrity"", ""Responsive"", ""transparent"", ""words"", ""mind"", ""technicians"", ""pricing"", ""confidence"", ""conjecture"", ""inference"", ""house"", ""work"", ""prices"", ""outfits"", ""stature""]"
oVSmMGam9q_oh2XMNjDCcw,1NCUTTp6rIyXpwUDVv9qOA,Lazos Pizza & Grill,Philadelphia,PA,"{Pizza,American (Traditional),Restaurants,Italian}",2014-11-12,5.0,positive,0.99,"[""many delivery places"", ""takeout place"", ""great food"", ""fast service"", ""great pizza"", ""2601 Parkway"", ""door"", ""condo"", ""staff"", ""business""]"
UzY0Z5Mb-ynGtwdAjCygAQ,jmwasbZfgj3honf79qKsnA,Street- Taco and Beer Co.,Tucson,AZ,"{Mexican,Bars,Restaurants,Nightlife}",2018-03-15,5.0,positive,1.0,"[""Top notch street tacos"", ""top notch stop"", ""great service"", ""hand"", ""horchata""]"
-cHtqHUY02Wq3GfA-WQ2tg,eaV07HGOcyb27XobHVl8LQ,Jean Madeline Aveda Institute Salon,Philadelphia,PA,"{Specialty Schools,Nail Salons,Hair Salons,Cosmetology Schools,Education,Makeup Artists,Beauty & Spas}",2017-01-27,2.0,mixed,0.32,"[""nice person"", ""mani"", ""pedi"", ""student"", ""3 hours"", ""hands"", ""feet"", ""one"", ""work"", ""nails"", ""pictures"", ""Edit"", ""shoes"", ""2 stars"", ""service""]"
pvM11aNlL7Di1m4Ce8Vc1Q,dpwkz52tHB2MCPv53I2aRA,Jazmine,Reno,NV,"{Restaurants,Chinese,Asian Fusion,Sushi Bars}",2017-03-03,5.0,mixed,0.75,"[""shrimp hot pot"", ""nice, quiet"", ""dark restaurant"", ""szechuan chicken"", ""sour soup"", ""prime rib"", ""right amount"", ""Chinese"", ""sushi"", ""rice"", ""Hubbie"", ""food"", ""home"", ""Service""]"
EHEnA6AIWMSkz44UFuOpPw,9dm_v79s9-pefMahqp1SkA,Loco Mexican Restaurant & Cantina,Indianapolis,IN,"{Restaurants,Mexican}",2018-07-07,4.0,mixed,0.71,"[""last two train wrecks"", ""outdoor seating area"", ""something affordable move"", ""lovely Saturday afternoon"", ""Saturday lunch"", ""total mess"", ""Long line"", ""cilantro chicken"", ""casual fancy"", ""Hope Loco"", ""new place"", ""Service"", ""feet"", ""names"", ""margarita"", ""umbrellas"", ""time"", ""flow"", ""neighborhood"", ""prices"", ""space"", ""years""]"
BUZbFa_TeoThHW1hwCRfmQ,sr9RI_LHMXGZfpDApPsDEw,Luxe Nails,Philadelphia,PA,"{Waxing,Beauty & Spas,Hair Removal,Nail Salons,Eyelash Service}",2014-09-09,5.0,mixed,0.57,"[""dozen nail salon"", ""crazy encrusted nails"", ""other clients"", ""newest designs"", ""many others"", ""couple"", ""months"", ""compliments"", ""Nary"", ""girls"", ""silence"", ""appointment"", ""dime"", ""jewels"", ""budget"", ""number"", ""beginning"", ""ladies"", ""2 weeks""]"
cIY-1dh_AggHAseMnMQkng,ICqgjbOpBD9SUtE5PQC9sA,Captain Bill's Oyster Bar,Treasure Island,FL,"{American (New),Cocktail Bars,Seafood,Bars,Restaurants,Nightlife}",2018-02-01,4.0,positive,0.98,"[""Big outdoor seating area"", ""Treasure Island"", ""char-grilled oysters"", ""Great staff"", ""real bonus"", ""place"", ""pup"", ""Austin"", ""pets""]"
RcsyeHfZqpGdb9z-AkUdSA,xJ3NSwE0xhdtA-tB_y_rNQ,Jack Dempsey's Restaurant & Bar,New Orleans,LA,"{Seafood,Restaurants}",2005-05-11,3.0,negative,0.0,"[""working class joint"", ""New Orleans sort"", ""fried seafood"", ""dock worker"", ""fancy meal"", ""Lots"", ""kind"", ""place"", ""family"", ""experience""]"
OJ4DSE87REOqg_I8uQvE2w,AWnzFqIrlkLAKTc46_zmEg,Mena's Palace,New Orleans,LA,"{Restaurants,Southern,Cajun/Creole,Seafood,Breakfast & Brunch}",2018-03-23,5.0,positive,0.99,"[""The Cajun tasso omelet"", ""basic fare"", ""Hash browns"", ""French toast"", ""Will def"", ""next visit"", ""Other food"", ""place"", ""family"", ""Service"", ""breakfast"", ""table"", ""eggs"", ""medium"", ""Everybody""]"
0oN6AFhkj2IOf9gGpfZtxA,FHNIvNgh3fS7VZQq2Y3dsA,Cheu Noodle Bar,Philadelphia,PA,"{Asian Fusion,Tapas/Small Plates,American (New),Restaurants,Vietnamese,Korean,Noodles,Ramen,Japanese}",2013-08-03,4.0,mixed,0.81,"[""chinatown noodle house portions"", ""chinatown noodle house ingredients"", ""great experience"", ""interesting appetizers"", ""great deal"", ""Great addition"", ""10th street"", ""group"", ""tons"", ""dumplings"", ""corn"", ""mushrooms"", ""wings"", ""specials"", ""order"", ""noodles"", ""BYO""]"
D4UUwqW7jnKX-dXfoOpmAQ,_aKr7POnacW_VizRKBpCiA,Blues City Deli,Saint Louis,MO,"{Delis,Bars,Restaurants,Nightlife,Pubs,American (Traditional),Sandwiches}",2018-05-28,5.0,positive,0.83,"[""Best sandwiches"", ""St.Louis"", ""friendly crowd""]"
7vcenpX_SdNZep-k-LUBPA,AaWmckcT3O1iQSAIUmzwUA,Basimo Beach Cafe,Clearwater,FL,"{Breakfast & Brunch,Restaurants,Juice Bars & Smoothies,Cafes,Coffee & Tea,Food}",2017-06-17,5.0,positive,0.98,"[""Simple fresh organic food"", ""nice change"", ""other restaurants"", ""Full coffee"", ""Sasquatch brew"", ""nice ambiance"", ""latte"", ""options"", ""owners""]"
opz0Wckh9unHzfhuKPGr7Q,s7MaEXwDnzUcqG16pG7Wfg,Latteria,Swedesboro,NJ,"{Food,Ice Cream & Frozen Yogurt,Coffee & Tea}",2016-07-15,5.0,positive,0.87,"[""Best place"", ""ice cream"", ""Everything"", ""cows"", ""hormones"", ""antibiotics"", ""cash"", ""trip"", ""ATM""]"
JKyXUO-ewDNACZQUag5sqw,xvdsyHdYsEbm_Cqs0BgdEw,DoubleTree Suites by Hilton Hotel Nashville Airport,Nashville,TN,"{Event Planning & Services,Hotels,Hotels & Travel}",2013-05-07,2.0,mixed,0.25,"[""long winding road"", ""dusty bathroom vents"", ""other hotel"", ""unclean floor"", ""torn wallpaper"", ""water spots"", ""red rum"", ""higher level"", ""Doubletree experience"", ""location"", ""end"", ""bunch"", ""highway"", ""food"", ""building"", ""days"", ""hallways"", ""age"", ""product"", ""70s"", ""bed"", ""quality"", ""country""]"
GRCHq50ZC53E6RuWx2ktqA,TsZEKqs0wzP3WHnPkV0Eig,Hotel Indigo Nashville,Nashville,TN,"{Resorts,Shopping,Event Planning & Services,Venues & Event Spaces,Hotels & Travel,Fashion,Women's Clothing,Hotels}",2018-05-08,5.0,mixed,0.82,"[""boutique feel"", ""birthday party"", ""air conditioner"", ""Printers Alley"", ""normal hotel"", ""Hilton"", ""restaurant"", ""service"", ""rooms"", ""complaint""]"
_WBtTTBflD9r1fPIxcX-Ag,EtKSTHV5Qx_Q7Aur9o4kQQ,Village Whiskey,Philadelphia,PA,"{Bars,Nightlife,Whiskey Bars,Burgers,Restaurants,American (New)}",2013-04-10,5.0,positive,0.99,"[""same crushing crowds"", ""Perfect Rye Manhattan"", ""Cool spot"", ""great location"", ""best burger"", ""others"", ""bartenders"", ""rocks""]"
2hRjKO-1tOfZ0zL8C6CHkA,bRRlWJeuPtmI3UuGhh43Wg,Yolk Iron Works,Indianapolis,IN,"{American (New),Cafes,Breakfast & Brunch,American (Traditional),Coffee & Tea,Food,Restaurants}",2016-12-04,5.0,positive,0.99,"[""new favorite breakfast place"", ""extra crispy bacon"", ""challah French toast"", ""Excellent food"", ""excellent service"", ""sausage links"", ""biscuits"", ""gravy""]"
UxLMFo-WBrxlgME6vM0YRg,xHdekRjTK93GR2AgtvrtgQ,Growler's Taphouse,Tucson,AZ,"{Beer,Wine & Spirits,Restaurants,Bars,Sports Bars,American (New),Food,Beer Bar,Music Venues,Nightlife,Arts & Entertainment}",2018-04-16,4.0,positive,1.0,"[""great first visit"", ""excellent selections"", ""pork sliders"", ""beer selection"", ""hot salsa"", ""Growler"", ""Taphouse"", ""server"", ""food"", ""place"", ""lot"", ""chips""]"
g4ujvqodo1km7BbG8F0QOw,NMtUD873aWrNjljt3VOcFA,Juniper Commons,Philadelphia,PA,"{American (Traditional),Breakfast & Brunch,Restaurants,Diners}",2015-01-04,4.0,negative,0.45,"[""medium rare, nice sauce"", ""complimentary) zucchini bread"", ""Good G+T selection"", ""Good service"", ""Superb cheeseburger"", ""soft bun"", ""Cool ambience"", ""apartment  Cons"", ""Pros"", ""Tasty"", ""wife"", ""waitress"", ""cheeseburgers"", ""status"", ""review""]"
zZyWqG7EiPqC9iB-NnUYXQ,SwBhaxfQPbyhsi0QHUAN0A,Seminole Hard Rock Hotel & Casino Tampa,Tampa,FL,"{Food,Hotels,Coffee & Tea,Hotels & Travel,Restaurants,Casinos,Burgers,Bars,Nightlife,Arts & Entertainment,Event Planning & Services}",2014-08-25,4.0,positive,0.67,"[""several dining options"", ""non smoker"", ""nominal fee"", ""self control"", ""Smokey"", ""star"", ""allergies"", ""prices"", ""beverages"", ""sorts"", ""course"", ""hotel"", ""pricey"", ""parking"", ""entertainment"", ""ATM"", ""people"", ""gambling"", ""fun"", ""observer""]"
28F7TeJvaB2FP1vf1Xr9tQ,VRGYwKE_Z77frm5NwLvJhw,Burger Republic,Nashville,TN,"{Bars,Restaurants,Sports Bars,Burgers,Pubs,Nightlife,Armenian,American (Traditional)}",2016-07-14,2.0,negative,0.09,"[""4.5 star rating"", ""chain restaurant"", ""Red Robin"", ""Tuesday night"", ""place"", ""burgers"", ""vibe"", ""weekends""]"
uIYhNWj3-OsSLH6efqbnRQ,YGdUUAqeRT5Z7fYkpevEyA,Porterhouse,Eagle,ID,"{Food,Grocery,Seafood Markets,Restaurants,Beer,Wine & Spirits,Delis,Meat Shops,Sandwiches,Specialty Food}",2014-11-12,5.0,mixed,0.82,"[""11-2 sandwich times"", ""single taste bud"", ""other offerings"", ""real treat"", ""small side"", ""great quality"", ""lunch menu"", ""two sandwiches"", ""review"", ""grinder"", ""southwesterner"", ""steaks"", ""Food"", ""Price"", ""high""]"
39n06H82AMK1_bOPGJJHug,7UtzYHLViVa5WJW992f3fg,Sapore Italian Cafe,Manchester,MO,"{Italian,Restaurants}",2012-07-16,3.0,mixed,0.77,"[""dark, cool interior"", ""sweltering July heatwave"", ""two dinner companions"", ""other dining companion"", ""classic vodka martini"", ""strip mall"", ""refreshing change"", ""blue-cheese-stuffed olive"", ""new obsession"", ""Italian soup"", ""Caprese salad"", ""solid presentation"", ""negative reviews"", ""Chicken Marsala"", ""excellent cannoli"", ""future visit"", ""excellent martini"", ""dessert selection"", ""dessert menu"", ""pasta portions"", ""touch"", ""Italy"", ""Sapore"", ""problem"", ""party"", ""fact"", ""reservation"", ""drinks--bellinis"", ""anchovy"", ""food"", ""appetizers"", ""soup/salad"", ""entrees"", ""room"", ""mom"", ""grist"", ""establishment"", ""yelp"", ""terms"", ""sauce"", ""dish"", ""temperature"", ""leftovers"", ""comfort"", ""convenience"", ""home"", ""tiramisu"", ""run""]"
41b2ucn68EX9cM13ZV903Q,8E-FdOGepjxkEk-mP21rbA,Courtyard by Marriott St. Petersburg Clearwater,Clearwater,FL,"{Event Planning & Services,Hotels & Travel,Hotels,Venues & Event Spaces}",2013-02-22,3.0,mixed,0.57,"[""business traveler kind"", ""tourist kind"", ""one entree"", ""one beverage"", ""bad deal"", ""Cons Hallways"", ""last stay"", ""mini fridge"", ""Room cleaning"", ""hotel"", ""couple"", ""stays"", ""place"", ""Pros"", ""rooms"", ""essentials"", ""beds"", ""cafe"", ""NBD"", ""ball"", ""bag"", ""BK""]"
vs1f5Rpg2TwRfqvQpZJoEg,URGUfDvDj32V6Ot3lQYK_g,Terra Malia Designs,Santa Barbara,CA,"{Flowers & Gifts,Event Planning & Services,Shopping,Florists}",2015-08-19,5.0,mixed,0.79,"[""bridesmaids' bouquets"", ""full bloom"", ""Terra"", ""florist"", ""wedding"", ""work"", ""time"", ""venue"", ""husband"", ""needs"", ""budget"", ""florals"", ""draping"", ""ceremony"", ""reception"", ""concern"", ""flowers"", ""day"", ""heat""]"
tse0qavwbKNnnlsdZkpL2g,98mYebjHN_VXZapVm8Nmqg,SWEGS Kitchen - Mid-City,New Orleans,LA,"{Cafes,Burgers,Comfort Food,Restaurants,American (New),Sandwiches,Breakfast & Brunch,Pizza,Gluten-Free}",2017-02-19,5.0,positive,1.0,"[""Excellent healthy options"", ""wonderful lunch place"", ""NOLA dining"", ""turkey meatballs"", ""lots"", ""choices"", ""spaghetti""]"
MDd6ndWo-NKn4sMy6UvgnQ,hoYHhfn4w0mVjI60eHDHzA,Poke Bowl,Philadelphia,PA,"{Seafood,Poke,Food,Restaurants,Hawaiian}",2016-07-14,5.0,positive,0.99,"[""Northern Liberties"", ""everything"", ""food"", ""good"", ""place""]"
lhmu20G7vcQs9oaNb4bPUg,tzVLTQNUtiCAxUZmEuF0vQ,1 Tippling Place,Philadelphia,PA,"{Bars,Nightlife,Lounges,Cocktail Bars}",2014-03-14,4.0,positive,0.98,"[""great quiet,casual spot"", ""low key place"", ""happy hour cocktails"", ""alumni event"", ""old library"", ""good drinks"", ""moscow mules"", ""old fashioneds"", ""beers"", ""wines"", ""Everyone"", ""complaints""]"
yBcQi45-vXf9MeZS9ZXBmw,VeFfrEZ4iWaecrQg6Eq4cg,Cal Taco,Goleta,CA,"{Burgers,Cafes,Restaurants,Mexican,American (Traditional)}",2012-11-07,4.0,positive,0.97,"[""French fries"", ""onion rings"", ""burgers""]"
UqUIu24POjFJZ8v57ntYbQ,v72HalBu5fQIFTD-oqhSgQ,1200 Chophouse,St. Petersburg,FL,"{Steakhouses,American (New),Restaurants}",2014-11-30,1.0,negative,0.0,"[""good reviews"", ""Steak"", ""salad"", ""place""]"
VFFr-s2HPJBtBRyyBJVWaQ,GV-e7Op4aU98xkjjoKlRhA,Modesto Tapas Bar & Restaurant,Saint Louis,MO,"{Basque,Tapas Bars,Spanish,Restaurants,American (New)}",2009-08-03,5.0,mixed,0.66,"[""many great Spanish restaurants"", ""favorite Spanish place"", ""St. Louis"", ""country"", ""NYC"", ""Modesto"", ""places""]"
lq_0rwoH_wW_BhczRNx7iA,CuLjXvcxP_3_oKhSyq5UkA,Spa Aria,New Orleans,LA,"{Makeup Artists,Beauty & Spas,Skin Care,Massage Therapy,Day Spas,Eyebrow Services,Massage,Health & Medical,Hotels & Travel,Health Retreats}",2017-01-14,1.0,mixed,0.09,"[""two other guests"", ""gel nail polish"", ""worst hand/arm massage"", ""local nail salon"", ""manicure/pedicure aspect"", ""10-15 minutes"", ""current client"", ""nail technician"", ""time outs"", ""favorite part"", ""snarky comment"", ""20 degree weather"", ""extra fees"", ""blaring sign"", ""cash gratuity"", ""disappointing experience"", ""terrible spa"", ""Spa Aria"", ""several staff"", ""room charge"", ""receptionist"", ""phone"", ""someone"", ""way"", ""name"", ""water/refreshments"", ""kind"", ""color"", ""turn"", ""cuticle"", ""nose"", ""shirt"", ""tissue"", ""front"", ""Lady"", ""hands"", ""bacteria"", ""air"", ""Management"", ""employee"", ""clients"", ""everyone"", ""opportunity"", ""pressure"", ""lotion"", ""skin"", ""wind"", ""hold"", ""everything"", ""services"", ""Monteleone"", ""years"", ""week"", ""overhaul""]"
IDLGZOMnn6JTFXAZ3k8l6Q,uW2oyOCEN3RgS7j2MfUIkg,The Bearded Lady Barbershop,New Orleans,LA,"{Barbers,Beauty & Spas}",2018-06-09,5.0,positive,0.93,"[""hot shave"", ""facial massage"", ""Great shave"", ""great environment"", ""6 towels"", ""oils""]"
ac6jcBuWfzs5JYejC45OhA,kSQNBSWTLlo-SwR6IcpvHA,El Sol De Tala,Indianapolis,IN,"{Restaurants,Mexican}",2013-11-15,5.0,mixed,0.82,"[""regular dinner visits"", ""first visit"", ""El Sol"", ""BLOWN AWAY"", ""large cake"", ""Good job"", ""Birthday songs"", ""daughter"", ""waiter"", ""pina"", ""colodas"", ""margaritas"", ""food"", ""end"", ""meal"", ""staff"", ""desert"", ""sombreros"", ""FIREWORKS"", ""televisions"", ""gem"", ""order"", ""fajitas"", ""lunch""]"
3lwAyxwk0zxKI8JkINtXXQ,3yI-7C8JzbG-ZaSqAGHMAQ,TacoSon,Tampa,FL,"{Restaurants,Mexican}",2012-07-16,4.0,mixed,0.6,"[""hidden gem"", ""Taco Bus"", ""Taco Son"", ""breakfast burritos"", ""long night"", ""long lines"", ""restaurant"", ""everyone"", ""food"", ""Everything"", ""scratch"", ""freshness"", ""ingredients"", ""portions"", ""monies"", ""killer""]"
BAe2yGGtKYS2cuC77dyuIw,YxhdfdhRZjJHPFxaADnNVg,Conicelli Toyota of Conshohocken,Conshohocken,PA,"{Auto Repair,Automotive,Hotels & Travel,Car Rental,Body Shops,Car Dealers}",2016-12-19,2.0,mixed,0.12,"[""brand new PA state inspection"", ""oil change sticker"", ""used car"", ""safe condition"", ""one thing"", ""front tires"", ""tire shop"", ""son"", ""course"", ""warranty"", ""age"", ""Conicelli"", ""backside"", ""Money"", ""I95"", ""way""]"
IbOd5J6jv2y9qUylovHqwA,0zH0l4Jbf-oove3cLvrFOg,Vecchia Osteria,Newtown,PA,"{American (New),Italian,Restaurants,Event Planning & Services,Food,Coffee & Tea,Caterers}",2016-07-25,4.0,mixed,0.26,"[""Friday night"", ""paper towels"", ""toilet paper"", ""Food"", ""point"", ""1 star"", ""condition"", ""bathrooms""]"
ARaxXz4N90ew6wG-g5HLYg,mQvRi0nm84Www71d4qOheQ,Ekta Indian Cuisine,Bryn Mawr,PA,"{Seafood,Vegetarian,Restaurants,Indian}",2018-02-02,2.0,mixed,0.23,"[""awful service"", ""couple minutes"", ""entire 20 minutes"", ""customer service"", ""Great food"", ""site"", ""inconvenience"", ""situation""]"
jZ-VRHMJgWv6eNOdN-7Kzw,8LonS_bxNmCDk3FWiG9lzA,Tomo Sushi & Ramen,Philadelphia,PA,"{Japanese,Restaurants,Ramen,Sushi Bars}",2018-10-03,5.0,positive,0.98,"[""Cute Japanese restaurant"", ""Wonderful customer service"", ""new favorite go"", ""Old City"", ""great selection"", ""Fresh sushi"", ""amazing ramen"", ""menu""]"
JjzsXc2o_u0CbfKeJQPTNw,PY9GRfzr4nTZeINf346QOw,Peppermill Reno,Reno,NV,"{Event Planning & Services,Casinos,Beauty & Spas,Venues & Event Spaces,Arts & Entertainment,Day Spas,Hotels,Hotels & Travel}",2017-04-19,4.0,mixed,0.5,"[""drink order place"", ""call roommservice"", ""white phone"", ""abvionce"", ""reason"", ""4 people""]"
PUyYGCPFUVy7AHVqlI2-aQ,7-Vu4z0QdhCFizP-bHxoxQ,Pet's Best Friend Veterinary Hospital,Levittown,PA,"{Veterinarians,Pets}",2014-04-19,5.0,positive,1.0,"[""One great vet"", ""Doctor Jeffers"", ""best vets"", ""reasonable prices"", ""Dr Jeffers"", ""street road"", ""big time"", ""vitamin shot"", ""minimum charge"", ""Dr Pol"", ""compassion"", ""animals"", ""hours"", ""reptiles"", ""kind"", ""service"", ""practice"", ""type"", ""machinery"", ""pet"", ""adoption"", ""105.00""]"
RQ1MSJ6Rn4AZ2IJqEc6_vQ,Sw7qcWQ5_iOUjBZMhSxyOQ,Ted Peter's Famous Smoked Fish,South Pasadena,FL,"{Seafood,Burgers,Restaurants}",2015-11-18,5.0,positive,0.81,"[""Mahi Mahi"", ""large portion"", ""great"", ""meal"", ""fish"", ""Server""]"
35I5ZE_kWNVWy93K3Qb0rg,jeizWBHYh9bYkf-rey3Ekw,At Lash Studio,Tucson,AZ,"{Beauty & Spas,Eyelash Service,Day Spas}",2015-05-26,5.0,positive,1.0,"[""two other lash lounges"", ""Melissa"", ""craft"", ""lashes""]"
JFjQ5RntPGhsNO2agAEYtg,PY9GRfzr4nTZeINf346QOw,Peppermill Reno,Reno,NV,"{Event Planning & Services,Casinos,Beauty & Spas,Venues & Event Spaces,Arts & Entertainment,Day Spas,Hotels,Hotels & Travel}",2005-05-15,5.0,positive,0.88,"[""real drink glasses"", ""plastic fratboy cups"", ""Best casino"", ""amazing decorum"", ""big casinos"", ""hot tub"", ""2 deck blackjack"", ""4 deck"", ""Reno"", ""retinas"", ""restaurants"", ""strip"", ""factor"", ""rooms"", ""price"", ""chilllllll""]"
Ssfv4gZ_xynqi8ipfzAs3Q,cx2fwY66_xTNFo0p2EEC4g,Shere-E-Punjab,Media,PA,"{American (New),Indian,Event Planning & Services,Pakistani,Restaurants,Nightlife,Bars,Caterers}",2011-09-26,4.0,mixed,0.79,"[""chicken tikki masala"", ""varied dinner spots"", ""vegetable pakora"", ""one- YUM"", ""lamb roganjosh"", ""lamb vindaloo"", ""great addition"", ""lunch buffet"", ""hubby"", ""friend"", ""veggies"", ""hushpuppies"", ""entree"", ""dish"", ""sauces"", ""room"", ""tummy"", ""place"", ""staff/service"", ""Media"", ""weekdays"", ""wknds""]"
VQw3NHNQrJoxKpv-7Z8W2g,VcTddMHnMZeKibhRFWuqVw,Wagenwerx,Wyndmoor,PA,"{Auto Repair,Automotive}",2009-05-23,5.0,positive,0.96,"[""Howard"", ""man"", ""things"", ""VW"", ""weeks"", ""appointment""]"
QYulveDJFu7Qnl7EQKjG0w,jQBPO3rYkNwIaOdQS5ktgQ,The Fountain On Locust,Saint Louis,MO,"{Ice Cream & Frozen Yogurt,Food,American (New),Art Galleries,Shopping,Cocktail Bars,Arts & Entertainment,Restaurants,Nightlife,Chocolatiers & Shops,Specialty Food,Bars}",2018-02-11,5.0,positive,1.0,"[""chocolate ice cream"", ""Best desserts"", ""sinister""]"
gnEmBGyBs7DOtIXGmJQdKQ,GBTPC53ZrG1ZBY3DT8Mbcw,Luke,New Orleans,LA,"{German,Restaurants,Seafood,Cocktail Bars,French,Brasseries,American (New),Nightlife,Bars,Cajun/Creole,Breakfast & Brunch}",2015-08-19,4.0,mixed,0.65,"[""Great oyster happy hours"", ""Great value"", ""dozen oysters"", ""5-7"", ""boyfriend"", ""glass"", ""champagne"", ""tab"", ""tip"", ""cups"", ""town"", ""staff"", ""home""]"
o0RrxYEdVcKZtYKAEJCUNA,UCMSWPqzXjd7QHq7v8PJjQ,Prep & Pastry,Tucson,AZ,"{Restaurants,Cocktail Bars,Bars,Comfort Food,American (New),Sandwiches,Nightlife,Breakfast & Brunch}",2016-01-04,5.0,mixed,0.8,"[""green eggs"", ""bloody marys"", ""EXO coffee"", ""local coffee"", ""great breakfast"", ""great coffee"", ""long wait"", ""free pastry"", ""Prep"", ""weekends"", ""food"", ""ham"", ""mimosas"", ""birthday""]"
BSX4AOxPmMXTrgaqJJwt-w,GaktVVj3HWX0sVMlCXCWZw,Swill Coffee and Wine,Reno,NV,"{Wine Bars,Beer,Wine & Spirits,Local Flavor,Coffee & Tea,Bars,Food,Nightlife}",2017-06-27,4.0,positive,1.0,"[""iced dirty chai"", ""local artists art"", ""Great variety"", ""current favorite"", ""Table sizes"", ""coffees"", ""teas"", ""staff"", ""existence"", ""person"", ""everyone"", ""vibe""]"
I7XGtAW-KkzVDvtCvXAY0g,jsUzVBGEIoer6l_fxbad2A,Homejoy,Philadelphia,PA,"{Home Organization,Local Services,Office Cleaning,Carpet Cleaning,Handyman,Professional Services,Home Services,Home Cleaning}",2014-03-15,1.0,mixed,0.5,"[""worker"", ""review"", ""company"", ""price"", ""alignment"", ""service"", ""hours"", ""way"", ""someone"", ""craigslist""]"
wXcsMgO27jDlr_8xuhn-pQ,ruFtZKwlJASx5BTk1dh5AQ,Wendy's,Sparks,NV,"{Fast Food,Restaurants,Hot Dogs,Burgers}",2010-03-14,5.0,positive,0.96,"[""best fast food burgers"", ""new Bacon-Bleu cheeseburger"", ""Dave Thomas""]"
gciXwamF0DoYp7WFqwl1vA,4UtvsfTmnEuvQTwPcNq71Q,"Simokaitis Francis, DDS",Saint Louis,MO,"{Dentists,General Dentistry,Oral Surgeons,Health & Medical}",2011-01-08,5.0,positive,0.99,"[""top quality dentist"", ""great dentist"", ""nice guy"", ""gentle manner"", ""sincere interest"", ""excellent choice"", ""many others"", ""Frank"", ""patients"", ""general"", ""person"", ""market"", ""years""]"
yEs51XOFi4dmEfBAkCAFPQ,JOvNunKJlWhwJRwLmUR9ZA,Tryst Gastro Lounge,St Petersburg,FL,"{Bars,Beer,Wine & Spirits,Restaurants,Lounges,Tapas/Small Plates,Mediterranean,Food,Nightlife}",2016-09-06,4.0,positive,0.98,"[""sidewalk lounge seating"", ""trendy waterfront area"", ""nice spot"", ""DJ"", ""bar"", ""decor"", ""appetizers""]"
_zfr4ImlsKPKO7NClwlDvA,skJ1w8B5YusIibyxH4ohxQ,Fulton Alley,New Orleans,LA,"{Active Life,American (New),Bowling,Lounges,Arts & Entertainment,Restaurants,Nightlife,Southern,Cocktail Bars,Venues & Event Spaces,Music Venues,Bars,Event Planning & Services}",2014-10-11,5.0,mixed,0.77,"[""happy hour offerings"", ""great deal"", ""pork sliders"", ""fun time"", ""great atmosphere"", ""office"", ""Friday"", ""food"", ""drinks"", ""specials"", ""beignets"", ""dessert"", ""Staff""]"
lkdzFSsG-W1v7pP3nFMrGQ,USekrAG0-4tJUs9V2gBBOQ,The Honu,Dunedin,FL,"{Poke,Breakfast & Brunch,Parks,Mexican,Soup,Nightlife,Food,American (New),Restaurants,Bars,Music Venues,Active Life,Sandwiches,Tiki Bars,Hawaiian,Seafood,Arts & Entertainment,Dog Parks,Tex-Mex,Salad}",2016-10-14,5.0,positive,1.0,"[""great fresh, fresh food"", ""warm October evening air"", ""Great service"", ""great host"", ""light bite"", ""beautiful atmosphere"", ""wonderful place"", ""Lisa"", ""menu""]"
DJYMt0yId5Xm_ntDDSlCcQ,J1O2KJ57jnAZlsdaNQCyCQ,Lush Fresh Handmade Cosmetics,New Orleans,LA,"{Beauty & Spas,Shopping,Cosmetics & Beauty Supply}",2010-03-13,5.0,positive,0.93,"[""S.F."", ""San Jose"", ""New Orleans"", ""favorite one"", ""Lush store"", ""Arizona"", ""Maui"", ""Halloween""]"
C9Bu77mOcT8O5M1YaTlDAQ,sB45WFgysT617bKWP_WJwA,Budweiser Brewery Experience,Saint Louis,MO,"{Bars,Beer Gardens,Food,Breweries,Nightlife,Tours,Pubs,Wine Tours,Beer Tours,Hotels & Travel}",2017-06-28,5.0,positive,1.0,"[""first time visit"", ""next time"", ""Beer School"", ""Brew Master"", ""favorite brewery"", ""Brewery tour"", ""The"", ""world"", ""husband"", ""STL"", ""family"", ""friends"", ""Clydesdales"", ""outs"", ""Budweiser""]"
QS_m_ymnK6WT-LMnnkF-jA,UCMSWPqzXjd7QHq7v8PJjQ,Prep & Pastry,Tucson,AZ,"{Restaurants,Cocktail Bars,Bars,Comfort Food,American (New),Sandwiches,Nightlife,Breakfast & Brunch}",2015-11-18,4.0,mixed,0.82,"[""4-5 extra bits worth"", ""Fancy Breakfast Sandwich"", ""Tasty selection"", ""One complaint"", ""actual size"", ""sweet tooth"", ""french toasts"", ""great results"", ""Great mimosas"", ""Doc omelet"", ""omelets"", ""difference"", ""prosciutto"", ""bacon""]"
bIFYvAi3D5HdSvOjTI63GQ,Af2UlNzQSiZCapJ6qtwu6g,TFA The Future Antiques,Saint Louis,MO,"{Home & Garden,Furniture Stores,Used,Vintage & Consignment,Fashion,Department Stores,Local Flavor,Jewelry,Shopping,Antiques}",2012-06-26,4.0,positive,0.93,"[""favorite stores"", ""Great store"", ""Midcentury"", ""prices"", ""STL"", ""kind"", ""50""]"
KKh4x2x5aaQyupz8du9_Vg,CVrU9WrUHs2SShb6RRMwVA,Xenos Candy 'N' Gifts,Philadelphia,PA,"{Specialty Food,Food,Candy Stores,Gift Shops,Shopping,Souvenir Shops,Flowers & Gifts}",2018-09-25,5.0,positive,0.92,"[""cute shop"", ""owner"", ""lot"", ""spots"", ""city""]"
du1YuJ9Bwrz60HYvdHxGZQ,GhBVWW32PVRmBwetZWIHnA,Hampton Inn St. Louis/Sunset Hills,Saint Louis,MO,"{Hotels,Bed & Breakfast,Event Planning & Services,Hotels & Travel}",2018-08-14,1.0,mixed,0.17,"[""four night stay"", ""STAY AWAY"", ""gold member"", ""constant construction"", ""Hamptons"", ""room"", ""chance"", ""appointments""]"
DAzApIcAqWgDGTuAzfZt7Q,6kAXOzE7fqaBZINQV_-_mg,Kien Giang,Nashville,TN,"{Vietnamese,Restaurants}",2011-11-30,5.0,mixed,0.72,"[""good Vietnamese restaurant"", ""good place"", ""fried rice"", ""best Pho"", ""first time"", ""Nashville"", ""Seattle"", ""department""]"
Took2Zx2nfXjtOfLhQI9tA,8uF-bhJFgT4Tn6DTb27viA,District Donuts Sliders Brew,New Orleans,LA,"{Food,Donuts,Burgers,American (Traditional),Coffee & Tea,Restaurants}",2016-07-03,5.0,positive,0.89,"[""awesome place"", ""Delicious sliders"", ""unique drinks"", ""Awesome atmosphere"", ""condo"", ""donuts"", ""staff""]"
GnloZSSEp60TE6YcR_cszg,goexJ699bcLWGtL0E1G_GA,The Alexander,Indianapolis,IN,"{Event Planning & Services,Hotels & Travel,Hotels}",2014-02-05,5.0,mixed,0.87,"[""cool outdoor rooftop seating area"", ""cool urban art"", ""keurig coffee machine"", ""large luxurious shower"", ""comfortable california king"", ""complementary truffle popcorn"", ""Bankers Field house"", ""one set price"", ""modern art museum"", ""one night"", ""art work"", ""AAA discount"", ""parking structure"", ""easy process"", ""interesting piece"", ""comfy robes"", ""great decor"", ""fun environment"", ""Market Place"", ""good food"", ""quick getaway"", ""Colts game"", ""Pacers game"", ""Indianapolis"", ""hotel"", ""boyfriend"", ""lot"", ""garage"", ""stay"", ""check"", ""service"", ""room"", ""tickets"", ""drinks"", ""dinner"", ""Plat"", ""timeline"", ""cocktails"", ""bar"", ""breakfast"", ""buffet"", ""11am"", ""concierge"", ""30 minutes""]"
82O69BTaAmwLGb4z20wUiA,tFUJRLtNgIGg8ifaDtM_Kg,Perfect Arch,Indianapolis,IN,"{Beauty & Spas,Hair Removal,Eyelash Service}",2018-03-23,1.0,mixed,0.62,"[""Great talent"", ""Perfect Arch"", ""time"", ""28am"", ""11am"", ""employee"", ""service"", ""Tsk"", ""3""]"
TQN0eJDa-BzNK_BMP4wuUg,LnZvGYbqozanOSevcftnrw,HipCityVeg - University City,Philadelphia,PA,"{Sandwiches,Food,Burgers,Restaurants,Vegan,Desserts}",2018-03-15,4.0,positive,0.95,"[""first vegan meal"", ""chipotle \""chicken\"" wrap"", ""sweet potato fries"", ""delicious looking desserts"", ""siraracha aioli"", ""quaint spot"", ""university city"", ""cabbage"", ""location"", ""staff""]"
kaig0jLD975wUkXCHwSsnw,G0xz3kyRhRi6oZl7KfR0pA,Esporta Fitness,East Norriton,PA,"{Yoga,Gyms,Trainers,Fitness & Instruction,Active Life,Sports Clubs}",2017-05-13,1.0,mixed,0.47,"[""one day pass"", ""guest pass"", ""Staff member"", ""first time"", ""Retro fitness"", ""free trial"", ""option"", ""LOL""]"
ly8zfN5hp4s57_MfL6sOEA,geUiM_VTRmUz6dViO7E-jg,Brixx Wood Fired Pizza,Fishers,IN,"{Pizza,Nightlife,Bars,Sandwiches,Gluten-Free,Vegan,Salad,Wine Bars,Restaurants,Beer Bar}",2017-07-18,5.0,positive,0.94,"[""sized lunch options"", ""gluten-free options"", ""perfect stop"", ""pizza"", ""Brixx"", ""win"", ""menu"", ""wrap"", ""bar"", ""work"", ""patio""]"
FNvdUOSG54IXzTXTYT6F9Q,1lXdhiMNyUxtBlEAeRYCvQ,Grabbagreen - Franklin,Franklin,TN,"{Restaurants,Food,Gluten-Free,Juice Bars & Smoothies,Vegetarian,Salad,Fast Food}",2018-01-21,5.0,positive,0.88,"[""meat eaters"", ""healthy place"", ""vegetarians"", ""vegans""]"
UVyf-nDeSNrpJsDpbHJZGg,3pCdFDNxXEKCW0Y_r77Qpg,Love it! Frozen Yogurt,Jamison,PA,"{Ice Cream & Frozen Yogurt,Food}",2012-12-04,5.0,positive,1.0,"[""best frozen yogurt"", ""central bucks area"", ""initial review"", ""time"", ""everyone"", ""flavors"", ""location"", ""rival""]"
lNioGFDOBciKxNd2ScWz7w,k2SEley3DZTGb2RpnYr7Rw,Camden Lakes,St. Petersburg,FL,"{Real Estate,Home Services,Apartments}",2016-02-11,5.0,positive,0.98,"[""peaceful environment"", ""leasing office"", ""nice experience"", ""peaceful  stay"", ""St. Petersburg"", ""apartment complex"", ""lakes"", ""staff""]"
LyvpeUzOTmdPcg0VreiNIQ,JLixvCikc5JYGcnvaqHoJg,21st Amendment at La Louisiane,New Orleans,LA,"{Nightlife,Bars}",2015-09-09,5.0,mixed,0.68,"[""amazing Jazz band"", ""The Vieux Carre"", ""small place"", ""small room"", ""NOLA"", ""bar"", ""prohibition"", ""side"", ""coach"", ""cocktail""]"
3EW04QGhYTskWEzKDewhoA,z680Aylt8wN2KAeFM1hy-A,Chatham Tap Mass. Ave.,Indianapolis,IN,"{Bars,British,Pubs,Nightlife,Pizza,Restaurants,Chicken Wings}",2012-04-28,5.0,positive,1.0,"[""new experience"", ""team win"", ""great time"", ""Great place"", ""footy"", ""town"", ""work"", ""blues"", ""barfalona"", ""Chatham"", ""Tuesday"", ""$4 Guiness"", ""Black"", ""Tans"", ""fish"", ""chips"", ""texture"", ""donut"", ""pub""]"
cbYsdDN5bomxCXCNnMps6g,my0bmPD5dgDFE1ia__LNlw,Nails & Beauty Lounge,Brandon,FL,"{Beauty & Spas,Waxing,Nail Salons,Hair Removal}",2018-08-23,5.0,positive,0.89,"[""several nail salons"", ""2 different people"", ""amazing work"", ""place"", ""friend"", ""Tampa"", ""designs"", ""stuff"", ""Instagram"", ""hour"", ""Pamela"", ""Steven""]"
ac8npV9fJuZ0eCUwZZ7Muw,3rgOVhF4xTn9obQ5tIe0AA,Idaho Storage Connection - Franklin,Boise,ID,"{Parking,Automotive,Local Services,Self Storage}",2017-04-07,5.0,positive,1.0,"[""snowy December evening"", ""travel nurse"", ""storage shed"", ""storage experiemce"", ""Belinda"", ""Jerry"", ""car"", ""Boise"", ""winter"", ""Balinda"", ""luggage"", ""service""]"
jAhIJTYtHsZKSvGknSwMcg,18eWJFJbXyR9j_5xfcRLYA,Siam Elephant,Carpinteria,CA,"{Restaurants,Thai}",2011-02-15,4.0,positive,0.93,"[""Real Thai food"", ""pet pet"", ""excellent flavor"", ""Thai curries"", ""soups"", ""eggrolls"", ""girlfriend"", ""veggie"", ""meat""]"
BYWRwOtiLsmABTG2yIHUMg,sdFJSq-EgmtplIwUamRwTQ,Bayou Burger & Sports Company,New Orleans,LA,"{Beer,Wine & Spirits,Burgers,Nightlife,Bars,Food,Restaurants,Sports Bars}",2015-12-05,5.0,positive,0.99,"[""Best burger restaurant"", ""Gator burger"", ""deer burger"", ""New Orleans"", ""timely manner"", ""first place"", ""buffalo wings"", ""guys"", ""Service"", ""point"", ""food"", ""Atlanta"", ""friends"", ""drinks""]"
VOwUVGul2OD0jZWYG1Nf1g,kf4tZnNr7Jdl9BaqNl5dmw,Safelite AutoGlass,Reno,NV,"{Automotive,Body Shops,Auto Glass Services,Windshield Installation & Repair}",2015-05-12,5.0,mixed,0.57,"[""Best service"", ""best prices"", ""phone call"", ""Waiting area"", ""free suckers"", ""dumb girl"", ""fast glass"", ""town"", ""last"", ""guys"", ""moment"", ""someone"", ""windshield"", ""ticket"", ""day"", ""inside"", ""car"", ""windows"", ""tea"", ""water"", ""person"", ""Ill""]"
gj_usrjf1TIkh73H-QO3uw,j99PtxlKTW_u5alE4jiqHQ,Ralphs Italian Restaurant,Philadelphia,PA,"{Restaurants,Italian}",2011-10-27,5.0,positive,0.93,"[""Old school feeling"", ""home-made garlic bread"", ""new favorite dish"", ""new dish"", ""clams casino"", ""gorgonzola sauce"", ""boyfriend"", ""3 floors"", ""food"", ""veal"", ""mussles"", ""pasta"", ""oil"", ""Staff"", ""area"", ""gnocchi"", ""place""]"
0NC0xZyq4EQgUZvvWiFraQ,1_nd9Hcswx4K4FmZZQPMVw,Rosemary's Grill,Langhorne,PA,"{Middle Eastern,Mediterranean,American (New),Restaurants}",2014-02-24,5.0,mixed,0.9,"[""Mixed grill kebab platter"", ""Classic American food"", ""common chain restaurants"", ""traditional Turkish cuisine"", ""French onion soup"", ""gyro kebab meats"", ""Saturday night place"", ""enough good things"", ""family owned business"", ""The Adana kebab"", ""best kebab"", ""good quality"", ""favorite place"", ""favorite resaurant"", ""many reasons"", ""many categories"", ""great care"", ""shepherds salad"", ""flat bread"", ""crab cakes"", ""roast turkey"", ""mashed potatoes"", ""cranberry sauce"", ""portion sizes"", ""left overs"", ""salad bar"", ""rice pudding"", ""Rosemary"", ""wife"", ""Mother"", ""law"", ""menu"", ""attention"", ""detail"", ""part"", ""dinner"", ""Lamb"", ""Chicken"", ""tomatoes"", ""course"", ""taste"", ""mom"", ""orders"", ""corn"", ""everything"", ""gravy"", ""home"", ""area"", ""entrees"", ""sides"", ""drinks"", ""breakfast"", ""lunch"", ""waitstaff"", ""owners"", ""iPad""]"
cvL4g3ycHGJIA2azYMnkHw,oLc7k78_YcDMnMCdbC-h1A,Lucy's Retired Surfers Bar & Restaurant,New Orleans,LA,"{American (Traditional),Bars,Nightlife,Restaurants}",2017-04-19,4.0,positive,1.0,"[""friendly staff"", ""nice environment"", ""crowd"", ""$3.50 margarita"", ""Tuesdays""]"
lAjAKzVgkUHcq1aLHzDBDA,KIph7iH97vnDrgcdaqEMFQ,Golden House,Ambler,PA,"{Restaurants,Chinese}",2013-03-19,2.0,neutral,0.04,"[""basic general tso"", ""East Cuisine"", ""place"", ""2am"", ""test""]"
3djwsoWuYzfE8VD3jlNd8Q,I6L0Zxi5Ww0zEWSAVgngeQ,Cafe Beignet on Bourbon Street,New Orleans,LA,"{Sandwiches,Breakfast & Brunch,Cajun/Creole,Cafes,Food,Restaurants,Donuts}",2015-07-17,4.0,mixed,0.28,"[""Cafe du Monde"", ""calm little oasis"", ""nice alternative"", ""real kicker"", ""Bourbon St."", ""garbage men"", ""live music"", ""full breakfast"", ""crawfish omelet"", ""Cajun hashbrowns"", ""other stuff"", ""street washers"", ""beignets"", ""line"", ""holiday"", ""name"", ""8:30""]"
M_JypFlbEUklwMGoyVknFQ,z680Aylt8wN2KAeFM1hy-A,Chatham Tap Mass. Ave.,Indianapolis,IN,"{Bars,British,Pubs,Nightlife,Pizza,Restaurants,Chicken Wings}",2015-07-03,5.0,mixed,0.85,"[""Pear Gorgonzola Melt"", ""one plate"", ""good sandwich"", ""good price"", ""footy games"", ""THE FOOD"", ""Monday"", ""7pm"", ""place"", ""bartender"", ""drinker"", ""amazingness"", ""clientele"", ""ages"", ""backgrounds"", ""Nutshell""]"
TW4DXj74C82qhGjOgnmjyQ,rKlPSPn0wF5tkCrWZzBnbA,Audubon Ale House,Audubon,PA,"{Restaurants,American (Traditional)}",2012-11-06,4.0,mixed,0.5,"[""nice friendly staff"", ""Great place"", ""cleanest place""]"
TYlg6gI90FvJt5aSWHf8ow,kf4tZnNr7Jdl9BaqNl5dmw,Safelite AutoGlass,Reno,NV,"{Automotive,Body Shops,Auto Glass Services,Windshield Installation & Repair}",2015-04-01,5.0,mixed,0.76,"[""hard work team"", ""corporate office"", ""several windshield"", ""side windows"", ""site repairs"", ""staff"", ""place"", ""Mike"", ""care"", ""84 Toyota"", ""advantage"", ""people"", ""weight"", ""gold"", ""kindness"", ""respect"", ""everyone""]"
h67ml8WCL7N5yhSBJtdoPw,j5U5O3scMvPe67jzJcWFug,Zaxby's Chicken Fingers & Buffalo Wings,Tampa,FL,"{Restaurants,Chicken Shop,Chicken Wings,Salad,Fast Food}",2017-08-16,5.0,mixed,0.55,"[""female counter gal"", ""hot honey mustard"", ""chicken finger sandwiches"", ""first Yelp review"", ""chicken fingers"", ""road trip"", ""chicken-finger connoisseur"", ""central Tampa"", ""fast-food workers"", ""Disney employees"", ""solid 4 stars"", ""Texas toast"", ""spicy bbq"", ""blue cheese"", ""hot sauce"", ""small issues"", ""good job"", ""southern twist"", ""fast food"", ""Buffalo-Inspired food"", ""Serving ranch"", ""sauce variety"", ""genre"", ""NY"", ""place"", ""chance"", ""sorts"", ""beach"", ""service"", ""pride"", ""jobs"", ""people"", ""Zaxby"", ""cool-aid"", ""manager"", ""franchisee"", ""way"", ""everything"", ""points"", ""insult"", ""folks"", ""cuisine"", ""bread"", ""meal"", ""change"", ""drinks"", ""fan"", ""marks""]"
U8ym9DZFtB1xOOcWA-qFJw,_cdy7hVc32mleVooP8x0Sw,The Roost,Fishers,IN,"{Sandwiches,Restaurants,Breakfast & Brunch}",2014-09-09,5.0,positive,0.99,"[""Dear Lord"", ""breakfast burrito"", ""The Roost"", ""nice portion"", ""biscuits"", ""gravy"", ""pancakes"", ""sausage"", ""coffee"", ""cup"", ""road"", ""wait"", ""weight""]"
lZQ_PekQKGo9HaAPgbRQbA,GnaqAXKMD912QaP14fi9HQ,Sugar Coated,Carmel,IN,"{Food,Bakeries,Cupcakes,Desserts}",2013-11-14,5.0,mixed,0.68,"[""enough great things"", ""signature cream cheese"", ""classic' cupcake person"", ""signature flavors"", ""full flavor"", ""right texture"", ""decorative detailing"", ""Sugar Coated"", ""goodies"", ""kitchen"", ""YET"", ""Everything"", ""delicate"", ""TIME"", ""LOVE"", ""piece"", ""goodness"", ""melt"", ""mouth"", ""sort"", ""cookie"", ""favor""]"
ndy1YoqgJ6BXsqPvFs9mkg,B7nlRFe3EeQwAWpUpefGHA,Provisions Coffee & Kitchen,Wesley Chapel,FL,"{Bakeries,Coffee & Tea,Bars,Donuts,Beer Bar,Food,Bubble Tea,Restaurants,Nightlife,Breakfast & Brunch,Gluten-Free,Vegan,Cafes,Acai Bowls}",2017-08-28,3.0,mixed,0.52,"[""cute spot"", ""homemade coffee"", ""Adorable concept"", ""friend"", ""improvement"", ""products"", ""prices""]"
qSCCNv6JsHpQL8_uJoL9zQ,zSqTndm5Alq9dW1PyzbdTA,Grand Isle,New Orleans,LA,"{Seafood,Southern,Food,Live/Raw Food,Restaurants,Desserts,Local Flavor}",2017-07-18,5.0,positive,1.0,"[""excellent cheesy grits"", ""75 cent oysters"", ""happy hour"", ""Great place"", ""2 dozen""]"
ygMbam6uaFGXxvSKj-q51A,4u4njx79dMrXNhbRFHjG8A,HK NOLA,New Orleans,LA,"{Food,Kosher,Caterers,Desserts,Organic Stores,Restaurants,Juice Bars & Smoothies,Bakeries,Religious Organizations,Event Planning & Services,Cafes,American (New)}",2017-02-09,5.0,mixed,0.86,"[""favorite breakfast item"", ""local farmers"", ""sourdough toast"", ""fried egg"", ""sweet potatoes"", ""place"", ""town"", ""food"", ""fishermen"", ""lot"", ""veggies"", ""variety"", ""everything"", ""Carly"", ""Avocado""]"
r34W_h6NEMvBIpT2h53GQw,t0XZeA0MP0P66QyLQn_NUw,Yellow Submarine,Sparks,NV,"{Restaurants,Sandwiches,Soup,Vegan}",2016-07-15,5.0,positive,0.87,"[""conversation movement"", ""great environment"", ""Yellow Subs"", ""Tank Tops"", ""must"", ""Reno"", ""sprouts"", ""people"", ""earth"", ""food"", ""T-shirts"", ""future"", ""5 stars"", ""service"", ""seating"", ""peers""]"
fD6OZa4gKbYQ3KXBL05B6Q,ySSOZ_fz7wMhfjhWKzdR-w,Johnny Rockets,Reno,NV,"{Burgers,Restaurants,Fast Food,American (Traditional),Sandwiches,Diners}",2013-01-03,3.0,mixed,0.44,"[""initial wait"", ""first time"", ""side salad"", ""Tina"", ""waitress"", ""4 stars"", ""food"", ""3""]"
cuBwtPrWFwo7VWRNHXlySQ,wnjFEC-w0qWnyDnO8k1RpA,Nectar Urban Cantina,Nashville,TN,"{Coffee & Tea,New Mexican Cuisine,Restaurants,Tacos,Acai Bowls,Food,Nightlife,Mexican,Bars,Juice Bars & Smoothies}",2018-07-08,5.0,positive,0.96,"[""new favorite local spot"", ""good ambiance"", ""great food"", ""Love"", ""drinks"", ""salsa"", ""salads"", ""friends"", ""margarita""]"
psxbpQH6lDnBpXli53uxIw,7R_LxvRPu3qMc8xMhP0POw,Mo's a Place For Steaks,Indianapolis,IN,"{Steakhouses,Restaurants}",2014-11-30,4.0,positive,0.99,"[""Great service"", ""food"", ""soups"", ""steak"", ""medium""]"
wUHUieO_gckt0HcrrI63PQ,Dv6RfXLYe1atjgz3Xf4GGw,HipCityVeg,Philadelphia,PA,"{Burgers,Vegetarian,Restaurants,Vegan}",2013-02-22,5.0,mixed,0.77,"[""random \""diet\"" binges"", ""health-food nut"", ""delicious salads"", ""other people"", ""Good company"", ""vegetarian"", ""place"", ""worker"", ""something"", ""front"", ""monster"", ""smile"", ""tons""]"
AjH2OSOcGUrTf__5eRVVjw,BJsImYl47kF-98HWXm0Dvg,Regis Salon,Clearwater,FL,"{Hair Salons,Beauty & Spas}",2016-11-22,1.0,mixed,0.16,"[""Regis Hair salon"", ""worst haircut"", ""crappie haircut"", ""Angie"", ""2 photos"", ""attention"", ""mans"", ""place"", ""Holidays""]"
Zu6bgZauDRpbjosFFO7p2w,vD2jzpPv4iyOLKzITscGvA,Farmhaus Restaurant,Saint Louis,MO,"{Wine Bars,American (New),Cocktail Bars,Restaurants,American (Traditional),Nightlife,Bars}",2013-01-28,5.0,mixed,0.8,"[""sweet potato nachos"", ""Perfect place"", ""date night"", ""breakfast"", ""everything""]"
c-usX9SzJAC5BA0R6iNNJw,quCIR7UcrMmpaKXYwet8pw,Convivio Italian Artisan Cuisine,Carmel,IN,"{Restaurants,Pizza,Salad,Italian}",2016-12-19,5.0,mixed,0.68,"[""minor quirks"", ""tortelloni pansotti"", ""best pasta"", ""frequent diners"", ""dinner"", ""Convivio"", ""service"", ""wine"", ""stock"", ""fact"", ""kinks"", ""owner"", ""table"", ""food""]"
s9ieTQEl3ImVSkTRrP4-3g,T3muepcwD45gHLWcpaNNDQ,See's Candies Seasonal Location,Tampa,FL,"{Candy Stores,Chocolatiers & Shops,Specialty Food,Shopping,Food,Flowers & Gifts,Gift Shops}",2016-12-04,4.0,positive,0.81,"[""H&M clothing store"", ""one assorted chocolate candies"", ""typical sample candies"", ""California base bakery"", ""International Plaza Mall"", ""temporary store"", ""store clerk"", ""lollipop candies"", ""dark chocolate"", ""Guilty pleasure"", ""sweet side"", ""Mail order"", ""Florida"", ""wife"", ""Tampa"", ""Thanksgiving"", ""Easter"", ""samples"", ""nut"", ""mint"", ""toffee"", ""milk"", ""white"", ""touch"", ""web"", ""shipping""]"
YPrUSWTzdbOQnRShO8caPw,oha2U5XJzc6IQdenpsxN1Q,Tarpon Springs Aquarium and Animal Sanctuary,Tarpon Springs,FL,"{Tours,Hotels & Travel,Active Life,Zoos,Aquariums,Amusement Parks}",2008-12-06,3.0,positive,0.96,"[""shark feeding show"", ""small aquarium"", ""first place"", ""Tarpon Springa"", ""small children"", ""kids"", ""stingrays"", ""food""]"
KEY5K6jrl18LLtyZ8bfDxg,KgozvZ1UFfXuJToqe8CfQg,Fortune Chinese Restaurant,Philadelphia,PA,"{Chinese,Restaurants}",2015-11-06,4.0,positive,0.98,"[""simple Chinese takeout"", ""best place"", ""food"", ""people""]"
wJW1E6IBVWpVf3w50DfCKg,qdL-EbgoA7Gq_2u4e4YvLw,Harry's Blue Bell Taproom,Blue Bell,PA,"{Nightlife,Bars,American (Traditional),Salad,Beer Bar,American (New),Restaurants}",2015-10-23,5.0,mixed,0.75,"[""Shrimp Po Boy"", ""perfect side dishes"", ""Quaint place"", ""great ambience"", ""cole slaw"", ""first visit"", ""food"", ""service"", ""fries""]"
IgfUV2Ggcl36kS7mv8wsaw,MkJ5kdhX3Jl48ykeMEVVIw,Martin Main Line Honda,Ardmore,PA,"{Car Dealers,Auto Repair,Used Car Dealers,Automotive}",2014-05-08,1.0,negative,0.03,"[""customer service department"", ""one day process"", ""entire process"", ""sales department"", ""biggest mistake"", ""sales team"", ""sales guy"", ""numerous occassions"", ""big surprise"", ""sales person"", ""numerous things"", ""rear window"", ""original agreement"", ""Saturday night"", ""previous experience"", ""same run"", ""correct person"", ""timely matter"", ""good look"", ""managements part"", ""warranty company"", ""sales manager"", ""loaner car"", ""finished car"", ""back windshield"", ""place"", ""something"", ""voicemail"", ""job"", ""answer"", ""decency"", ""tint"", ""view"", ""inspection"", ""papers"", ""paperwork"", ""price"", ""math"", ""numbers"", ""fault"", ""amount"", ""office"", ""2.5 hours"", ""weekend"", ""dealership"", ""vehicle"", ""bottom"", ""kind"", ""rain"", ""trunk"", ""someone"", ""complaints"", ""professional"", ""way"", ""help""]"
nDH6ctdQskr7_V_ot3_mVw,mUIBtlWNPD7sz3rGGWQ1RA,Kanella,Philadelphia,PA,"{Mediterranean,Food,Greek,Restaurants,Breakfast & Brunch}",2013-08-03,5.0,mixed,0.69,"[""last minute Friday night reservation"", ""many organic meat choices"", ""organic beef shishkabob"", ""Pistachio creme brulee"", ""black eyed peas"", ""pure pistachio heaven"", ""green peas"", ""five stars"", ""best restaurant"", ""uncouth dog"", ""substantive crunch"", ""chicken dish"", ""fantastic rice"", ""culinary vocabulary"", ""traditional zatar"", ""super light"", ""rich custard"", ""priced restaurant"", ""purslane salad"", ""time constraints"", ""napkin placement"", ""Chicago"", ""Philadelphia"", ""Everybody"", ""restaurants"", ""Tahini"", ""bread"", ""table"", ""crack"", ""bowl"", ""menu"", ""onions"", ""plant"", ""middle"", ""garden"", ""husband"", ""flavoring"", ""spices"", ""addition"", ""blend"", ""dessert"", ""diner"", ""feeling"", ""top"", ""service"", ""caveat"", ""dinner"", ""hour"", ""15 minutes"", ""order"", ""meal"", ""restroom"", ""waiter"", ""sign"", ""waitstaff"", ""Philly"", ""expensive"", ""Kudos"", ""chef""]"
y1CYqccQLsn8GGXYS4q6tQ,VbItL6RDULtnw4YvB6EhVg,Jon's Bar & Grille,Philadelphia,PA,"{Tex-Mex,Restaurants,American (Traditional),Nightlife,Bars}",2008-04-30,1.0,neutral,0.06,"[""frozen pizza"", ""beer"", ""Nuff""]"
OMUO1w4zd02SWAtdPOOmDw,V378VWx4D8BstWNRFwDULg,Icesmile,Tampa,FL,"{Ice Cream & Frozen Yogurt,Food,Desserts}",2018-07-08,1.0,negative,0.0,"[""Whole family"", ""frozen yogurt""]"
2xlNGuN8naQTHO3_xY0lGw,yDiWYpuzRxcTgSi_O4JZpQ,Masala Kitchen,New Castle,DE,"{Vegetarian,Ethnic Food,Food,Specialty Food,Restaurants,Fruits & Veggies,Indian,Vegan}",2017-03-27,5.0,mixed,0.39,"[""authentic Indian street food"", ""different things"", ""bhel puri"", ""aloo tikki"", ""pav bhaji"", ""place"", ""samosa"", ""dabeli"", ""kulfi"", ""Everything""]"
5A4UeqNs0RJ91tKuIIA9pw,WIv5kTb_P3jnngPkMeRRNw,Jay's Favorite Sushi Bar,Philadelphia,PA,"{Sushi Bars,Restaurants,Japanese}",2012-02-29,3.0,mixed,0.47,"[""combination deals"", ""smaller side"", ""rolls"", ""sushi"", ""Sashimi"", ""price"", ""joint"", ""service"", ""place"", ""BYO"", ""beers""]"
BiTunyQ73aT9WBnpR9DZGw,7ATYjTIgM3jUlt4UM3IypQ,Body Cycle Spinning Studio,Philadelphia,PA,"{Active Life,Cycling Classes,Trainers,Gyms,Fitness & Instruction}",2012-01-03,5.0,mixed,0.59,"[""nice, clean space"", ""online scheduling system"", ""Body Cycle"", ""amazing bikes"", ""motivating instructors"", ""top notch"", ""many gyms"", ""spin classes"", ""lot"", ""years"", ""welcoming"", ""workouts"", ""need"", ""way"", ""review"", ""Russell"", ""owner"", ""shout"", ""passion"", ""fitness"", ""cycling"", ""desire"", ""clients"", ""encouragement"", ""ideas"", ""recommendations"", ""smile"", ""face"", ""butt""]"
saUsX_uimxRlCVr67Z4Jig,YjUWPpI6HXG530lwP-fb2A,Kettle Restaurant,Tucson,AZ,"{Restaurants,Breakfast & Brunch}",2014-02-05,3.0,positive,0.96,"[""two rolled grape leaves"", ""large chicken leg"", ""fried jalape\u00f1o"", ""Friendly, attentive staff"", ""casual relaxed meal"", ""Family diner"", ""Eclectic assortment"", ""fresh melon"", ""Mexican choices"", ""Good place"", ""Clarion Hotel"", ""buffet"", ""tamale"", ""Lots"", ""menu"", ""breakfast"", ""expectations""]"
AqPFMleE6RsU23_auESxiA,kxX2SOes4o-D3ZQBkiMRfA,Zaika,Philadelphia,PA,"{Halal,Pakistani,Restaurants,Indian}",2015-01-04,5.0,positive,0.97,"[""lamb curry"", ""10 different kinds"", ""Yummy"", ""favorite"", ""korma"", ""naan"", ""outside"", ""minds"", ""something""]"
Ow8lnYG-2USBab4J0zsujQ,qhsJbgxVNDb0973r3Gjrow,The Block,Webster Groves,MO,"{Nightlife,Restaurants,Bars,American (New)}",2015-11-18,4.0,positive,0.99,"[""late dinner"", ""NY strip"", ""friend"", ""music"", ""background"", ""server""]"
QXh4TqGlBYz_raDaCXMlOg,neWdmzHgbpqSx62jynDd7A,Broussard's,New Orleans,LA,"{Seafood,French,Restaurants,Cajun/Creole}",2012-08-14,3.0,mixed,0.87,"[""old skool New Orleans restaurant"", ""maytag blue cheese salad"", ""extensive wine list"", ""soy butter sauce"", ""pecan crusted drum"", ""main dining room"", ""old tile"", ""drink guy"", ""Pinot Grigio"", ""head waiter"", ""great detail"", ""two stars"", ""vintage appeal"", ""Broussard"", ""Groupon"", ""parents"", ""dinner"", ""walls"", ""foyer"", ""building"", ""courtyard"", ""tourist"", ""picture"", ""front"", ""fountain"", ""mom"", ""water"", ""course"", ""Chardonnay"", ""specials"", ""night"", ""menu"", ""regulars"", ""crawfish"", ""meal"", ""experience"", ""upgrade"", ""chandeliers"", ""hallways"", ""grandmother"", ""places""]"
Sx8TMOWLNuJBWer-0pcmoA,e4Vwtrqf-wpJfwesgvdgxQ,Melt,New Orleans,LA,"{Sandwiches,Beer,Wine & Spirits,Bars,Food,Restaurants,American (Traditional),Nightlife}",2017-01-14,4.0,mixed,0.76,"[""upcoming patio/rooftop area"", ""Cute interior"", ""beautiful days"", ""many curds"", ""tomato sandwich"", ""pepper jelly"", ""menu options"", ""fun cheeses"", ""limited cocktails"", ""draft wines"", ""Cheese curds"", ""owner"", ""tour"", ""today"", ""sandwiches"", ""salad"", ""onion"", ""gruyere"", ""something"", ""Lots"", ""beer""]"
JrIxlS1TzJ-iCu79ul40cQ,04UD14gamNjLY0IDYVhHJg,Dmitri's,Philadelphia,PA,"{Mediterranean,Restaurants,Seafood,Greek}",2015-09-23,1.0,mixed,0.37,"[""long term frequent customer"", ""great tipper"", ""establishment"", ""order"", ""place"", ""dick"", ""ass"", ""Kanella"", ""dmitris""]"
6AxgBCNX_PNTOxmbRSwcKQ,gmjsEdUsKpj9Xxu6pdjH0g,The Voodoo Bone Lady Tours,New Orleans,LA,"{Supernatural Readings,Tours,Hotels & Travel,Walking Tours,Arts & Entertainment}",2015-01-03,5.0,positive,0.97,"[""visitor center part"", ""perfect way"", ""New Orleans"", ""interesting tidbits"", ""French Quarter"", ""first hour"", ""second half"", ""grocery store"", ""bathroom break"", ""favorite parts"", ""tour guide"", ""groupon"", ""price"", ""someone"", ""lot"", ""history"", ""city"", ""tons"", ""experience"", ""cemetery"", ""front"", ""chance"", ""water"", ""trip""]"
_ZeMknuYdlQcUqng_Im3yg,LHSTtnW3YHCeUkRDGyJOyw,Fries Rebellion,Quakertown,PA,"{Beer Bar,Bars,American (New),Gastropubs,Restaurants,Nightlife,Burgers}",2015-08-07,5.0,positive,0.98,"[""homemade bleu cheese"", ""amazing wings"", ""Nice selection"", ""craft beers"", ""hidden gem"", ""ribeye""]"
ZKvDG2sBvHVdF5oBNUOpAQ,B5XSoSG3SfvQGtKEGQ1tSQ,Los Padres National Forest,Santa Barbara,CA,"{Parks,Active Life}",2016-03-30,3.0,mixed,0.14,"[""Los padres national forest staff"", ""Lopez Lake"", ""dead grass"", ""Cachuma lake"", ""white rock"", ""easter"", ""water"", ""dumpster"", ""effort""]"
pUycOfUwM8vqX7KjRRhUEA,gebiRewfieSdtt17PTW6Zg,Hibachi Steak House & Sushi Bar,Santa Barbara,CA,"{Steakhouses,Sushi Bars,Restaurants,Japanese}",2016-07-25,3.0,mixed,0.57,"[""separate sushi orders"", ""fun lively experience"", ""one plate"", ""several items"", ""three words"", ""off night"", ""party"", ""hibachi"", ""waitress"", ""mistakes"", ""restaraunt"", ""cook"", ""name"", ""Francisco"", ""Service"", ""food"", ""money""]"
rGQRf8UafX7OTlMNN19I8A,uMvVYRgGNXf5boolA9HXTw,Shalimar Fine Jewelers,Tampa,FL,"{Shopping,Jewelry}",2015-06-21,5.0,mixed,0.42,"[""three full sizes"", ""The Shalimar group"", ""same-day request"", ""simple band"", ""associates' attitudes"", ""embarrassing situation"", ""wonderful experience"", ""engagement"", ""phone"", ""team"", ""jeweler"", ""thing"", ""ring"", ""mistake"", ""hour"", ""charge"", ""satisfaction"", ""loyalty"", ""customer""]"
l3Wk_mvAog6XANIuGQ9C7Q,EQ-TZ2eeD_E0BHuvoaeG5Q,Milktooth,Indianapolis,IN,"{Beer,Wine & Spirits,Cafes,Coffee & Tea,Restaurants,Food,Breakfast & Brunch,American (New)}",2015-08-19,4.0,positive,0.98,"[""amazing jewel"", ""Locals"", ""Milktooth"", ""Indianapolis"", ""chance""]"
XW_LfMv0fV21l9c6xQd_lw,lj-E32x9_FA7GmUrBGBEWg,Brio Italian Grille,St Louis,MO,"{Bars,Pizza,Nightlife,Cocktail Bars,Italian,Restaurants}",2014-06-27,4.0,positive,0.99,"[""happy hour"", ""Great patio"", ""StL heat"", ""Veal Milanese"", ""mixed greens"", ""Love"", ""dinner"", ""fans"", ""location"", ""pasta"", ""menu"", ""taste""]"
8JFGBuHMoiNDyfcxuWNtrA,RZtGWDLCAtuipwaZ-UfjmQ,LaScala's,Philadelphia,PA,"{Pizza,Restaurants,Italian,Salad}",2009-10-14,4.0,positive,1.0,"[""eggplant appetizer"", ""Good food"", ""gnocchi"", ""marinara"", ""service""]"
UBp0zWyH60Hmw6Fsasei7w,otQS34_MymijPTdNBoBdCw,BK Tacos,Tucson,AZ,"{Restaurants,Tacos,Mexican,Hot Dogs,Breakfast & Brunch,Steakhouses}",2011-10-27,4.0,mixed,0.43,"[""other famed Sonoran Dogs"", ""carne asada caramelo"", ""great carne"", ""favorite blanket"", ""hot dog"", ""dominant mustard"", ""Excellent tortilla"", ""melty cheese"", ""bun"", ""snuggie"", ""pup"", ""everyone"", ""sleeves"", ""softness"", ""Wrong"", ""chewy"", ""bacon"", ""little"", ""bite"", ""onions"", ""masses"", ""salty""]"
OAhBYw8IQ6wlfw1owXWRWw,BVndHaLihEYbr76Z0CMEGw,Mamas Kitchen,Tampa,FL,"{Sandwiches,Restaurants,American (New),American (Traditional),Breakfast & Brunch}",2014-10-11,5.0,positive,0.88,"[""Great place"", ""home fries"", ""Friendly waitstaff"", ""breakfast"", ""waffle""]"
oyaMhzBSwfGgemSGuZCdwQ,YtSqYv1Q_pOltsVPSx54SA,Rittenhouse Grill,Philadelphia,PA,"{Wine Bars,Restaurants,Nightlife,Steakhouses,Seafood,Bars}",2013-06-24,5.0,positive,0.95,"[""top tier restaurants"", ""Tremendous service"", ""delicious food"", ""expensive establishment"", ""main course"", ""Big"", ""Douglas"", ""atmosphere"", ""country""]"
LnGZB0fjfgeVDVz5IHuEVA,rBdG_23USc7DletfZ11xGA,Olio,Saint Louis,MO,"{Wine Bars,Bars,Nightlife,American (New),Mediterranean,Restaurants}",2014-08-10,4.0,positive,0.87,"[""multiple occasions"", ""Celiac girl"", ""cocktail menus"", ""food divine"", ""gluten-free dessert"", ""big deal"", ""hubby"", ""part"", ""meal"", ""Everyone"", ""servers"", ""bartender"", ""items"", ""something"", ""wine"", ""wish""]"
2xIYKNiMuDpF2wWjT1RIKg,o2ETM4XZXENkzuAaYT2GIg,Sen Thai Asian Bistro,St Louis,MO,"{Nightlife,Cocktail Bars,Japanese,Restaurants,Thai,Asian Fusion,Bars}",2018-04-15,4.0,mixed,0.72,"[""peanut dipping sauce"", ""Super friendly staff"", ""two small skewers"", ""good size portion"", ""Great atmosphere"", ""typical options"", ""good flavor"", ""Panang Curry"", ""main course"", ""The Panang"", ""side note"", ""other options"", ""customer service"", ""Pad Thai"", ""lunch specials"", ""chicken satay"", ""decor"", ""time"", ""dinner"", ""protein"", ""rice"", ""menu"", ""manager""]"
u2vzZaOqJ2feRshaaF1doQ,CLEWowfkj-wKYJlQDqT1aw,Blow Bar Express Styling Salon,Tampa,FL,"{Makeup Artists,Blow Dry/Out Services,Beauty & Spas,Hair Salons,Nail Salons,Eyebrow Services}",2016-03-07,5.0,mixed,0.74,"[""thin, straight, dead hair"", ""beautiful clean place"", ""brow specialist"", ""great job"", ""biggest volume"", ""bar"", ""brows"", ""natalie"", ""blow"", ""victoria"", ""girl""]"
Xs8Z8lmKkosqW5mw_sVAoA,eFvzHawVJofxSnD7TgbZtg,Good Karma Cafe,Philadelphia,PA,"{Food,Cafes,Coffee & Tea,Restaurants}",2014-11-12,5.0,positive,0.85,"[""absolute favorite cafe"", ""white latte"", ""right amount"", ""soup people"", ""noise level"", ""perfect level"", ""city"", ""black"", ""foam"", ""soups"", ""lot"", ""space"", ""work"", ""music"", ""patrons"", ""dogs"", ""business""]"
Pgh9POx-bH7JFggKXqXWMQ,uW8L6awmCyjovD9OhWPo7g,Casa Video,Tucson,AZ,"{Books,Mags,Music & Video,Shopping,Videos & Video Game Rental}",2008-04-30,5.0,positive,0.68,"[""best video rental store"", ""best hockey fights"", ""Casa Video"", ""newest release"", ""low cost"", ""existence"", ""staff"", ""selection"", ""VHS"", ""1970s"", ""place"", ""Chicago""]"
SIfeHZB6LSwUauyrJe6F8A,Hh-LHf0bUYoyOnm3DITuXw,Flanagan's Pub,New Orleans,LA,"{Hotels,Event Planning & Services,Nightlife,Bars,Hotels & Travel,Dive Bars,Pubs}",2010-10-07,5.0,positive,0.98,"[""punk rock music"", ""French Quarter"", ""first stop"", ""one day"", ""nice drink"", ""nice change"", ""top bars"", ""Bourbon St."", ""days"", ""Flanagan"", ""Pub"", ""people"", ""bartender"", ""place"", ""3 times"", ""locals"", ""tourists""]"
p87acJKiGDY07_njsTefLg,KhBUg5QhBYuK8RZAe5gDMQ,The Independent,Tampa,FL,"{Restaurants,Nightlife,Pubs,Food,Bars,American (New),German,Coffee & Tea,American (Traditional),Beer Bar}",2015-02-02,4.0,mixed,0.77,"[""good ol' college days"", ""breakfast type items"", ""bar type apps"", ""Sunday Fun day"", ""four legged friend"", ""One half"", ""different types"", ""other world"", ""wide variety"", ""concept"", ""place"", ""caf\u00e9"", ""coffees"", ""teas"", ""salads"", ""sandwiches"", ""beers"", ""tap"", ""can"", ""hours"", ""friends"", ""time"", ""chill""]"
5s2dsOLWfGEbk8LztH3uNQ,8QJTzIaR5FceGds8HBSIig,Barrio Brewing,Tucson,AZ,"{Nightlife,Sports Bars,Bars,Breweries,Pubs,Restaurants,American (Traditional),Food}",2014-04-01,3.0,mixed,0.49,"[""white IPA"", ""red ale"", ""other stuff"", ""loyal following"", ""couple beers"", ""meh location"", ""food"", ""2 friends"", ""everything"", ""scenery"", ""place"", ""train"", ""3.5 stars"", ""something"", ""4pm"", ""Sunday""]"
_Y1tXKfLmIINKh5hiGhtQA,6kAXOzE7fqaBZINQV_-_mg,Kien Giang,Nashville,TN,"{Vietnamese,Restaurants}",2015-07-28,2.0,negative,0.16,"[""orange juice"", ""food"", ""service"", ""kids"", ""juices"", ""cash"", ""checks"", ""Everything""]"
oQ2wM3ibdAnCMBmhfwAi9A,C1D2o1VV2TDjpkG3BsdseA,San Antonio Taco Co,Nashville,TN,"{Tex-Mex,Event Planning & Services,Caterers,Restaurants,Mexican}",2016-05-31,4.0,positive,0.98,"[""favourite place"", ""fish tacos"", ""occasional queso"", ""beef taco"", ""chicken fajitas"", ""happy visit"", ""next door"", ""beans"", ""friend"", ""town"", ""interior"", ""patio"", ""Ben"", ""Jerry"", ""dessert""]"
hONoNzvKbDWlB2AlAF-6vw,50Q2uIgwUqmWGLjn_1HSlg,Hayman Jewelry Co,Tampa,FL,"{Shopping,Jewelry,Local Services,Watch Repair,Jewelry Repair,Watches}",2015-06-08,5.0,positive,0.86,"[""dive watch battery"", ""reasonable fee"", ""friendly service"", ""Convenient location"", ""less"", ""5 minutes"", ""Prompt"", ""Plenty"", ""staff""]"
DkP5rndjNG34M739vR1t8g,xHUTCaGGn5jQkbs-q1trXg,Sherwin-Williams Paint Store,Riverview,FL,"{Building Supplies,Home Services,Hardware Stores,Shopping,Home & Garden,Paint Stores}",2015-05-26,4.0,positive,0.92,"[""interior Super Paint"", ""Home Depot"", ""paint store"", ""paint information"", ""paint places"", ""issues"", ""Lowes"", ""list"", ""everything"", ""job"", ""Everyone"", ""file"", ""sale"", ""eye"", ""part"", ""deal""]"
8KDl6ZlqXL4zlM8ptQWUMg,V8H6z5ulGJEkaFUyRfmLKw,Sculley's Waterfront Restaurant,Madeira Beach,FL,"{Seafood,Bars,Restaurants,Nightlife,Cocktail Bars,Mexican}",2015-06-21,5.0,positive,1.0,"[""food"", ""service"", ""dinner"", ""deck"", ""lots"", ""dolphins""]"
2UFbolHl7Kj1jYYn0eYBWQ,JhrvtLpCEQcYrZLbb6CZGw,Frist Art Museum Cafe,Nashville,TN,"{Sandwiches,Coffee & Tea,Salad,Pizza,Desserts,American (New),Restaurants,Food}",2013-03-18,3.0,mixed,0.49,"[""gluten free noshers"", ""extra protein punch"", ""extra egg"", ""blue moon"", ""dreary day"", ""Cobb Salad"", ""vinegar dressing"", ""museum visitors"", ""local employees"", ""cheap prices"", ""quick bites"", ""Senior Mondays"", ""3rd Monday"", ""Frist"", ""cafe"", ""building"", ""lunch"", ""today"", ""meat"", ""oil"", ""lot"", ""month"", ""weekends"", ""1130""]"
f7fAYGJpd4gZAoJxuJcciw,cXAKeC-EgVChIxhS7fscmw,Ghini's French Caffe,Tucson,AZ,"{Restaurants,Food,Breakfast & Brunch,Sandwiches,French,Bakeries,Salad}",2011-05-27,5.0,mixed,0.75,"[""hot house tomato"", ""French breakfast"", ""baguette toast"", ""great hashbrowns"", ""mere dollar"", ""personal favorite"", ""Two eggs"", ""food"", ""Ghini"", ""Everything"", ""something"", ""thyme"", ""garlic"", ""herbs"", ""provance"", ""crepes"", ""spinach"", ""swiss""]"
BOL3hGWiZpzay3FcghAVww,o1bd3WLl4McflqjDTJTdHQ,Phat Bites,Nashville,TN,"{Coffee & Tea,Nightlife,Food,Delis,Breakfast & Brunch,Cafes,Bars,Restaurants}",2017-04-08,4.0,positive,1.0,"[""graffiti style art"", ""delicious food options"", ""great portion size"", ""greek steak pita"", ""special hummus flavors"", ""guac hummus"", ""unique spot"", ""Good prices"", ""walls""]"
itYosAiMADdpOutGI908rw,9gObo5ltOMo6UgsaXaHPWA,R2L,Philadelphia,PA,"{American (New),Lounges,Nightlife,Cocktail Bars,Bars,Restaurants}",2016-05-31,4.0,mixed,0.44,"[""21st birthday dinner"", ""small complimentary desserts"", ""great experience"", ""lobster mac"", ""best mac"", ""great time"", ""family"", ""food"", ""drinks"", ""quality"", ""cheese"", ""appetizer"", ""end"", ""meal"", ""bunch""]"
b0AI6U9CCWpFKI3iPLYiow,UCMSWPqzXjd7QHq7v8PJjQ,Prep & Pastry,Tucson,AZ,"{Restaurants,Cocktail Bars,Bars,Comfort Food,American (New),Sandwiches,Nightlife,Breakfast & Brunch}",2017-09-20,4.0,positive,1.0,"[""last two months"", ""best trick"", ""great service"", ""breakfast sandwich"", ""big drinker"", ""ice team"", ""Prep"", ""Pastry"", ""Sunday"", ""name"", ""waitlist"", ""5 miles"", ""restaurant"", ""number"", ""things"", ""brunch"", ""sweets"", ""Staff"", ""visit"", ""town""]"
qx-EmVNPINe_3eDMEDUAeA,DsKzHnkLKnxZTVsFpts4oA,Red Owl Tavern,Philadelphia,PA,"{Breakfast & Brunch,American (New),Restaurants}",2015-06-08,5.0,positive,0.99,"[""good house burger"", ""Great beer selection"", ""fun date"", ""sports crowd"", ""open kitchen"", ""rosemary fries"", ""fianc\u00e9e"", ""place"", ""friends"", ""drinks"", ""food"", ""weekend"", ""ambience""]"
CHo2CsqbukzKhTBag244AQ,DNkz1z53dS2CUUWI1Skg2g,Rollin' Oats Market,St. Petersburg,FL,"{Sandwiches,Health Markets,Farmers Market,Grocery,Restaurants,Specialty Food,Food,Organic Stores}",2011-02-13,4.0,positive,1.0,"[""good food"", ""good selection"", ""vegan sandwich"", ""tofu melt"", ""great selection"", ""vegan sweets"", ""cafe"", ""grocery""]"
1KPGzX7SK6-F1AuLCOZvbw,wa_bwyY57etHjtJ2Fw0E3g,Pita Jungle,Tucson,AZ,"{Vegetarian,American (New),Mediterranean,Sandwiches,Restaurants}",2017-05-26,2.0,mixed,0.51,"[""favorite lunch spot"", ""regular basis"", ""customer service"", ""things"", ""location"", ""friend"", ""year"", ""deterioration"", ""server"", ""recommendation"", ""tea"", ""suggestions"", ""food"", ""tape"", ""benches"", ""leather/vinyl"", ""case""]"
o_NE6d5LmUEfP-TMZx5IZg,tD_2Pw2kiUGE-lIkFTQKLw,R F Bondurant Plumbing & Heating,Media,PA,"{Plumbing,Contractors,Home Services,Heating & Air Conditioning/HVAC}",2015-02-02,3.0,positive,0.98,"[""highest quote"", ""prompt communication"", ""future jobs"", ""estimate"", ""plumber""]"
eP-S5CuNNVdGsfmVc5BXpg,kJpoduG3wdA35WzOF_T1Aw,Mexico Lindo,Pinellas Park,FL,"{Food,Restaurants,Mexican,Grocery}",2016-04-23,5.0,positive,1.0,"[""best Mexican food"", ""first day"", ""Florida""]"
ii4RHFJZ3srDe5XlCKEaIQ,M0r9lUn2gLFYgIwIfG8-bQ,Baileys' Range,Saint Louis,MO,"{Ice Cream & Frozen Yogurt,Burgers,Food,Nightlife,Beer Bar,Bars,Restaurants}",2016-08-03,4.0,positive,0.99,"[""caramel ice cream"", ""good homemade style"", ""El Mariachi"", ""other reviewers"", ""rooster sauce"", ""burgers"", ""portion"", ""flavor""]"
VD_BQsEKAIAzy82CI0RZhg,s3FRhtaNU8dt-mKkLKUQaQ,RuSan's Sushi and Seafood,Nashville,TN,"{Sushi Bars,Ramen,Food,Beer,Wine & Spirits,Restaurants,Burgers,Japanese,Seafood}",2011-03-21,4.0,positive,0.93,"[""late dinner"", ""Sunday night"", ""good time"", ""friendly place"", ""sushi"", ""ticket"", ""plate"", ""staff""]"
tGzobhc7MyMSej6gVdv3Pw,1NCUTTp6rIyXpwUDVv9qOA,Lazos Pizza & Grill,Philadelphia,PA,"{Pizza,American (Traditional),Restaurants,Italian}",2016-06-22,2.0,mixed,0.12,"[""buffalo chicken sandwhich"", ""blu cheese"", ""greasy sauce"", ""freasher ingredients"", ""order"", ""times"", ""place"", ""hoagies"", ""angelinos"", ""food"", ""Ill"", ""desserts"", ""bland"", ""waste"", ""money"", ""sodas"", ""everything""]"
MtZJKwddFSyBB0QHXQRtZQ,ZdHf2EkMQPV2OBNgGhMAKQ,Americas Best Value Inn Nashville Downtown,Nashville,TN,"{Hotels,Event Planning & Services,Hotels & Travel}",2014-07-28,2.0,mixed,0.24,"[""Free wifi"", ""smoking room"", ""smell"", ""ashtrays"", ""Shower"", ""Pillows"", ""migraine"", ""staff""]"
OPfhVmoRPBBp8nyJ8wAb0Q,5GQPM14khrarsrlID5s2LA,Walgreens,Green Valley,AZ,"{Beauty & Spas,Shopping,Convenience Stores,Drugstores,Food,Cosmetics & Beauty Supply,Photography Stores & Services}",2015-10-17,2.0,negative,0.05,"[""bad day"", ""half hour"", ""staff"", ""people"", ""pharmacy"", ""prescription"", ""hurry"", ""Walmart""]"
TynNY8E0l0qIjSLzxT_MJg,UhjfJpaAzgSYrTZ_dMMF1Q,Philly Diner,Essington,PA,"{Restaurants,Diners}",2015-09-24,5.0,positive,1.0,"[""cheese steak"", ""wife"", ""everything"", ""diner"", ""decor"", ""food"", ""Geno"", ""server""]"
8y9euenMquO7i6gDAsj8Pw,N-MVwAcmsQDZCxbZjZhPDA,Best Buy,Philadelphia,PA,"{Mobile Phones,Computers,Shopping,Electronics}",2012-09-11,4.0,mixed,0.6,"[""decent place"", ""price"", ""ton"", ""stuff"", ""staff"", ""part"", ""money"", ""question"", ""hand""]"
JkaeyO9D0b_d-FTSnQudkQ,n5P6-HWN3kFSYBxfVfDxEg,Shephard's Beach Resort,Clearwater Beach,FL,"{Hotels & Travel,Bars,American (Traditional),Restaurants,Event Planning & Services,Nightlife,Hotels,Resorts}",2015-05-26,4.0,positive,0.95,"[""Birthday celebration"", ""Great atmosphere"", ""largest buffets"", ""family"", ""Shephards"", ""variety"", ""group"", ""music"", ""SImply""]"
qqwFmxlMyUqsFxb7DtU4NQ,ZXKBVg-5drZ37wnwVEZe-A,Crescent Park,New Orleans,LA,"{Active Life,Dog Parks,Parks}",2017-11-07,5.0,positive,0.93,"[""favorite New Orleans gems"", ""old Navy installation"", ""various art installations"", ""mighty Mississippi River"", ""Elysian Fields"", ""city views"", ""dog park"", ""wonderful walk"", ""spectacular sunsets"", ""beautiful way"", ""bridge"", ""Peters"", ""little"", ""Piety"", ""breezes"", ""efforts"", ""path"", ""area"", ""day"", ""NOLA""]"
XZklVaG-Lt4rJMe3ahxERg,pSmOH4a3HNNpYM82J5ycLA,The Pancake Pantry,Nashville,TN,"{Restaurants,Sandwiches,Food,Breakfast & Brunch,Bakeries}",2011-04-22,4.0,positive,0.93,"[""Pancake Pantry"", ""country stars"", ""great breakfast"", ""institution"", ""Nashville"", ""place"", ""Pancakes"", ""thing"", ""Plan"", ""line"", ""conversation""]"
MxQpzn4DLrQ6XuhEHkVvIw,QWqKTWQ2OiDgo3dzNkpung,Jong Ka Jib,Philadelphia,PA,"{Korean,Restaurants}",2014-05-07,5.0,mixed,0.72,"[""dol sot pots"", ""nice crispy shell"", ""other soup/stew items"", ""korean bbq meats"", ""Korean home"", ""mixed meats"", ""hot temperature"", ""soft tofu"", ""dubu"", ""city"", ""place"", ""beef"", ""seafood"", ""mushroom"", ""spice"", ""rice"", ""dol-sot"", ""DROOL"", ""mouth"", ""back""]"
_9vmN7JQg7gezvlMTu35cA,Zcc12beUPFCe2U0DizJUNg,Hampton Inn & Suites Tampa-Wesley Chapel,Wesley Chapel,FL,"{Hotels & Travel,Event Planning & Services,Hotels}",2011-11-30,3.0,mixed,0.75,"[""breakfast buffet"", ""lobby area"", ""motels"", ""one"", ""rate"", ""pool"", ""laps"", ""place""]"
NU4_03KfndoUcE8mDNIErw,WJ17PIWEaqrNZ07uncG8JQ,Green Valley Mortuary And Cemetery,Sahuarita,AZ,"{Funeral Services & Cemeteries,Local Services}",2018-07-17,1.0,negative,0.06,"[""cheap plastic vases"", ""contact info"", ""right thing"", ""older area"", ""reason"", ""media"", ""attorney"", ""frustration"", ""owner"", ""columbarium"", ""sight"", ""years"", ""Dad"", ""niches"", ""empathy""]"
_NAJ4K52B44-pXfrg3EylA,QKFojAIRYfQQzwssuoKjzw,Edmonton Fringe Festival,Edmonton,AB,"{Arts & Entertainment,Festivals}",2017-08-29,5.0,positive,0.95,"[""gourmet mini donut truck"", ""great annual festival"", ""other street performances"", ""street performers"", ""The Fringe"", ""two weekends"", ""joining week"", ""Good tip"", ""farmers market"", ""food vendors"", ""artisan vendors"", ""show times"", ""Edmonton"", ""variety"", ""venues"", ""plays"", ""musicians"", ""schedule"", ""tickets"", ""artists"", ""Half"", ""104th"", ""space"", ""jewelry"", ""clothing"", ""hour"", ""location""]"
qvCNnSkDqjg3oCexS1-juQ,qq6vsh6ZEshfv4mTdrjA0g,Magasin Kitchen,New Orleans,LA,"{Imported Food,Food,Specialty Food,Ethnic Food,Restaurants,Vietnamese}",2017-08-16,3.0,positive,0.99,"[""weekly pho cravings"", ""loyal customer"", ""Magasin Cafe"", ""Magasin Kitcheb"", ""other location"", ""same meal"", ""restaurants atmosphere"", ""Vietnamese food"", ""Quality food"", ""years"", ""love"", ""renovations"", ""service"", ""money"", ""ranking""]"
vNt56WcULXzTbuHwUlMG3Q,Wr2k0Vz8RbcumYulp-jIrA,Han Dynasty,Cherry Hill,NJ,"{Restaurants,Chinese,Szechuan}",2015-05-12,5.0,positive,0.98,"[""cumin style lamb"", ""Sichuan food taste"", ""rabbit appetizer"", ""Sichuan Province"", ""place"", ""location"", ""Philadelphia"", ""week"", ""fan"", ""People"", ""Chengdu""]"
pbwrFPLHe7XBcKpwCOJ-5A,Z2ltNYVxmLaLGNVB7yFWQA,National Car Rental,St. Louis,MO,"{Hotels & Travel,Car Rental}",2015-08-19,4.0,positive,0.98,"[""Great service"", ""Mike Bass"", ""great care"", ""Bernie"", ""Cars""]"
0-8YJMqAill6hdhjlQfkbA,2l8WHcEiwFW0wEvopwa8_A,Kmart,Bridgeton,MO,"{Fashion,Shopping,Department Stores}",2012-03-31,2.0,mixed,0.45,"[""Joe Boxer male thongs"", ""male panty line"", ""August Burns Red"", ""best WTF moment"", ""Tom Cruise era"", ""great patio table"", ""One great tip"", ""patio furniture"", ""political rant"", ""sinus infection"", ""several people"", ""contractual war"", ""Express Scripts"", ""electronic section"", ""cheaper end"", ""mainstream DVD"", ""Blu-Ray movies"", ""young man"", ""music videos"", ""lame attempt"", ""shopping experience"", ""off season"", ""clearance days"", ""extra star"", ""80s quote"", ""store review"", ""department store"", ""Target"", ""scene"", ""Kmart"", ""meds"", ""Walgreens"", ""idiots"", ""selections"", ""top"", ""area"", ""tv"", ""Macy"", ""Dillard"", ""everything"", ""opportunity"", ""mind"", ""prescription"", ""greatest"", ""ease"", ""hours"", ""problems"", ""credit"", ""K-Mart"", ""someone""]"
OC5nTy1jWjlz5_FiKFbU0Q,oQ5CPRt0R3AzFvcjNOqB1w,Edley's Bar-B-Que - 12 South,Nashville,TN,"{Barbeque,Restaurants,Dive Bars,Cocktail Bars,Southern,Nightlife,Bars}",2016-09-06,4.0,positive,0.85,"[""The Tuck Special"", ""amazing flavor combination"", ""ingredients- brisket"", ""pimento cheese"", ""BBQ sauce"", ""Nashville"", ""TX"", ""mix"", ""strange"", ""egg"", ""husband"", ""table"", ""meat"", ""place"", ""patience"", ""menu"", ""time""]"
gPphW4O_XNsmqhqRAQ6qBw,8G4mt9y5mRg161XBs-hePw,Izakaya Ren,Valley Park,MO,"{Food,Korean,Sushi Bars,Restaurants,Japanese}",2015-03-05,1.0,mixed,0.28,"[""spicy tuna roll"", ""same box"", ""California rolls"", ""sushi restaurant"", ""toilet"", ""daughter"", ""meals"", ""guy"", ""fish""]"
JdKl3gf7xLkxwn2uUrMmgg,cXSyVvOr9YRN9diDkaWs0Q,Honey's Sit-N-Eat,Philadelphia,PA,"{Southern,Restaurants,American (Traditional)}",2008-05-06,3.0,mixed,0.75,"[""Big portions"", ""food"", ""menue"", ""issues"", ""seating"", ""conversation"", ""coffe"", ""Sabrina"", ""latkas"", ""bacon"", ""Philly""]"
SFy1mkQaiYFrWqoeBXHr-A,bMVgakLiCEA6LWRUEoB3wQ,Express Smog Check,Reno,NV,"{Smog Check Stations,Auto Repair,Registration Services,Automotive}",2015-05-12,5.0,positive,1.0,"[""great service"", ""smog"", ""cars"", ""chipper"", ""place""]"
gaI5Vcq8Is3tM074QlNWkA,RSAcMSbxpxskQ6dIIN6QUw,Sport Clips Haircuts of Downtown Boise,Boise,ID,"{Beauty & Spas,Men's Hair Salons,Barbers,Hair Salons}",2017-09-09,5.0,positive,0.91,"[""hairdresser"", ""details"", ""haircut""]"
815IYDMwX84gQIj_uo7Scg,xbE59o8d_8N72T0WMW1I8A,Mattress Firm Harvard,Reno,NV,"{Mattresses,Furniture Stores,Shopping,Home & Garden}",2016-01-04,4.0,positive,1.0,"[""Friendly staff"", ""good selection"", ""fair prices""]"
ssHxl6hukWdxl3CMgs4zyQ,2dlQX5sP9X6Dlm1MmNOlSw,ReAnimator Coffee,Philadelphia,PA,"{Food,Coffee & Tea}",2016-02-23,5.0,neutral,0.1,"[""Reanimator Coffee problem"", ""12-step program""]"
vBK79c3_1Ff_oqkh5VpfGg,nRKndeZLQ3eDL10UMwS2rQ,Ted Drewes,Saint Louis,MO,"{Ice Cream & Frozen Yogurt,Food,Local Flavor,Desserts}",2009-10-13,5.0,mixed,0.75,"[""actual pumpkin pie"", ""pie crust"", ""frozen custard"", ""huge sweep"", ""best part"", ""Super yummy"", ""nation"", ""chunks"", ""diamond""]"
ZVvhc3Go7v5I8XTiVoWmqQ,ut6fi2W2YaipNOqvi7e0jw,Upland Carmel Tap House,Carmel,IN,"{Nightlife,Food,Bars,Breweries,Pizza,Brewpubs,Pubs,Restaurants}",2014-11-12,3.0,mixed,0.47,"[""couple additional locations"", ""true margherita pizza"", ""other items"", ""other toppings"", ""red sauce"", ""nice appetizer"", ""future visits"", ""central Indiana"", ""Upland"", ""brewery"", ""Bloomington"", ""beers"", ""fan"", ""burgers"", ""tenderloins"", ""par"", ""cracker"", ""crust"", ""cheese"", ""none"", ""flavor"", ""opinion"", ""group"", ""meal"", ""choice""]"
J-4NdnDZ0pUQaUEEwDI9KQ,rjuWz_AD3WfXJc03AhIO_w,The N Crowd,Philadelphia,PA,"{Performing Arts,Arts & Entertainment,Nightlife,Comedy Clubs}",2012-12-04,5.0,positive,0.94,"[""Chill way"", ""Friday night"", ""show""]"
eCiWBf1CJ0Zdv1uVarEhhw,vC2qm1y3Au5czBtbhc-DNw,Sushi Teri,Carpinteria,CA,"{Restaurants,Sushi Bars}",2013-09-04,4.0,positive,0.98,"[""best fish"", ""spicy edamame"", ""ocean salad"", ""cabbage salad"", ""sushi place"", ""town"", ""time"", ""salmon"", ""tempura"", ""Service""]"
lUUhg8ltDsUZ9h0xnwY4Dg,cPepkJeRMtHapc_b2Oe_dw,Naked Tchopstix Express,Indianapolis,IN,"{Restaurants,Food,Poke,Hawaiian,Sushi Bars}",2018-07-17,4.0,mixed,0.51,"[""decent size dining area"", ""other food items"", ""96th street location"", ""fast food"", ""Naked Tchopstix"", ""sushi bowl"", ""Maui roll"", ""favorite roll"", ""low reviews"", ""five minutes"", ""healthy alternative"", ""bubble tea"", ""vanilla chai"", ""sushi place"", ""4 stars"", ""one"", ""house"", ""vibe"", ""counter"", ""daughter"", ""piece"", ""paper"", ""choice"", ""proteins"", ""vegetables"", ""rice"", ""toppings"", ""fact"", ""things"", ""server"", ""sauces"", ""husband"", ""standard"", ""quality"", ""lot"", ""people"", ""comment"", ""service"", ""McDonalds"", ""wait"", ""strawberry"", ""3""]"
qS6kE7CDoDagyPZwmueJaQ,c-IgS6Pk6vMyax7Rbr38eA,Barbecue and Bourbon,Speedway,IN,"{American (New),Restaurants,Cocktail Bars,Barbeque,Bars,Nightlife}",2015-06-08,4.0,positive,0.93,"[""Beef brisket sandwich"", ""lunch"", ""pork""]"
G_5UczbCBJriUAbxz3J7Tw,x4XdNhp0Xn8lOivzc77J-g,Thai Place Restaurant,Phoenixville,PA,"{Thai,Restaurants}",2013-08-15,5.0,positive,1.0,"[""Best thai food"", ""area"", ""Everything""]"
z0osLHDvXvzfm57D4DmD2Q,S2Ho8yLxhKAa26pBAm6rxA,Creole House Restaurant & Oyster Bar,New Orleans,LA,"{Cajun/Creole,Seafood,Restaurants,Breakfast & Brunch}",2016-11-22,3.0,negative,0.0,"[""other place"", ""last dinner"", ""Service"", ""food"", ""town""]"
DyrAIuKl60j_X8Yrrv-kpg,MWmXGQ98KbRo3vsS5nZhMA,Anthony's at Paxon Hollow,Broomall,PA,"{Event Planning & Services,Italian,Venues & Event Spaces,Restaurants,Active Life,Food,Golf}",2014-10-27,5.0,mixed,0.79,"[""many delicious sounding items"", ""next chef specials"", ""dinner"", ""wife"", ""weekend"", ""meal"", ""food"", ""Everything"", ""problem"", ""something"", ""menu""]"
elqRpX9T3YwL07uLNtN3Bg,ltBBYdNzkeKdCNPDAsxwAA,Tavern,Nashville,TN,"{Cocktail Bars,Nightlife,Gastropubs,Sports Bars,Restaurants,American (New),Lounges,Bars}",2015-02-02,2.0,negative,0.03,"[""bright red baggy pants"", ""tuna entr\u00e9e"", ""four dollar avocado"", ""entr\u00e9es"", ""two stars"", ""decent food"", ""dinner meeting"", ""assistant cook"", ""restaurant"", ""appetizers"", ""guy"", ""TV"", ""situation"", ""waitress""]"
-P5E9BYUaK7s3PwBF5oAyg,bMratNjTG5ZFEA6hVyr-xQ,Portobello Cafe,Eddystone,PA,"{Restaurants,Seafood,Cafes,Italian}",2017-02-19,5.0,positive,0.99,"[""someone"", ""home"", ""waiters"", ""food"", ""place""]"
YbMyvlDA2W3Py5lTz8VK-A,bbEXAEFr4RYHLlZ-HFssTA,The Original Habit Burger Grill,Goleta,CA,"{Fast Food,Burgers,Restaurants}",2017-01-02,5.0,mixed,0.51,"[""pepper flavor"", ""outdoor seating"", ""Friendly staff"", ""Street parking"", ""parking lot"", ""Great burgers"", ""fries"", ""salad"", ""hint"", ""salt"", ""location"", ""back""]"
40thYphUgIfvJq17QCfTwA,0pMj5xUAecW9o1P35B0AMw,Wawa,Norristown,PA,"{Food,Coffee & Tea,Gas Stations,Restaurants,Automotive,Sandwiches,Convenience Stores}",2017-05-26,5.0,positive,0.96,"[""huge store size"", ""custom breakfast bagel"", ""Great staff"", ""clean"", ""everything""]"
xdQe2E8jR6pLA07p1aYtKA,X8lfGPagfLzfOsx0k08NRQ,Landa Muffler & Brake,Reno,NV,"{Auto Repair,Smog Check Stations,Auto Parts & Supplies,Automotive}",2017-05-13,5.0,mixed,0.74,"[""manufacturer recall"", ""Outstanding individuals"", ""different issue"", ""vehicle"", ""work"", ""Problem"", ""noise"", ""Kevin"", ""mechanic"", ""car"", ""FREE"", ""CHARGE""]"
p198qZsKOMCUhgdtRWsOKQ,8QnuWGVNBhzyYXGSeRdi4g,Sweet Cece's,Nashville,TN,"{Food,Ice Cream & Frozen Yogurt}",2013-10-24,4.0,mixed,0.8,"[""different Sweet CeCe"", ""local source"", ""good mix"", ""ROTD"", ""location"", ""product"", ""Love"", ""selection"", ""toppings"", ""girls"", ""attention"", ""deals"", ""Friday"", ""less"", ""4 stars""]"
L0jv8c2FbpWSlfNC6bbUEA,IDtLPgUrqorrpqSLdfMhZQ,Helena Avenue Bakery,Santa Barbara,CA,"{Food,Restaurants,Salad,Coffee & Tea,Breakfast & Brunch,Sandwiches,Bakeries}",2016-10-13,5.0,positive,0.99,"[""Santa Barbara Wine Collective"", ""fabulous savory croissant"", ""great addition"", ""Funk Zone"", ""same tables"", ""bite"", ""tastings"", ""life"", ""fact""]"
rj0asGlfKjlXH6iEgu-jdw,LfYUOclwLs_SPrNAdKMjsw,Ralston Massage Center,Reno,NV,"{Health & Medical,Beauty & Spas,Massage,Physical Therapy,Massage Therapy}",2013-11-14,5.0,positive,1.0,"[""Nice relaxing place"", ""Same day appointments"", ""massage"", ""therapist"", ""Center""]"
pHwbdway4yeI-dSSmZA7-Q,PY9GRfzr4nTZeINf346QOw,Peppermill Reno,Reno,NV,"{Event Planning & Services,Casinos,Beauty & Spas,Venues & Event Spaces,Arts & Entertainment,Day Spas,Hotels,Hotels & Travel}",2017-09-20,4.0,mixed,0.76,"[""huge pool area"", ""huge bathroom area"", ""roomy main area"", ""complimentary valet parking"", ""large jetted bathtub"", ""two shower heads"", ""large shower"", ""casino area"", ""two drawers"", ""complimentary bottles"", ""The Peppermill"", ""Caesars Palace"", ""Las Vegas"", ""eight restaurants"", ""One thing"", ""slot machines"", ""penny machines"", ""minimum bets"", ""false advertising"", ""Tuscany Tower"", ""12th floor"", ""nice view"", ""free WiFi"", ""dual sinks"", ""counter space"", ""king bed"", ""night stands"", ""mini fridge"", ""upholstered chairs"", ""good job"", ""nice place"", ""safe, table"", ""Check"", ""site"", ""type"", ""food"", ""30 cents"", ""TV"", ""phone"", ""commode"", ""lots"", ""Plenty"", ""towels"", ""closet"", ""dresser"", ""computer"", ""writing"", ""water"", ""three"", ""thermostat"", ""temperature"", ""Staff"", ""stay"", ""2:30""]"
JBWZmBy69VMggxj3eYn17Q,kq5Ghhh14r-eCxlVmlyd8w,The Coventry Deli,Philadelphia,PA,"{Restaurants,Delis,Salad,Sandwiches}",2018-08-23,5.0,mixed,0.67,"[""buffalo chicken wrap"", ""first time"", ""bacon panini"", ""lunch hour"", ""many options"", ""hot food"", ""boyfriend"", ""deli"", ""turkey"", ""avocado"", ""wait"", ""salads"", ""soup"", ""macaroni"", ""sandwiches""]"
E9AB7V4z8xrt2uPF7T55FQ,Zx7n8mdt8OzLRXVzolXNhQ,Milk and Honey Nashville,Nashville,TN,"{American (New),Restaurants,American (Traditional),Food,Breakfast & Brunch,Coffee & Tea,Pizza}",2018-04-27,5.0,positive,1.0,"[""Amazing biscuits"", ""Great cocktails"", ""blank""]"
mO398Ed5dpv1H5ZsKc8KXw,hKameFsaXh9g8WQbv593UA,Aquafinz,Lutz,FL,"{Seafood,Steakhouses,Salad,Comfort Food,Restaurants,Southern}",2015-04-15,4.0,positive,0.99,"[""fishing lodge- menu"", ""good- atmosphere"", ""calamari appetizer"", ""Food"", ""decor"", ""someplace"", ""outback"", ""bonefish"", ""Groupon"", ""meals""]"
RB8UpF_kT2xoOC51OzXEeA,A2q7d-CBM2-81tVkmS4JMw,The Buffet,Reno,NV,"{American (New),Restaurants,Buffets,Breakfast & Brunch}",2017-07-08,2.0,negative,0.0,"[""counter meat slicing station"", ""edible food items"", ""Mexican station"", ""baked chicken"", ""fried chicken"", ""mashed potatoes"", ""Salad bar"", ""cheese bar"", ""bomb af"", ""Le Benedict"", ""English muffin"", ""worst eggs"", ""point"", ""good"", ""price"", ""location"", ""dessert"", ""ravioli"", ""pizza"", ""waitress"", ""meh"", ""shrimp"", ""bad"", ""breakfast"", ""ham"", ""3 occasions"", ""steak"", ""Decor"", ""1970 nightmare""]"
WaeKsvHUJ8whjBlWjl0kaQ,Jc6MxMyCLp4DMfN4C1t1aQ,Pepo's Cuban Cafe,St. Petersburg,FL,"{Cuban,Restaurants}",2015-04-15,3.0,mixed,0.28,"[""Cuban food"", ""run"", ""middle"", ""lunch"", ""specials""]"
vwhFwlc4FTBApcNM4uqx_A,IbndcMURguByburM72o3SA,State Street Kitchen,Newtown,PA,"{Korean,American (Traditional),Sandwiches,Cheesesteaks,Restaurants,Coffee & Tea,Breakfast & Brunch,Food}",2018-01-21,5.0,positive,1.0,"[""Good price good food"", ""best Asian restaurant"", ""fried rice"", ""town""]"
YcLXh-3UC9y6YFAI9xxzPQ,oBhJuukGRqPVvYBfTkhuZA,Square 1682,Philadelphia,PA,"{American (New),Breakfast & Brunch,Bars,Nightlife,Restaurants}",2015-03-05,4.0,mixed,0.52,"[""one single pretentious waiter"", ""long story short"", ""company transaction policies"", ""bacon wrapped dates"", ""last nights waiter"", ""pleasant small talk"", ""4/5 star establishment"", ""one bad egg"", ""small table"", ""bad taste"", ""5 star rating"", ""absolute star"", ""Hotel Palomar"", ""host staff"", ""convinced tone"", ""mid sentence"", ""inconceivable task"", ""elevator ride"", ""genuine person"", ""chocolate cake"", ""first night"", ""drink menu"", ""room service"", ""classic cocktails"", ""terrible experience"", ""amazing bartender"", ""4 night guest"", ""Great restaurant"", ""reason"", ""location"", ""obvious"", ""stay"", ""coworker"", ""seat"", ""reply"", ""conversation"", ""vibe"", ""bill"", ""shock"", ""rudeness"", ""situation"", ""mouth"", ""place"", ""shift"", ""day"", ""guy"", ""name"", ""Ben"", ""lessons"", ""Whiskey"", ""restaurant/bar""]"
qGQvUHmC02PAZW3H1WTIfw,eaJCpC6IhYphj7bwCDHTwQ,Three Brothers Coffee,Nashville,TN,"{Bagels,Sporting Goods,Outdoor Gear,Coffee & Tea,Cafes,Sandwiches,Food,Shopping,Internet Cafes,Restaurants}",2015-08-30,5.0,positive,1.0,"[""Sunday morning walk"", ""coffee customer service"", ""great food"", ""park"", ""vibe""]"
jC-fGfx-YLqxVBcyTAd4Pw,W4ZEKkva9HpAdZG88juwyQ,Mr. B's Bistro,New Orleans,LA,"{Bars,Breakfast & Brunch,Restaurants,Barbeque,Cajun/Creole,Cafes,Cocktail Bars,Nightlife}",2013-12-29,3.0,mixed,0.31,"[""Seafood Jumbalaya"", ""french quarter"", ""word"", ""burger"", ""Rare"", ""price"", ""places"", ""everything""]"
ra9fNjYUumKp_iaqv-jjDg,jTI5Xjk27An8ceJ6VwpXiQ,DoubleTree by Hilton Hotel Philadelphia Center City,Philadelphia,PA,"{Hotels,Event Planning & Services,Caterers,Hotels & Travel}",2013-08-15,4.0,positive,1.0,"[""Comfortable bed"", ""good breakfast"", ""fast internet"", ""great location"", ""low price"", ""top floors"", ""to 15 minutes"", ""place"", ""elevator"", ""morning""]"
Ki90-hauSIfW_7sBuBBqfA,j8JOZvfeHEfUWq3gEz6ABQ,Bacchanal Fine Wine & Spirits,New Orleans,LA,"{Jazz & Blues,Bars,Arts & Entertainment,Beer,Wine & Spirits,Wine Bars,Food,Nightlife}",2014-06-11,2.0,mixed,0.59,"[""New Orleans Hamburger"", ""dirty lawn chairs"", ""dirty yard"", ""wait staff"", ""live music"", ""lifetime experience"", ""restaurant"", ""food"", ""patron"", ""water"", ""drink"", ""flight"", ""stairs"", ""cash"", ""window""]"
TcCcHzc3L6Aboq3DteEfZA,jNL5KUPz2-tHUJM__ysSaw,El Chicanito Mexican Restaurant,Port Richey,FL,"{American (New),Restaurants,Mexican}",2014-08-24,1.0,mixed,0.28,"[""pico de gallo"", ""la carte"", ""tomato sauce"", ""something spicier"", ""fountain drink"", ""sour cream"", ""extra charge"", ""bottle drinks"", ""actual food"", ""everything"", ""place"", ""basket"", ""chips"", ""salsa"", ""coke"", ""Pepsi"", ""cheese"", ""taco"", ""bill"", ""condiments"", ""Side"", ""suggestion""]"
A4n4YaE-owOVgTQcrVqHUw,I6L0Zxi5Ww0zEWSAVgngeQ,Cafe Beignet on Bourbon Street,New Orleans,LA,"{Sandwiches,Breakfast & Brunch,Cajun/Creole,Cafes,Food,Restaurants,Donuts}",2018-07-07,4.0,positive,0.99,"[""jazz band"", ""breakfast sandwich"", ""bacon pieces"", ""Great price"", ""filling breakfast"", ""cafe"", ""8am"", ""time"", ""egg""]"
cvQXRFLCyr0S7EgFb4lZqw,EtKSTHV5Qx_Q7Aur9o4kQQ,Village Whiskey,Philadelphia,PA,"{Bars,Nightlife,Whiskey Bars,Burgers,Restaurants,American (New)}",2009-10-14,5.0,mixed,0.75,"[""Kentucky Fried Quail"", ""24$ Fois Gras burger"", ""duckfat frenchfries"", ""cool guy"", ""tater tots"", ""duckfat fries"", ""best part"", ""cheese sauce"", ""scale"", ""things"", ""place"", ""bomb"", ""promise"", ""boy"", ""birthday"", ""name"", ""drink"", ""corner"", ""seats"", ""bar"", ""45 minutes"", ""Keith"", ""whiskeys"", ""3 cape"", ""salts"", ""dinner"", ""succotash"", ""penny"", ""meal"", ""side"", ""everyone""]"
yCbzm_d4cHpfUX00Ljvgmg,SSZDGl2J-CEyIzuIbEiYNQ,Caleco's Bar & Grill,Saint Louis,MO,"{Bars,Nightlife,American (New),Italian,Sports Bars,Restaurants,Food,American (Traditional)}",2017-09-08,2.0,mixed,0.1,"[""artichoke dip"", ""big mistake"", ""thin crust"", ""Cardinals game"", ""chips"", ""waitress"", ""toppings"", ""pizza"", ""advocate"", ""server"", ""venue""]"
r2IBPY_E8AE5_GpsqlONyg,VJEzpfLs_Jnzgqh5A_FVTg,Jasmine Rice - Rittenhouse,Philadelphia,PA,"{Soup,Thai,Restaurants,Salad}",2014-04-01,4.0,mixed,0.56,"[""green curry fried rice"", ""Jasmine Rice direction"", ""chicken pad thai"", ""different noodle dish"", ""good quality Thai"", ""Thai restaurant"", ""good decision"", ""pan-fried dumplings"", ""chili sauce"", ""other people"", ""One table"", ""Kimmel Center"", ""summer rolls"", ""tastiest duck"", ""fiance"", ""birthday"", ""dinner"", ""Yelp"", ""menu"", ""flavor"", ""dishes"", ""show"", ""service"", ""issues"", ""meal"", ""person"", ""items"", ""owner"", ""house""]"
cejwyz1Hn1yQ-v2m9PAovQ,GILL0ZkvVXJaNQzYRXfMQw,Paris Parker Salon & Spa,New Orleans,LA,"{Hair Salons,Beauty & Spas,Nail Salons,Day Spas,Hair Removal,Waxing,Hair Extensions}",2012-10-08,5.0,positive,0.88,"[""best hairstylist"", ""past year"", ""great stylist"", ""great personality"", ""Courtney"", ""reason"", ""limits"", ""styles"", ""salon""]"
QDY_xE91MY9O-nzn56yHxQ,TyOe_EcbyAWMmPgg_ILwHQ,Pep Boys,Broomall,PA,"{Auto Repair,Oil Change Stations,Auto Parts & Supplies,Automotive,Tires}",2012-05-29,3.0,negative,0.02,"[""many occasions"", ""oil change"", ""state inspection"", ""pep boys"", ""decent stuff"", ""location"", ""area"", ""chain"", ""job"", ""place"", ""key""]"
rV6AWGN4rYORMQY8dVP41g,0ICfbEImE0gUZc4kSZ7QHg,Reliance The Furnace Company,Edmonton,AB,"{Contractors,Home Services,Plumbing,Water Purification Services,Heating & Air Conditioning/HVAC}",2013-11-14,5.0,positive,0.98,"[""2 old 70s lennox"", ""2 new ones"", ""great job"", ""3 years""]"
EoN2xyKvTTn9B-z1grhYxw,oJ4ik-4PZe6gexxW-tSmsw,Broad Ripple Brewpub,Indianapolis,IN,"{Nightlife,Food,Pizza,Brewpubs,Restaurants,Fish & Chips,American (New),Bars,Pubs,Breweries,Vegetarian}",2016-10-26,4.0,mixed,0.76,"[""dog friendly environment"", ""Pumpkin Seasonal Beer"", ""quick beer"", ""half order"", ""favorite pumpkins"", ""vegan friends"", ""Brewpub"", ""variety"", ""dishes"", ""Nachos"", ""pizza"", ""sandwiches"", ""beers"", ""sight"", ""service"", ""pace"", ""restaurant"", ""bite"", ""food"", ""patio"", ""time"", ""Kid"", ""vegetarian"", ""fish"", ""chips"", ""par""]"
2u5Skti5mZam_-XTKPelvA,qO9dNNIvNbCBd8ZgjxMxgQ,HOME Santa Barbara,Santa Barbara,CA,"{Home & Garden,Furniture Stores,Home Decor,Shopping,Flowers & Gifts,Gift Shops}",2017-04-08,5.0,positive,0.95,"[""good home store"", ""Helpful staff"", ""great ideas"", ""Joanna Gaines"", ""Fixer Upper"", ""reasonable prices"", ""Farmhouse"", ""chic"", ""items"", ""SB""]"
mCVyppNwK2qPOJHXgs0p2Q,NQSnr4RPUScss607oxOaqw,Chase's Hop Shop,Philadelphia,PA,"{Chicken Wings,Nightlife,Bars,Delis,Food,Beer Gardens,Sandwiches,Beer Bar,Restaurants,Beer,Wine & Spirits,Gastropubs}",2016-05-19,5.0,positive,1.0,"[""Super Smash Brothers"", ""six pack"", ""good beers"", ""fellow patrons"", ""great place"", ""good food"", ""nice people"", ""night"", ""Nintendo"", ""owner"", ""staple"", ""Northeast""]"
dzNxNW9XpJiECE-bKATezw,6LCZLGa09Qifn6rG7-DNrg,Erawan Thai Cuisine,Philadelphia,PA,"{Thai,Restaurants}",2015-02-16,4.0,mixed,0.76,"[""Americanized thai cuisine"", ""pad thai"", ""Pat thai"", ""coconut milk"", ""white meat"", ""coconut soup"", ""enough amount"", ""generous amount"", ""same menu"", ""less herb"", ""go"", ""protein"", ""dish"", ""cilantro"", ""peanut"", ""noodle"", ""chicken"", ""meal""]"
nAE4IGJMRxDfas0qYabMWw,7wQEzj-0yOpLiANNLuUflQ,Deepwater Diner,Penns Grove,NJ,"{Restaurants,Diners}",2016-10-26,4.0,positive,0.99,"[""Great diner food"", ""Excellent service"", ""breakfast"", ""lunch"", ""295.""]"
DWbmJF84jRrGaJRmlSSnYQ,SIoCIxjn4jLt2O-4DajWJw,Mac's Tavern,Philadelphia,PA,"{Nightlife,Restaurants,American (New),Bars,Pubs}",2015-11-18,4.0,positive,0.88,"[""real long time"", ""Saturday night"", ""wtf sauce"", ""bartenders attention"", ""sunny crew"", ""spot"", ""lucys"", ""street"", ""food"", ""wings"", ""fries"", ""place""]"
4zopEEPqfwm-c_FNpeHZYw,SZU9c8V2GuREDN5KgyHFJw,Santa Barbara Shellfish Company,Santa Barbara,CA,"{Live/Raw Food,Restaurants,Seafood,Beer Bar,Beer,Wine & Spirits,Bars,Food,Nightlife}",2016-05-31,5.0,mixed,0.78,"[""Juicy, buttery chunks"", ""overall great value"", ""perennial good reviews"", ""local rock crab"", ""California Rock Crab"", ""rock crab shells"", ""white crab meat"", ""great amount"", ""rock crabs"", ""good start"", ""good sign"", ""Shellfish Company"", ""many places"", ""Cannery Row"", ""captive audience"", ""sub-standard fare"", ""high prices"", ""initial observations"", ""peak hours"", ""dinner rush"", ""salad/chowder combo"", ""hearty portions"", ""Shrimp Bisque"", ""side dishes"", ""least amount"", ""favorite meals"", ""safe proposition"", ""Wharf"", ""Monterey"", ""feast"", ""Yelp"", ""wait"", ""20 minutes"", ""special"", ""3 lbs"", ""choice"", ""soup/chowder"", ""look"", ""trays"", ""wife"", ""perfection"", ""work"", ""King"", ""SBSC"", ""trip""]"
-7LkjSPzfVgnVpuVuRuOow,2GYg3liJ9-m6Z67L_4_BRQ,Weavers Way Co-Op,Philadelphia,PA,"{Pets,Cheese Shops,Health Markets,Grocery,Food,Specialty Food}",2008-12-03,5.0,mixed,0.67,"[""Weaver Way values"", ""previous reviews"", ""convenience shopping"", ""single woman"", ""peak times"", ""smaller quantities"", ""corporate stores"", ""tree huggers"", ""earth children"", ""minded folks"", ""different backgrounds"", ""preservative-free foods"", ""chain stores"", ""Whole Foods"", ""other members"", ""single person"", ""solo decision"", ""10% visitors' fee"", ""work hours"", ""membership committee"", ""membership fee"", ""global community"", ""great place"", ""content"", ""WW"", ""trouble"", ""items"", ""Acme."", ""variety"", ""produce"", ""prices"", ""local"", ""family"", ""everyone""]"
67cGcRrS0jTvB8p7rpaPew,oQ5CPRt0R3AzFvcjNOqB1w,Edley's Bar-B-Que - 12 South,Nashville,TN,"{Barbeque,Restaurants,Dive Bars,Cocktail Bars,Southern,Nightlife,Bars}",2016-01-17,3.0,positive,0.87,"[""different BBQ spot"", ""other people"", ""food"", ""socks"", ""place"", ""husband""]"
qdzNocGBnh8U-cvE_N8qbA,pAgtmlIGqFYaWdBoCUeitw,Holiday Inn Nashville-Vanderbilt,Nashville,TN,"{Fashion,Event Planning & Services,Venues & Event Spaces,Hotels,Shopping,Hotels & Travel,Women's Clothing}",2012-12-04,1.0,negative,0.08,"[""TV shows"", ""cheesy way"", ""classy hotel"", ""complimentary breakfast"", ""overpriced buffet"", ""cheapest hotels"", ""commercials"", ""money"", ""sign"", ""less"", ""California""]"
Ti6y48ya3syOndm7teSjcg,O8BBn8lry8lLoIFmChceGg,Just Pizza,Indianapolis,IN,"{Restaurants,Pizza}",2014-08-10,5.0,positive,0.95,"[""one deal"", ""hot wings"", ""hotel"", ""guys"", ""shop"", ""ton"", ""sauce"", ""town"", ""pizza""]"
4KpIldEM-tdnrJLqYzRfZQ,HTqXI5S2XcSlh_ylx9sE6g,Termini Bros Bakery,Philadelphia,PA,"{Food,Restaurants,Bakeries}",2018-03-23,5.0,positive,0.99,"[""Termini Bros"", ""cannolis"", ""filling""]"
Ad91EzbAGRCR1SwkPfZJKg,WCVFqK84i2H5EClSoow7ZA,Itty-Bitty,Granite City,IL,"{Sandwiches,Burgers,American (Traditional),Restaurants}",2016-07-21,5.0,positive,0.92,"[""Granite City"", ""little gem"", ""food choices"", ""home cooking"", ""RV"", ""cafe"", ""staff"", ""Yum""]"
fGYcFOHfQL4stYPdD3J47g,PzhPMkaNYiKDTHoTG0r8rw,Pho Cam Ly,New Orleans,LA,"{Vietnamese,Restaurants}",2016-09-18,4.0,mixed,0.71,"[""Friendly staff"", ""3 weeks"", ""area"", ""place"", ""Magazine"", ""Ph\u00f2""]"
Lk21QNbrI_e3nf0GvWSPww,sLgnx_WFCjEoPsS6NwU70Q,Le Peep,Meridian,ID,"{Event Planning & Services,Salad,Caterers,American (New),Sandwiches,Restaurants,Breakfast & Brunch}",2014-10-27,5.0,positive,1.0,"[""family"", ""breakfast"", ""food"", ""service""]"
HuWEnZr7-0HveaqXxyywgg,YbnJYHNp_fHbI-hcFg48vQ,Santa Barbara Adventure Company,Santa Barbara,CA,"{Tours,Boating,Hotels & Travel,Rafting/Kayaking,Parks,Travel Services,Active Life}",2009-08-03,5.0,positive,0.98,"[""Santa Cruz Island"", ""wonderful time"", ""kayaking tour"", ""tour guide"", ""husband"", ""Jen"", ""lot"", ""fun"", ""caves"", ""expectation""]"
aAcQibR3zWOvk4atbCM3SA,Zi-F-YvyVOK0k5QD7lrLOg,Muriel's Jackson Square,New Orleans,LA,"{Cajun/Creole,Restaurants}",2016-09-18,5.0,positive,1.0,"[""goat cheese crepes"", ""delicious meal"", ""reasonable price"", ""shrimp""]"
-up4mW6WdqzGrRh7t_pLmA,EpREWeEpmR8f1qLHzzF0AA,Schlafly Bottleworks,Saint Louis,MO,"{Local Flavor,Food,Brewpubs,Breweries,Restaurants,Pizza,American (Traditional),American (New)}",2011-11-30,5.0,mixed,0.73,"[""St. Louis tradition"", ""More fun info"", ""tattoo parlor staff"", ""huge beer drinker"", ""good pizza pie"", ""STL area"", ""FIRST time"", ""dining area"", ""many event"", ""live music"", ""The Hefeweizen"", ""personal favorite"", ""great start"", ""pizza connoisseur"", ""bison burger"", ""alternative people"", ""pricier side"", ""local food"", ""way"", ""10 years"", ""place"", ""factory"", ""tour"", ""Friday"", ""Sunday"", ""hour"", ""shop"", ""bar"", ""weekends"", ""chance"", ""wait"", ""recommendation"", ""server"", ""date"", ""service"", ""funky"", ""quality"", ""emphasis"", ""brewery"", ""experience""]"
PDHRlnEdkEcwATry4w71PQ,Wy8Hswf2cLQGRZN6armkag,Jack in the Box,Goleta,CA,"{Restaurants,Fast Food,Mexican,Tacos,Burgers,Breakfast & Brunch}",2011-08-24,1.0,negative,0.0,"[""plain hamburger"", ""two bites"", ""through window"", ""actual restaurant"", ""next people"", ""bacon"", ""drive"", ""guy"", ""2 minutes"", ""conversation"", ""line"", ""car"", ""food"", ""apology"", ""ordeal"", ""shame"", ""variety"", ""places"", ""DT"", ""Freebirds""]"
EZarjNNbO_2yH1Xbizog9g,pR8u8hXf1vvzoAGOoKHQqQ,Mike's Auto Detailing,Tampa,FL,"{Auto Detailing,Car Wash,Automotive}",2016-08-25,5.0,positive,1.0,"[""great job"", ""car wash"", ""service""]"
ymhbOMW63B_vGaRFR3XT0A,5Ce3lZksYVkCbrihqylVHQ,Sushi Nara,Tucson,AZ,"{Sushi Bars,Japanese,Restaurants}",2014-07-25,5.0,positive,0.97,"[""huge selection"", ""Sushi Nara"", ""4 sushi rolls"", ""place"", ""staff"", ""service"", ""prices"", ""fact"", ""husband"", ""total"", ""freshness"", ""food"", ""Everyone"", ""eastside""]"
5GGfWhVGmubQLmbVbye8vw,AgbRp5NLsP1-J1fdg6Hdcw,Hands On Bicycle,Clearwater,FL,"{Sporting Goods,Bikes,Shopping}",2017-05-13,5.0,positive,0.99,"[""Awesome little shop"", ""other parts"", ""owner"", ""stuff"", ""work"", ""tires""]"
_UYXYxRRnZtH-dNJZEkMQQ,lpfrjbjIWC0BNZThaSDMLw,Simply Thai Restaurant,Florissant,MO,"{Thai,Restaurants}",2015-12-21,5.0,positive,0.93,"[""best Panang curry"", ""hidden gem"", ""sister restaurant"", ""food"", ""Florissant"", ""fare""]"
zRIH5eDA2GbynjZPrk8dDg,jLerIZFpe25jOUf722qzBA,Il Posto Italian Cafe,New Orleans,LA,"{Coffee & Tea,Food,Restaurants,Italian}",2011-03-20,3.0,mixed,0.71,"[""tuna melt type sandwich"", ""two stars"", ""extra star"", ""tomato-basil soup"", ""weak marinara"", ""putting flavor"", ""Italian meats"", ""baked goods"", ""Nutella bruschetta"", ""lemon zest"", ""food"", ""menu"", ""design"", ""concept"", ""something"", ""dishes"", ""mortadella"", ""prosciutto""]"
5obXxR0b94b5q6j1zYCAzw,aY_n9RSaD2Yw09jSFFePew,PizzaMan Dan's,Carpinteria,CA,"{Chicken Wings,Restaurants,Beer,Wine & Spirits,Sandwiches,Food,Pizza,Italian}",2017-08-16,1.0,mixed,0.16,"[""sub sandwich"", ""tomato sauce"", ""enough cheese"", ""second time"", ""veggie pizza"", ""husband"", ""dough"", ""machine"", ""rush""]"
RGV9GWhAAfAAlYyd4vho7g,3ZynJ94VpIdDlaArmEp2Rg,More Than Just Ice Cream,Philadelphia,PA,"{Food,Sandwiches,Ice Cream & Frozen Yogurt,Comfort Food,Breakfast & Brunch,Diners,Restaurants,Desserts}",2013-10-03,3.0,mixed,0.51,"[""late night milkshakes"", ""black&white malt"", ""ice cream craving"", ""ice cream flavors"", ""couple friends"", ""pumpkin pie"", ""creamy coffee"", ""coffee milkshake"", ""3 milkshakes"", ""1 coffee"", ""advantage"", ""name"", ""1 chocolate"", ""way""]"
7rCsR3SARVF3vXNiw_Csgg,9gObo5ltOMo6UgsaXaHPWA,R2L,Philadelphia,PA,"{American (New),Lounges,Nightlife,Cocktail Bars,Bars,Restaurants}",2016-09-06,5.0,positive,0.87,"[""100th birthday"", ""great table"", ""delicious \""compliments"", ""extra dishes"", ""cake plate"", ""attentive servers"", ""special occasion"", ""memorable experience"", ""husband"", ""mother"", ""treatment"", ""view"", ""chef"", ""warm""]"
DOeEDBfsrNph0ktNkYYFnQ,9OtFX3YzG5keaUMOWU1imA,Champions,Nashville,TN,"{American (Traditional),Bars,American (New),Restaurants,Sports Bars,Nightlife}",2014-05-26,5.0,positive,0.96,"[""dedicated local place"", ""local ingredients"", ""chain restaurant"", ""good employees"", ""Man"", ""bartender"", ""burger"", ""plates"", ""food"", ""beer"", ""drinks""]"
JzBhoRVecH9pO0BBiJNQqw,b7V_5q22_eTeHlYzq1bpFw,Harbor Seafood & Oyster Bar,Kenner,LA,"{Seafood,Restaurants}",2017-01-02,3.0,mixed,0.4,"[""5 days stay"", ""nearby hotel"", ""new year"", ""great deal"", ""happy hours"", ""Turtle soup"", ""strange taste"", ""seafood shop"", ""fresh seafood"", ""Superior Seafood"", ""Raw oysters"", ""boiled shrimps"", ""restaurant"", ""list"", ""reasons"", ""pros"", ""schedule"", ""party"", ""two"", ""chances"", ""dozen"", ""standard"", ""server"", ""3 stars"", ""bunch"", ""stuff"", ""50 cents"", ""quality"", ""Felix"", ""portion"", ""ambient"", ""bathroom"", ""area""]"
meGaFP7yxQdjyABrYDVeoQ,cg4JFJcCxRTTMmcg9O9KtA,Ava,Tampa,FL,"{Wine Bars,Desserts,Bars,American (New),Nightlife,Restaurants,Italian,Food,Salad,Breakfast & Brunch,Pizza}",2018-02-11,1.0,mixed,0.2,"[""train wreck"", ""water refills"", ""chicken parmesan"", ""eggplant parmesan"", ""fish bone"", ""dinner"", ""server"", ""restaurant"", ""setups"", ""drinks""]"
5M9fBQINWamyQPdJ7OQkeA,iD25g7vUG3asELjXtMGF9w,Taqueria del Sol,Willow Grove,PA,"{Food,Specialty Food,Mexican,Restaurants,Ethnic Food}",2012-12-04,2.0,negative,0.12,"[""2oz glass prep bowls"", ""stainless steel prep tables"", ""dining tables"", ""menu boards"", ""soda machines"", ""various salsas"", ""three burritos"", ""extra salsa"", ""damn tacos"", ""salsa trio"", ""Meh"", ""TDS"", ""restaurant"", ""decor"", ""staff"", ""identification"", ""shirts"", ""nametags"", ""food"", ""party"", ""fact"", ""3 samples"", ""brother"", ""guacamole"", ""drinks"", ""apps"", ""atmosphere""]"
gmVABJ9ctuispKPC7S1AeQ,rJzLJL33mFyrM_90kAQKuw,Angela Clifton Photography,Land O Lakes,FL,"{Event Photography,Session Photography,Art Schools,Photographers,Event Planning & Services,Specialty Schools,Education}",2017-12-02,5.0,positive,1.0,"[""Angela Clifton Photography"", ""single picture"", ""fun experience"", ""pictures"", ""photos"", ""price"", ""keepsake""]"
tXHWJWnTdrraHGUqaPWj3g,S2Ho8yLxhKAa26pBAm6rxA,Creole House Restaurant & Oyster Bar,New Orleans,LA,"{Cajun/Creole,Seafood,Restaurants,Breakfast & Brunch}",2018-05-19,4.0,positive,1.0,"[""sidewalk table"", ""Side street"", ""French quarter"", ""quieter dining"", ""fish"", ""food""]"
GK5JEpizD-nDGXsJUYVLTg,6JFTijOMHB46yBoyVOjPCA,Santa Barbara County Courthouse,Santa Barbara,CA,"{Courthouses,Active Life,Event Planning & Services,Landmarks & Historical Buildings,Public Services & Government,Parks,Venues & Event Spaces}",2015-08-30,4.0,mixed,0.74,"[""tower clock room"", ""court house"", ""spiral staircase"", ""entire city"", ""5th level"", ""mechanical gears"", ""prior appointment"", ""2 to 3 hours"", ""art"", ""view"", ""time""]"
r1tPwFMILy0COeEQ-B3YLw,8xM8akbQhHDQdJO1sPMB1A,Black Rock Coffee Bar,Boise,ID,"{Coffee & Tea,Food}",2018-07-26,5.0,positive,1.0,"[""1st experience"", ""regular customer"", ""pleasure"", ""Ann"", ""absolute"", ""day"", ""girlie""]"
byblHsbxiqb1pC1cuSfslA,18eWJFJbXyR9j_5xfcRLYA,Siam Elephant,Carpinteria,CA,"{Restaurants,Thai}",2011-10-28,4.0,positive,0.92,"[""combination dinner pad Thai"", ""great Thai decor"", ""great change"", ""first time"", ""top notch"", ""coconut soup"", ""place"", ""The"", ""restaurant"", ""music"", ""staff"", ""service"", ""town"", ""selection"", ""food"", ""pace"", ""go"", ""Carp""]"
xumAI7br1X67OY_bU_Yqhg,X_E7U2lVNEwbH_gpOBmAHQ,Cerveza Jack's,Nashville,TN,"{Nightlife,Restaurants,Bars,Mexican}",2017-06-17,5.0,positive,0.98,"[""country version"", ""place"", ""list"", ""artist""]"
xqp0pnO0PfBkaFRNaVImYw,_uyLoz0BbrQIVmUEm_td1Q,Jimmy The Greek's,Alton,IL,"{Greek,Restaurants}",2018-06-09,3.0,mixed,0.61,"[""6 oz pepperloin meal"", ""shrimp kabob meal"", ""4 shrimp"", ""husband"", ""service"", ""restaurant""]"
fC415u9adP0Xtamme7hcCw,f-WhNOSwN1aB4nRFekf01g,Smoothie King,New Orleans,LA,"{Arts & Entertainment,Ticket Sales,Food,Juice Bars & Smoothies,Health Markets,Professional Sports Teams,Specialty Food,Stadiums & Arenas}",2015-03-19,4.0,positive,0.91,"[""Smoothie King center"", ""full service bars"", ""New Orleans Arena"", ""nice surprise"", ""face lift"", ""many tastes"", ""drink options"", ""funnel cake"", ""cotton candy"", ""delicious things"", ""top notch"", ""food options"", ""seats"", ""everything"", ""quality"", ""years"", ""lemonade"", ""beer"", ""course"", ""smoothies"", ""spot"", ""sweets"", ""kinds"", ""venue""]"
onlgwy5qGDEzddsrnIvtWg,W7NxQw8UYFR0HLPrI08tvw,Chipotle Mexican Grill,Tucson,AZ,"{Restaurants,Fast Food,Mexican}",2012-02-01,4.0,mixed,0.68,"[""lunch time"", ""tummy"", ""Chipotle"", ""stake"", ""full"", ""service""]"
FMFZoES5LfumuwhsZbIDlQ,f4PA-f1tcN1bIpZJLdFsQQ,Deccan Spice,Clearwater,FL,"{Nightlife,Venues & Event Spaces,Indian,Bars,Buffets,Restaurants,Lounges,Soup,Event Planning & Services,Salad}",2017-05-26,5.0,mixed,0.63,"[""white table linens"", ""hot sour soup"", ""best Indian restaurants"", ""real Indian food"", ""best part"", ""Tampa Bay"", ""place foodies"", ""ambience"", ""OMG"", ""chicken"", ""waitress"", ""Angel""]"
QS7CuOtFLuS3dnwKHRtSYQ,m5-FtgWRd4qA7j0vaOXiXQ,Preservation Hall,New Orleans,LA,"{Music Venues,Arts & Entertainment,Event Planning & Services,Venues & Event Spaces,Nightlife,Jazz & Blues}",2016-11-10,5.0,mixed,0.76,"[""third trip"", ""reserved seats"", ""good cause"", ""great personalities"", ""band members"", ""tiny hole"", ""wall space"", ""True musicians"", ""NOLA"", ""door"", ""line"", ""benches"", ""hour"", ""preservation"", ""Jazz"", ""show"", ""concerts"", ""200 people"", ""smiles"", ""faces"", ""craft"", ""must""]"
4PHFo_GRG4FEk1q4X7xQVQ,X63jIMRHYBvKKQDuJTRiQQ,Keystone Discount Tire,Bensalem,PA,"{Transmission Repair,Auto Repair,Tires,Oil Change Stations,Automotive}",2014-10-11,5.0,mixed,0.64,"[""irregular outer front tire wear"", ""Keystone Discount Tire"", ""many other shops"", ""other plans"", ""GREAT EXPERIENCE"", ""new customer"", ""PA State"", ""total ripoff"", ""2008 Pontiac Torrent"", ""free coffee"", ""overall analysis"", ""mailing list"", ""Emissions  inspection"", ""appointment"", ""dealership"", ""places"", ""things"", ""reviews"", ""Yelp"", ""area"", ""car"", ""rack"", ""technician"", ""problem"", ""alignment"", ""future"", ""Bill"", ""less"", ""hour"", ""add-ons"", ""coupons""]"
1c6sgLe07HAhipebsQ1wgA,HnhxO2cpa15AHI1456Pl6Q,CPR Cell Phone Repair Manchester,Manchester,MO,"{IT Services & Computer Repair,Mobile Phones,Mobile Phone Repair,Shopping,Local Services,Electronics Repair,Telecommunications}",2015-10-17,5.0,mixed,0.75,"[""a half an hour"", ""sons phone"", ""excellent service"", ""less"", ""professional""]"
PPgbLBvi34A6m7bKJfTwhw,GyC36Pn0Q1-qHnqXys6yFg,Cracker Barrel Old Country Store,Tampa,FL,"{Southern,Comfort Food,Caterers,Breakfast & Brunch,Event Planning & Services,American (New),Restaurants,American (Traditional)}",2013-12-07,1.0,mixed,0.12,"[""cracker barrel"", ""Service"", ""management"", ""orders"", ""waiter"", ""manager"", ""drinks"", ""mess"", ""food"", ""half"", ""hour"", ""experience""]"
gImS1dtA_TixEouDfp2o4g,D5V0Fawd6ODVgqCY8xngsw,Loews Philadelphia Hotel,Philadelphia,PA,"{Event Planning & Services,Hotels & Travel,Restaurants,Hotels,Seafood}",2017-01-14,4.0,mixed,0.45,"[""dog friendly hotels"", ""The Reception person"", ""Dog dishes"", ""big dog"", ""labrador/golden mix"", ""front desk"", ""welcome kit"", ""Holy moly"", ""top floor"", ""car attendants"", ""extra night"", ""hotel lobby"", ""queen Bentley"", ""number"", ""city"", ""motel"", ""heart"", ""bf"", ""ease"", ""treats"", ""mat"", ""guests"", ""room"", ""name"", ""service"", ""Loews""]"
jSoo6p_GpvYRHG2QK6WE2g,fGYnHzFr1z2kv7bPRW6VMA,Limoncello Ristorante & Caterers,West Chester,PA,"{Pizza,Event Planning & Services,Italian,Caterers,Restaurants}",2017-08-08,3.0,mixed,0.61,"[""different people"", ""food"", ""something"", ""years"", ""kitchen"", ""time"", ""UGH""]"
pl5AjpEcFxFTltkBvHjsRA,EBn3U4mpnIRLIy2lKuilRQ,Logan's Roadhouse,Nashville,TN,"{Restaurants,Nightlife,American (New),Barbeque,Steakhouses,Bars,American (Traditional),Burgers}",2012-11-06,1.0,negative,0.0,"[""First time"", ""second time"", ""one half"", ""other half"", ""one side"", ""other side"", ""third time"", ""insincere apology"", ""location"", ""belief"", ""ribs"", ""manager"", ""kind"", ""guy"", ""fuss"", ""something"", ""review""]"
8GZbCEMxrbqmRinDbfHWVQ,FHNIvNgh3fS7VZQq2Y3dsA,Cheu Noodle Bar,Philadelphia,PA,"{Asian Fusion,Tapas/Small Plates,American (New),Restaurants,Vietnamese,Korean,Noodles,Ramen,Japanese}",2014-07-13,3.0,mixed,0.41,"[""crazy variety"", ""stellar broth"", ""thick noodles"", ""salty broth"", ""nice selection"", ""ramen places"", ""bigger fan"", ""selections"", ""Cheu"", ""matter"", ""taste"", ""service"", ""beers"", ""friend"", ""others"", ""oddball"", ""one""]"
D3GVEsKHghesOV5wdZOwRQ,gGyqnAlpFrka_qzpO7j4lQ,Citizens Bank Park,Philadelphia,PA,"{Active Life,Baseball Fields,Stadiums & Arenas,Arts & Entertainment}",2013-04-11,5.0,neutral,0.01,"[""new concession"", ""fried chicken"", ""concession stand"", ""Federal Doughnuts"", ""ballpark"", ""pizza"", ""cheesesteaks"", ""brownies"", ""cookies""]"
L0E_Ld__jIATsQ1vA7ZGZw,D4DZztR7vkbiED6txGUYFg,Red Kings 2 Restaurant,Philadelphia,PA,"{Nightlife,Karaoke,Food,Szechuan,Chinese,Restaurants}",2013-06-24,4.0,positive,0.91,"[""second Red Kings restaurant"", ""other Red Kings"", ""Dan Dan Noodles"", ""Garlic sauce dish"", ""second helping"", ""Szechuan food"", ""spice level"", ""delicious flavors"", ""great leftovers"", ""other dishes"", ""down dinner"", ""karaoke rooms"", ""Chinatown"", ""place"", ""street"", ""spicy"", ""takeout"", ""Pork"", ""portions"", ""sit"", ""BYOB""]"
9IG9eB3K-RdIonPBuZ0psw,jOOOrH5n2ijnsZKxzPSAiw,Chick-fil-A,Nashville,TN,"{Caterers,Food Delivery Services,Fast Food,Food,Restaurants,Event Planning & Services,Salad,Chicken Shop}",2016-04-23,5.0,positive,1.0,"[""busiest Chick fil"", ""exceptional service"", ""favorite places""]"
OlaSUt3bA66VcCbVHhR0oA,UEgiQRvpAeaq-QyEvm7Ysw,Slimms Pizza and Salads,Fishers,IN,"{Restaurants,Pizza,Salad}",2017-11-06,5.0,positive,0.99,"[""Best place"", ""salads"", ""town"", ""lunch"", ""veggies""]"
QsuwAldo7cc94nJxu6xKWQ,dyCfFIt1XIA8lIpuWaW2eQ,Old River Road Plantation Adventure,New Orleans,LA,"{Hotels & Travel,Tours}",2015-10-08,5.0,mixed,0.81,"[""Laura Plantation tour"", ""Oak Alley"", ""September 26th"", ""Jackson Square"", ""French Quarter"", ""free time"", ""return drive"", ""parents"", ""name"", ""driver"", ""plantations"", ""schedule"", ""properties"", ""locations"", ""rest"", ""afternoon""]"
yyrMqY7sNp5gT7KJ1AaYWA,GBTPC53ZrG1ZBY3DT8Mbcw,Luke,New Orleans,LA,"{German,Restaurants,Seafood,Cocktail Bars,French,Brasseries,American (New),Nightlife,Bars,Cajun/Creole,Breakfast & Brunch}",2016-03-07,4.0,mixed,0.67,"[""sour cream"", ""brunch"", ""Everything"", ""grits"", ""scallions"", ""room"", ""sweater""]"
OJO7m2zn3LAr011J1I7ppQ,1QVB0_-piu0GXes87BXeGw,Daddy Dawgs Hot Dogs & Ice Cream,Safety Harbor,FL,"{Hot Dogs,Ice Cream & Frozen Yogurt,Restaurants,Food}",2017-10-11,5.0,positive,0.97,"[""best hot dogs"", ""chili dogs"", ""place"", ""yum""]"
SpmKsFnwg35PTgCVujOOJA,pUVRCYL8rT4I5Ry5FYkRsA,Topa Topa Brewing Company,Santa Barbara,CA,"{Food,Breweries}",2016-12-19,5.0,positive,0.91,"[""Best local beer"", ""Sweet spot"", ""live music"", ""Fig Mountain"", ""incredible food"", ""Nook Restaurant"", ""Lama Dog"", ""Waterline"", ""friends"", ""Saturday"", ""town"", ""concept"", ""notches"", ""Topa"", ""part""]"
Bf4LKkVzGvEKM-rOyc8M_A,9GiEYlSeM4Csc8Isp5PzPw,Big Easy Swamp Adventures,New Orleans,LA,"{Party & Event Planning,Boating,Event Planning & Services,Local Flavor,Fishing,Hotels & Travel,Tours,Yelp Events,Active Life}",2016-04-11,5.0,mixed,0.67,"[""Great customer service"", ""pick up area"", ""extra ticket"", ""full grown"", ""baby alligator"", ""late hatch"", ""tour guide"", ""group"", ""money"", ""minutes"", ""fun"", ""lots"", ""alligators"", ""babies"", ""water"", ""turtles"", ""birds"", ""ride"", ""tricks"", ""boat""]"
f1rzB39-cvLf0ZUgLbgQGA,IfcJZKQiBKf_9yq784qbww,Westfall Roofing,Tampa,FL,"{Home Services,Roofing}",2017-08-29,5.0,mixed,0.67,"[""excellent follow up"", ""excellent communication"", ""entire process"", ""Quality roof"", ""Westfall"", ""April"", ""company""]"
3dVcGYz6GokuEytLrfG8bA,Dv6RfXLYe1atjgz3Xf4GGw,HipCityVeg,Philadelphia,PA,"{Burgers,Vegetarian,Restaurants,Vegan}",2012-12-04,4.0,positive,0.78,"[""sweet potato fries"", ""fast food approach"", ""Good food"", ""vegan food"", ""nice staff"", ""buffalo bella"", ""lot"", ""sense"", ""dish"", ""money"", ""Cheesesteak"", ""way""]"
I1rcoz7_p4z2hXjpno5RHw,uaipZDBSvzDzUUlazpyGCg,Minato Noodles,Reno,NV,"{Japanese,Korean,Restaurants,Soup,Noodles,Asian Fusion,Ramen}",2016-01-04,3.0,positive,0.96,"[""Good place"", ""quick stop"", ""other choices"", ""ramen"", ""Service""]"
zcj7iTXdSz0GCBOReMTeiQ,Zx7n8mdt8OzLRXVzolXNhQ,Milk and Honey Nashville,Nashville,TN,"{American (New),Restaurants,American (Traditional),Food,Breakfast & Brunch,Coffee & Tea,Pizza}",2018-01-21,5.0,positive,0.96,"[""menu"", ""everyone"", ""cravings"", ""wait"", ""9""]"
bed0N65L9E1GyiNsI7BOqg,OlcuZ9sWonCsSSGuHxb6yw,Dickey's Barbecue Pit,Metairie,LA,"{Barbeque,Restaurants,American (Traditional),Chicken Wings,Southern}",2017-01-14,5.0,positive,1.0,"[""potato casserole cream spinach"", ""brisket sandwich"", ""two sides"", ""Great barbecue"", ""affordable price"", ""Wonderful side"", ""green beans"", ""drink""]"
uGJubhANtj6sfP_xz8LeLQ,xR3inMR2KceU3b9dhkz_tw,Lascelles Granite City,Granite City,IL,"{American (Traditional),Restaurants,Tapas Bars,American (New)}",2016-01-30,4.0,positive,1.0,"[""vegetarian/vegan options"", ""food"", ""service""]"
vZNDuj4a8cFQV9t6-FijSQ,nYRFGR2C-OOhRvO8rvI4qw,Mrs Marty's Deli,Broomall,PA,"{Restaurants,Breakfast & Brunch,Delis,Sandwiches}",2016-01-30,3.0,mixed,0.5,"[""two different older waitresses"", ""Terrible customer service"", ""Great food"", ""other hand"", ""owner""]"
S4nZgOgiv9w8MOiaWTpwBQ,pSmOH4a3HNNpYM82J5ycLA,The Pancake Pantry,Nashville,TN,"{Restaurants,Sandwiches,Food,Breakfast & Brunch,Bakeries}",2015-06-08,5.0,mixed,0.54,"[""super savory corn pancake"", ""best breakfast spots"", ""plane ride"", ""Franklin local"", ""Holly cow"", ""sour cream"", ""place"", ""line"", ""Nashvilles"", ""butt"", ""rush"", ""waitress"", ""bacon"", ""salsa"", ""stop"", ""south""]"
T1zOiLUzakVNKIQybQbwtg,cp3pRJJuQo0urJZm2inr_A,Veekoo,Royersford,PA,"{Restaurants,Asian Fusion,Japanese,Chinese}",2017-01-02,5.0,positive,0.98,"[""Pink Lady Roll"", ""Tiger Roll"", ""Tornado Roll"", ""same area"", ""wife"", ""place"", ""management"", ""service"", ""Things"", ""Billy"", ""others""]"
wV0oeF8F4P5h9ap5uWoNWg,Q-prSTdggNlxAEFV88BZOw,Tria Cafe Wash West,Philadelphia,PA,"{Beer,Wine & Spirits,Wine Bars,Modern European,American (New),Cheese Shops,Specialty Food,Food,Restaurants,Bars,Nightlife}",2009-05-21,4.0,positive,0.99,"[""fun place"", ""relaxing place"", ""work day"", ""Tria"", ""bottle"", ""wine"", ""cheese"", ""friends""]"
xS4qtB70SM-q7kX7smKlRg,zt2JwrXrou8PyDELJOOA_w,Alexander Customs,Tucson,AZ,"{Auto Detailing,Automotive,Auto Repair,Tires,Auto Glass Services}",2014-06-28,1.0,mixed,0.23,"[""half an hour"", ""full detailing"", ""next Sat"", ""following week"", ""appt time"", ""horrendous experience"", ""OMG"", ""kind"", ""service"", ""husband"", ""appointment"", ""Michael"", ""Fri"", ""distance"", ""home"", ""8am"", ""Nobody"", ""workshop"", ""car"", ""call"", ""breakfast"", ""9:30am"", ""chance"", ""Alex"", ""partner"", ""sight"", ""hold""]"
jazQvYxoflZm6BBjmh1gZg,YNm4WrEHejsVIEfkZ0MZFQ,Penske Truck Rental,Sparks,NV,"{Transportation,Movers,Home Services,Hotels & Travel,Truck Rental,Automotive}",2010-11-22,5.0,mixed,0.71,"[""numerous things"", ""additional services"", ""top notch"", ""great care"", ""move"", ""office"", ""guys"", ""mother""]"
O2QGOa66t5BCYDvxLiOtbA,cB_9eHHfo9me96cZup-lZQ,"The Saint Hotel, Autograph Collection",New Orleans,LA,"{Hotels,Venues & Event Spaces,Event Planning & Services,Hotels & Travel}",2017-04-19,1.0,mixed,0.28,"[""other dead small bugs"", ""HUGH flying roach"", ""other cohorts"", ""small spiders"", ""The Saint"", ""cool bar"", ""great weekend"", ""front desk"", ""maintenance worker"", ""GOOD ENOUGH"", ""The W"", ""younger gentlemen"", ""room service"", ""girl"", ""trip"", ""lobby"", ""restaurant"", ""things"", ""hotel"", ""ambiance"", ""Everyone"", ""hours"", ""ton"", ""laptop"", ""bottle"", ""mani/pedi"", ""trouble"", ""NOLA"", ""supervision"", ""dinner"", ""scenes"", ""8am"", ""corners"", ""window"", ""TV"", ""lamps"", ""bulbs"", ""point"", ""3am"", ""purse"", ""luggage"", ""normal"", ""manager"", ""someone"", ""apology"", ""money"", ""changes"", ""heart"", ""dear"", ""8:15""]"
suMtrxm_nUiAQMu6ZfG5Wg,actDmpJyaQPnkds6knMdKA,The Green Project,New Orleans,LA,"{Hardware Stores,Recycling Center,Home Services,Local Services,Shopping,Building Supplies,Community Service/Non-Profit,Thrift Stores,Home & Garden}",2009-03-01,5.0,neutral,0.03,"[""new door"", ""Green Project"", ""building supplies"", ""random bits"", ""roofing materials"", ""bunch"", ""lumber"", ""paint"", ""landfill""]"
e4H9r1BSvBGAVQ-HvelnhA,6p07zfmJWvytr0paqpyvbg,Layla's Honky Tonk,Nashville,TN,"{Bars,Music Venues,Nightlife,Arts & Entertainment}",2017-10-11,1.0,negative,0.0,"[""Worst place"", ""bouncer"", ""broadway"", ""people"", ""bad"", ""charge"", ""tourist""]"
zM7u3iffMjniyvQAaN9Tnw,29YqJwOGEuAWqlHZxMc1OA,Paradise Cafe,Santa Barbara,CA,"{American (Traditional),American (New),Nightlife,Restaurants,Seafood,Cafes}",2012-05-29,1.0,negative,0.01,"[""lower State dive"", ""many levels"", ""Greek salad"", ""tasteless dressing"", ""inferior-frozen piece"", ""great setting"", ""good service"", ""horrible food"", ""years"", ""quality"", ""cliff"", ""Strike"", ""artichoke"", ""inside"", ""flesh"", ""wife"", ""bag"", ""yellowtail"", ""fish"", ""SB"", ""short"", ""visit"", ""place"", ""tourists""]"
940tqxFO4Pwg_KMg4Y4Z5g,EQ-TZ2eeD_E0BHuvoaeG5Q,Milktooth,Indianapolis,IN,"{Beer,Wine & Spirits,Cafes,Coffee & Tea,Restaurants,Food,Breakfast & Brunch,American (New)}",2018-01-10,5.0,mixed,0.77,"[""raclette grilled cheese"", ""popular brunch places"", ""good breakfast cocktail"", ""usual 30 minute wait"", ""traditional brunch"", ""first glance"", ""coffee drinks"", ""amazing meal"", ""Dutch pancake"", ""boozy breakfast"", ""Milktooth"", ""twist"", ""menu"", ""foods"", ""Indy"", ""weekends"", ""walk"", ""bar"", ""pastries"", ""Snack"", ""preview"", ""time"", ""things"", ""ingredients"", ""variations"", ""michelada""]"
LDuli7valYv5N5RVFWb70w,M0c99tzIJPIbrY_RAO7KSQ,Hyatt Regency St. Louis at the Arch,Saint Louis,MO,"{Event Planning & Services,Venues & Event Spaces,Hotels,Hotels & Travel}",2018-04-04,4.0,mixed,0.63,"[""working downtown area"", ""tub floor"", ""weird stains"", ""other con"", ""st. louis"", ""cool bars"", ""friday night"", ""room upgrade"", ""Great staff"", ""honeymoon"", ""view"", ""hilton"", ""rust"", ""tile"", ""bathroom"", ""4 stars"", ""valet"", ""streets"", ""Lots"", ""restaurants""]"
r-PjI5sBvNoBekk5mURNww,ZuM1vcZ_ObCjCCGweYzItg,Green Locus,Tampa,FL,"{Gyms,Fitness & Instruction,Active Life,Yoga,Pilates,Barre Classes}",2013-10-24,5.0,mixed,0.78,"[""Beyond Organic food items"", ""beginning class"", ""small sweat"", ""moves"", ""places"", ""studio""]"
yRjKglMBJblTSQe2HONaWg,AWnzFqIrlkLAKTc46_zmEg,Mena's Palace,New Orleans,LA,"{Restaurants,Southern,Cajun/Creole,Seafood,Breakfast & Brunch}",2012-04-28,4.0,positive,0.91,"[""Great place"", ""fried chicken"", ""red beans"", ""lunch"", ""NOLA"", ""rice"", ""staple"", ""trips"", ""town"", ""Staff""]"
H3SCk-RrWwaP7J6vrdCV7w,5ezrDoezdUlJpUa5Jg6dUQ,In the Valley,Philadelphia,PA,"{Nightlife,Restaurants,Wine Bars,Bars,Tapas/Small Plates,Cocktail Bars,American (New)}",2017-07-30,5.0,positive,0.85,"[""sparkling wine"", ""cocktails"", ""Kali"", ""Bourbon"", ""hibiscus"", ""lillet""]"
LnKr0hwejzl71QmoQyTRDQ,hAmuto6UndVroyd_DaD-TA,Lobster Haven,Tampa,FL,"{Specialty Food,Seafood Markets,Seafood,Food,Restaurants}",2018-03-04,5.0,positive,0.86,"[""authentic New England seafood"", ""chain lobster restaurant"", ""fresh seafood"", ""Lobster Haven"", ""live lobster"", ""Huge selection"", ""place"", ""something"", ""friend"", ""type"", ""Massachusetts"", ""family"", ""Service"", ""favorites""]"
VDn0TqsdpxbNUBZEXkakUQ,WaRZsQEcEHwRk0T2dJ-cuA,La Casita,New Orleans,LA,"{Mexican,Latin American,Gluten-Free,Restaurants}",2014-02-24,5.0,positive,1.0,"[""Best happy hour"", ""fresh menu"", ""Delish- drinks"", ""time""]"
1sZkJCitG9-XSlZQJJRs-g,C7ZNfxgDQWinNzRfTkevxg,The Men's Club Barber Shop,Philadelphia,PA,"{Barbers,Beauty & Spas}",2014-03-14,5.0,positive,0.97,"[""one time"", ""same cut"", ""Men"", ""clubs"", ""tits"", ""barbers"", ""skills"", ""enough"", ""3 years"", ""problems"", ""dude"", ""Ryan""]"
RMho6HMpdec1YgIypwWQrQ,ab3pRv-b0o-BwMK2jVbH3Q,Saki Endless Sushi & Hibachi Eatery,Clearwater,FL,"{Restaurants,Salad,Sushi Bars,Soup,Japanese}",2018-08-24,5.0,positive,1.0,"[""husband"", ""food"", ""service"", ""place"", ""sushi"", ""hibachi""]"
NeTum-oNTUbCwMKxh1aQag,t-bcEvAM8oE92tm9HBr7wQ,Petra Restaurant,Tampa,FL,"{Middle Eastern,Specialty Food,Halal,Food,Ethnic Food,Imported Food,Restaurants}",2014-05-24,4.0,positive,1.0,"[""Saturday special rice"", ""Indian fried rice"", ""middle eastern food"", ""Other things"", ""Petra Restaurant"", ""home"", ""family"", ""Friday"", ""lamb"", ""location"", ""place"", ""Service""]"
mSggForidMf0eUaK-Qnnvg,eMiN8nm70jjKg8izikVWDA,Chickie's & Pete's,Philadelphia,PA,"{Seafood,Nightlife,Sports Bars,Bars,Restaurants,American (New)}",2012-07-16,4.0,mixed,0.54,"[""major sporting events"", ""crab fries"", ""spicy pull"", ""peel shrimp"", ""blue crabs"", ""good touch"", ""Philadelphia institution"", ""good time"", ""two things"", ""right frame"", ""Oh Chickie"", ""best food"", ""mussels red"", ""drunk people"", ""perfect place"", ""Pete"", ""sports"", ""seat"", ""beer"", ""way"", ""game"", ""stadiums"", ""favs"", ""garlic"", ""steamers"", ""mood"", ""lot"", ""work"", ""sinks"", ""mess"", ""hands"", ""experience"", ""table"", ""ton"", ""mind""]"
WHBZtv1ZabwX0r-alDjA3g,GgGfhKUGusCbP-rvjHiS3A,Safelite AutoGlass,Tampa,FL,"{Windshield Installation & Repair,Body Shops,Auto Glass Services,Automotive}",2016-01-17,5.0,positive,1.0,"[""Simple mirror fix"", ""Prompt"", ""Saturday"", ""Charlotte""]"
rGI8UdsEGiGeETFiu1VK1w,hRHhP3fhMy3LktPyQa3s_A,Landry's Seafood House,Saint Louis,MO,"{Restaurants,Steakhouses,American (Traditional),Seafood}",2008-08-20,3.0,mixed,0.79,"[""lump crab cake appetizers"", ""Good choice"", ""Union Station"", ""St. Louis"", ""two names"", ""same fish"", ""cream sauce"", ""shrimp cocktail"", ""The Ponchartrain"", ""server"", ""Tilapia"", ""menu"", ""clue"", ""mushrooms"", ""Drinks"", ""service"", ""patio"", ""weather""]"
UrGHZY5-pDs4uOP8SFPg-w,eUO4QA6nL2XdCeWuD7tkww,Room 901,Saint Petersburg,FL,"{Whiskey Bars,Wine Bars,Restaurants,Bars,American (Traditional),Beer Bar,Pubs,Nightlife}",2017-05-26,5.0,positive,0.91,"[""Harry Potter movie"", ""old library-esque environment"", ""St. Pete area"", ""unique concept"", ""background music"", ""low volume"", ""interesting people"", ""meat/cheese trays"", ""comparable places"", ""drink"", ""atmosphere"", ""attention"", ""detail"", ""remodel"", ""something"", ""friends"", ""bar"", ""Michael"", ""Peggy"", ""dinner"", ""food"", ""prices""]"
WcCEk3Q7bgIynzgq0dgTNA,c5QMFe_yhgksThaR2a6rtg,Applebee's Grill + Bar,Deptford,NJ,"{Steakhouses,American (Traditional),Bars,Chicken Wings,Nightlife,Restaurants,Sports Bars,Burgers,American (New)}",2014-07-28,3.0,mixed,0.51,"[""good burger"", ""Bourbon Black"", ""big party"", ""many people"", ""Bleu"", ""3 stars"", ""wait"", ""4 adults"", ""5 kids"", ""hour"", ""food"", ""table""]"
27CYrDqJIUjbOLNeKTfjDg,pym7c6ZFEtmoH16xN2ApBg,Katie's Restaurant & Bar,New Orleans,LA,"{Restaurants,Bars,Nightlife,American (Traditional),Cajun/Creole,Seafood}",2016-06-22,4.0,positive,0.94,"[""local seasonal offerings"", ""towner guests"", ""Cuban sandwich"", ""great meal"", ""Daily specials"", ""service staff"", ""bottomless Mimosas"", ""go"", ""place"", ""Katie"", ""variety"", ""none"", ""ersters"", ""shrimp"", ""grits"", ""pizza"", ""soup"", ""salad"", ""things"", ""Sunday"", ""arrival"", ""church"", ""bit"", ""wait""]"
M2uQZs0rnlUijHSmGx4zHA,AzseSGgDC6bVtMPEYo1CNQ,Creole Creamery,New Orleans,LA,"{Food,Ice Cream & Frozen Yogurt}",2013-05-07,4.0,mixed,0.79,"[""Zurich Classic golf tournament"", ""cookie monster ice cream"", ""ice cream cone"", ""parking space"", ""unusual flavors"", ""Creole Creamery"", ""street"", ""interior"", ""selection"", ""couple"", ""scoop"", ""spot""]"
1TsJMk7OT7MUSNLQoFc2wA,s3FRhtaNU8dt-mKkLKUQaQ,RuSan's Sushi and Seafood,Nashville,TN,"{Sushi Bars,Ramen,Food,Beer,Wine & Spirits,Restaurants,Burgers,Japanese,Seafood}",2012-06-26,5.0,positive,0.98,"[""loud dance music"", ""safety reasons"", ""great rolls"", ""Young atmosphere"", ""place"", ""years"", ""escargot"", ""lots"", ""Saki"", ""mountains"", ""rice"", ""Sashimi"", ""way""]"
Gczff1Qxg4WVmlBLPrZwzQ,34Eqv8jXgxg_EEwcsNgeeg,Backyard Bowls,Santa Barbara,CA,"{Health Markets,Coffee & Tea,Ice Cream & Frozen Yogurt,Restaurants,Juice Bars & Smoothies,Breakfast & Brunch,Food,American (New),Specialty Food}",2014-05-25,5.0,positive,0.97,"[""Backyard Bowl"", ""kids size"", ""good quality"", ""everything"", ""husband"", ""ingredients"", ""foods"", ""price"", ""patience"", ""wait""]"
k7HWRysS3ICXxzhbddCemw,a1u9Bxrq_fZxl2pgqQUcJA,The Governor,New Orleans,LA,"{Restaurants,Cajun/Creole,American (New),Seafood}",2018-07-17,4.0,positive,0.99,"[""interesting side"", ""Food presentation"", ""potato salad"", ""okay"", ""service"", ""person"", ""rice"", ""gumbo"", ""Sprite""]"
pJRn59F_lyNO1zT3TCVd0Q,pSmOH4a3HNNpYM82J5ycLA,The Pancake Pantry,Nashville,TN,"{Restaurants,Sandwiches,Food,Breakfast & Brunch,Bakeries}",2018-03-04,3.0,mixed,0.78,"[""good pancake place"", ""Good price point"", ""way"", ""pancakes"", ""breakfast""]"
ypFqmURIY41F4pWaMW1VrQ,7L1kXfwU5XM6f6Jxo_L7Yg,Casa Molina Del Norte,Tucson,AZ,"{Latin American,Mexican,Restaurants}",2015-07-03,5.0,positive,0.96,"[""true authentic Mexican food"", ""shredded beef burro"", ""kid"", ""staff"", ""service"", ""Yoli"", ""frank"", ""cheese""]"
HME_ksGph3se7Aze5hxa-Q,kxX2SOes4o-D3ZQBkiMRfA,Zaika,Philadelphia,PA,"{Halal,Pakistani,Restaurants,Indian}",2014-07-13,2.0,mixed,0.29,"[""Disappointing service"", ""lamb kebab"", ""Dine"", ""2 stars"", ""venue"", ""food"", ""place"", ""3 stars"", ""sauces"", ""lettuce"", ""meat""]"
Rtw--aLDMSvk4y_WxV-ZUg,7wpTBtY2kiMXmW42zvL-fw,Shishkabob House,Kenner,LA,"{Restaurants,Middle Eastern}",2017-07-28,5.0,positive,1.0,"[""best middle eastern restaurant"", ""area"", ""Food"", ""tummy""]"
2EjmDJnE2z5_lAWyV1rd4g,xruWHK8Z5N0JWyQubLHjgA,Potito's Italian American Pastries,Philadelphia,PA,"{Food,Restaurants,Bakeries}",2011-02-14,5.0,mixed,0.5,"[""one star"", ""xmas eve"", ""TWO HOURS"", ""BEST cannoli"", ""bambino cannoli"", ""someone"", ""place"", ""scoop"", ""city"", ""Termini"", ""where"", ""NEAR"", ""Isgro"", ""quality"", ""Potito"", ""go"", ""rest"", ""days"", ""line"", ""tirimisu""]"
HpwQOIy5IgQwHaFAZVUrKw,G-zzByEfv2oqjcxYmPsjtA,El Limon - Malvern,Malvern,PA,"{Mexican,Restaurants}",2017-04-07,5.0,positive,0.91,"[""tiny, authentic, perfectly delicious eatery"", ""authentic Mexican food"", ""enough good things"", ""good Mexican restaurants"", ""Best two features"", ""amazing Mexican feast"", ""El Limon"", ""fish tacos"", ""homemade tamales"", ""free margaritas"", ""entire family"", ""panhandle"", ""Texas"", ""plenty"", ""state"", ""Pennsylvania"", ""Sopes"", ""tostadas"", ""enchiladas"", ""fajitas"", ""burritos"", ""Waitstaff"", ""Ole""]"
UD0AKHQQHSzYsbCkdM7Xrw,tJCnUtGdyPyOGt5kudLrTA,Wise Guys Pizza & Steaks,Philadelphia,PA,"{Pizza,Cheesesteaks,Restaurants,Chicken Wings}",2012-03-30,4.0,mixed,0.7,"[""best turkey burgers"", ""high quality standard"", ""turkey) Greek Burger"", ""joint 4 stars"", ""5 star material"", ""fellow Yelp-ers"", ""ther pizza"", ""strong suit"", ""onion rings"", ""good  Baklava"", ""chicken steaks"", ""chunky chicken"", ""Signature Salad"", ""The Quaker"", ""Chicken version"", ""kinks"", ""errors"", ""area"", ""corrections"", ""accommodations"", ""food"", ""100% mozzarella"", ""cut"", ""something"", ""cheese"", ""veggies"", ""fries"", ""ketchup"", ""onions"", ""breading"", ""Spanakopita"", ""mine"", ""flavors"", ""balsamic"", ""patty"", ""tzatziki"", ""bowl"", ""stuff"", ""romaine"", ""arugula"", ""feta"", ""sauce"", ""place""]"
-pBDXBop_8v1dKk-BBpyzQ,vPlhhf6CcB5dzQv1sEwlvg,Planet Fitness,Nashville,TN,"{Gyms,Fitness & Instruction,Tanning,Trainers,Beauty & Spas,Active Life}",2014-09-25,5.0,mixed,0.49,"[""cheapest best bang"", ""Planet fitness"", ""four stars"", ""big women"", ""Tanning bed"", ""sculpt machine"", ""massage chairs"", ""buck"", ""motivation"", ""bodybuilders"", ""pun"", ""discrimination"", ""everything"", ""stuff"", ""friends"", ""employees""]"
bi6GaeWDGceGv62lXTIKQA,bjhCtlYHrkgA5Ku8l-rB3g,Our Daily Bread,Santa Barbara,CA,"{Restaurants,Cafes,Breakfast & Brunch,Bakeries,Food}",2015-01-04,1.0,negative,0.0,"[""other \""small\"" items"", ""simple details"", ""Saturday"", ""kitchen"", ""website"", ""Sun"", ""places"", ""hours"", ""awareness"", ""quality""]"
rHrhsfMGmYfCGiN8Ul02qQ,Cu8ysHKiZmJKRY9nF3Hzsw,Perfect Plumbing Heating & Air,Garden City,ID,"{Heating & Air Conditioning/HVAC,Water Heater Installation/Repair,Electricians,Home Services,Plumbing}",2016-10-26,5.0,positive,1.0,"[""good work"", ""guys"", ""time"", ""warranty""]"
hOwlMPilziEHtyuKpf4Rlg,hy5GpGXAna-5qrb3zNub6g,On The Border Mexican Grill & Cantina,Mt. Laurel,NJ,"{Mexican,Restaurants,Food,Tex-Mex}",2017-03-27,5.0,positive,0.94,"[""full stomach"", ""Servers"", ""food""]"
0UnK7dQKT3ogC2sBCeYWLA,vje0KIiE7vtpx7JzmBx5LQ,The Pearl,Treasure Island,FL,"{Restaurants,French,Moroccan,Seafood,Mediterranean}",2015-10-08,5.0,mixed,0.67,"[""closing time"", ""pearl"", ""birthday"", ""detail"", ""experience"", ""food"", ""wine"", ""service"", ""staff""]"
TgDp1TErom3UNglKhDy2uw,W8Z4rXYkmZlEVSaxIVjyvg,Redwood Rotisserie + Grill,Reno,NV,"{Restaurants,American (New),Cocktail Bars,Bars,Tex-Mex,American (Traditional),Barbeque,Nightlife}",2017-08-16,5.0,positive,0.98,"[""beautiful redwood beams"", ""four good-sized slices"", ""little heavenly bits"", ""fresh corn salad"", ""tri-tip salad"", ""potato salad"", ""delightful find"", ""wrecking ball"", ""one side"", ""balsamic vinagrette"", ""medium-rare tri-tip"", ""potato \""croutons"", ""crunchy potatoes"", ""tri/tip/chicken combo"", ""two sides"", ""lemon meringue"", ""mudd pie"", ""apple pie"", ""ice cream"", ""browned meringue"", ""Carrow"", ""Restaurant"", ""Plumb"", ""Kietzke"", ""fascia"", ""food"", ""wife"", ""greens"", ""plate"", ""dessert"", ""something"", ""offering"", ""set"", ""prices"", ""quality"", ""experience"", ""family"", ""friends""]"
LF5UQBZuqjU5B4kTVSIKGg,_agzW_0F9uSJ7i6EJ9ufeg,Rebecca Gay Doula CBE CLC,Tampa,FL,"{Health & Medical,Educational Services,Doulas,Placenta Encapsulations,Midwives,Education,Lactation Services,Fitness & Instruction,Active Life}",2015-01-04,5.0,mixed,0.83,"[""first born daughter"", ""expectant Momma"", ""special role"", ""magical time"", ""great addition"", ""support team"", ""Rebecca"", ""birth"", ""nanny"", ""months"", ""home"", ""work"", ""information"", ""suggestions"", ""trait"", ""Doula"", ""woman"", ""beauty"", ""strength""]"
A6RyprhBtUtanSuzPfa0wg,CmjvsiafnWH60fuYz2LCmA,Orange Tint and Graphics,Tampa,FL,"{Car Stereo Installation,Automotive,Windows Installation,Auto Repair,Professional Services,Auto Parts & Supplies,Home Window Tinting,Auto Glass Services,Vehicle Wraps,Car Window Tinting,Graphic Design,Home Services}",2015-11-18,5.0,positive,0.96,"[""customer care"", ""owner Dustin"", ""Orange Tint"", ""tint options"", ""car pick"", ""fantastic service"", ""Tune"", ""4 miles"", ""shop"", ""Carlos"", ""technician"", ""grade"", ""look"", ""kind"", ""5 stars"", ""addition"", ""receptionist""]"
2fD2Do7xBjoahST3FmiwcQ,AY1SyySRyTnBwBdf7qfGxQ,Citi Market place,Philadelphia,PA,"{Grocery,Vegan,Food,Vegetarian,Convenience Stores,Restaurants}",2009-08-04,5.0,positive,0.87,"[""delicious / attentive service"", ""vegetarian breakfast sandwiches"", ""veggie club sandwich"", ""amazing chocolate bars"", ""incredible drink case"", ""addictive hi-chew candies"", ""chicken cheesesteak hoagie"", ""favorite bagel sandwich"", ""chicken salad"", ""adorable woman"", ""recent discovery"", ""veg. sausage"", ""everything bagel"", ""other half"", ""great suggestions"", ""great snack"", ""chip varieties"", ""door"", ""counter"", ""name"", ""visits"", ""havarti"", ""croissant"", ""wawa"", ""people"", ""menus"", ""wall"", ""accommodations"", ""needs"", ""tons"", ""flavor""]"
As1_aGyTE-Sh3jGwh3vG0Q,DsKzHnkLKnxZTVsFpts4oA,Red Owl Tavern,Philadelphia,PA,"{Breakfast & Brunch,American (New),Restaurants}",2016-07-03,5.0,positive,0.92,"[""3 meat hash"", ""turkey sandwich"", ""brunch"", ""food"", ""bagel/salmon"", ""employees"", ""area""]"
FpWzaYsVDGrU8w3134s1jg,VVvUBlc_WIEb8obKGq39dA,Four Green Fields,Tampa,FL,"{Irish Pub,Bars,Restaurants,Irish,Nightlife}",2016-10-13,4.0,positive,0.99,"[""Nice little bar"", ""22oz Jai Alai"", ""several new restaurants"", ""new spot"", ""far end"", ""Tampa International"", ""local vibe"", ""TSA area"", ""portion size"", ""alcoholic beverages"", ""Terminal E"", ""Delta flight"", ""airport"", ""ton"", ""seating"", ""TVs"", ""game"", ""Food"", ""Appetizers"", ""majority"", ""sandwiches"", ""Drinks"", ""Prices"", ""Columbia"", ""Manhattan"", ""Staff""]"
6etKnG-31gbxxAnJgsSQ5g,TDKBPcViJQDMrdUm6a9XZA,The Depot Craft Brewery Distillery,Reno,NV,"{Food,Restaurants,Brasseries,Breweries,Distilleries,Gastropubs}",2015-01-04,5.0,positive,1.0,"[""depot burger"", ""shishito peppers"", ""Perfect food"", ""perfect atmosphere"", ""perfect drinks""]"
Lj1TAURE_hYtPW3IlhKWMg,9xm4aIAT_xwRoTxc0_8AWQ,Townplace Suites Tucson Airport,Tucson,AZ,"{Hotels,Hotels & Travel,Event Planning & Services}",2015-02-16,5.0,mixed,0.59,"[""standard TownePlace Suite rooms"", ""Pima Air Museum"", ""fast food options"", ""hot options"", ""other hotels"", ""office buildings"", ""20 minute drive"", ""5-10 minutes"", ""many restaurants"", ""sandwich place"", ""walking distance"", ""weekday evenings"", ""soft drinks"", ""university area"", ""business"", ""property"", ""airport"", ""refrigerator"", ""stove"", ""combination"", ""downtown"", ""staff"", ""breakfast"", ""couple"", ""reception"", ""complaint"", ""dinner"", ""diet"", ""period"", ""beds""]"
wsFRDsHxz2mM_Ettgn1qQg,qf4LecJDQWIt0gt6VJWFPw,Frontier Steakhouse,Tampa,FL,"{Burgers,Steakhouses,Restaurants,American (Traditional)}",2017-06-28,4.0,mixed,0.59,"[""little local gem"", ""citrus Wood"", ""smoky flavor"", ""big fans"", ""most places"", ""side trip"", ""sweet potatoes"", ""decent selection"", ""waitress Lisa"", ""great recommendations"", ""return trip"", ""chain restaurants"", ""14 oz. ribeye"", ""Tampa strip"", ""7 oz"", ""drive"", ""Orlando"", ""somewhere"", ""yelp"", ""ladies"", ""gents"", ""steaks"", ""oak"", ""smoker"", ""woodsmoke"", ""Sides"", ""veggies"", ""wines"", ""offer"", ""bottle"", ""service""]"
d9j7KC7FTOkoI_L-iPIsDg,yQhu3LbnB2gQgrquHZ_S6Q,Saladworks,Newtown,PA,"{Soup,Salad,American (Traditional),Vegetarian,Sandwiches,American (New),Restaurants}",2017-07-08,5.0,positive,0.86,"[""new summer salads"", ""two separate occasions"", ""two others"", ""previous review"", ""owner"", ""location"", ""Southampton"", ""half"", ""hour"", ""approach"", ""business"", ""type"", ""person"", ""Saladworks"", ""service""]"
xilt6zGZ3Nqo2_fogn3jjA,_aKr7POnacW_VizRKBpCiA,Blues City Deli,Saint Louis,MO,"{Delis,Bars,Restaurants,Nightlife,Pubs,American (Traditional),Sandwiches}",2013-05-29,5.0,mixed,0.79,"[""best deli"", ""crazy choices"", ""The Muffalata"", ""big 4 people"", ""Thursday night"", ""live music"", ""good pick"", ""Great Chili"", ""potato salad"", ""YEP"", ""US."", ""Lots"", ""Saturday"", ""special"", ""plenty"", ""sides"", ""course"", ""chips""]"
Kyv0fqRZTR1lKJ7YafBsIg,aZyCHVqXnz81fW1_KbFq0w,Saguaro National Park,Tucson,AZ,"{Active Life,Parks}",2017-02-09,5.0,positive,1.0,"[""cross country trip"", ""Saguaro National Park"", ""Park Ranger Carolyn"", ""first stops"", ""quick tour"", ""dad"", ""studies""]"
hVs0KrkaRNaxmH2GQm2qLA,QUEWdnmVCv2Ri8xJATTrIQ,Chicken and Watermelon,New Orleans,LA,"{Chicken Wings,Restaurants}",2016-06-11,4.0,mixed,0.46,"[""lemon pepper wings"", ""New Orleans flavors"", ""noonie bird"", ""same section"", ""daiquiri shop"", ""husband"", ""plenty"", ""drinks"", ""watermelon"", ""lord"", ""location"", ""something"", ""community"", ""day"", ""night"", ""place"", ""Skip""]"
0-lnwfRh1GA1Lvu5RRC9Cg,7WZ5EGb-Xk_uxQTWc52P4w,Tom Jones Family Restaurant,Brookhaven,PA,"{Restaurants,Diners,Breakfast & Brunch,American (Traditional)}",2012-06-26,5.0,mixed,0.67,"[""odd ATM type machine"", ""loud\"" orange booths"", ""Tom Jones"", ""front entrance"", ""blue ribbon"", ""club sandwich"", ""baked potato"", ""stale smoke"", ""different waitress"", ""young ladies"", ""different managers"", ""good manager"", ""4 to 5 stars"", ""french toast"", ""time"", ""review"", ""money"", ""check"", ""restrooms"", ""payphone"", ""bargain"", ""everything"", ""pancakes"", ""2 eggs"", ""sausage"", ""bacon"", ""juice"", ""coffee"", ""kids"", ""daughter"", ""choice"", ""meals"", ""chicken"", ""Everyone"", ""Service"", ""top"", ""things"", ""fave""]"
-b1TKCO3GfYyXXvtDQq7qA,fWbQiSAErNcznezzkfCdvg,Ferrel's Chiropractic,Santa Barbara,CA,"{Chiropractors,Health & Medical}",2015-04-28,5.0,mixed,0.48,"[""amateur athlete"", ""Dr. Ferrel"", ""single mom"", ""amazing results"", ""softball"", ""game"", ""field"", ""ankle"", ""office"", ""treatment"", ""teacher"", ""salary"", ""physician"", ""months"", ""hope"", ""weeks"", ""years"", ""hero""]"
_yfUDZFGYfc4Lmq2l-U7ZA,VO5Jphyqmoa62lbA7-vzpQ,Gaslight Theatre,Tucson,AZ,"{Arts & Entertainment,Performing Arts}",2013-05-07,5.0,positive,1.0,"[""relaxed atmosphere"", ""good time"", ""good food"", ""fair price"", ""fun"", ""shows"", ""Entertaining"", ""place""]"
LO2C_mywzQy5BvdEeONR1A,CYwC5OjwCN6ib_AQDxi3Ow,In-N-Out Burger,Goleta,CA,"{Restaurants,Fast Food,Burgers}",2016-08-12,5.0,positive,0.95,"[""4 patties animal style bruh"", ""Love"", ""mood""]"
UanAtEVU2kZ5hYu9h41MLg,iVegX9epKU8R0eRAEwQ6Yg,Burritos Grill Mexican Fresh Cuisine,New Orleans,LA,"{Restaurants,New Mexican Cuisine,Mexican}",2018-09-22,5.0,positive,0.98,"[""other Mexican restaurants"", ""Mexican cuisine"", ""first bite"", ""Great food"", ""Cindy"", ""service"", ""staff"", ""Everything"", ""difference""]"
q22lpVDGRGiglEUqjdbA4A,P10BsKUeoeCeVoK4BS2u0w,Trust Me BBQ,Riverview,FL,"{Restaurants,Barbeque}",2012-05-28,2.0,mixed,0.14,"[""Bone BBQ  Pros"", ""vending machine"", ""wrong sides"", ""BBQ Sauce"", ""macaroni salad"", ""steam table"", ""2-3 days"", ""Collard Greens"", ""year"", ""line"", ""10 minutes"", ""service"", ""reviews"", ""chance"", ""fuss"", ""food"", ""gentleman"", ""counter"", ""order"", ""meals"", ""Cons"", ""Chicken"", ""sheet"", ""paper"", ""Cheese"", ""pan""]"
nYFpOY84gzeAz7ujVP8oaw,kPG6r0h73sPgXBei0MyzYg,Numchok Wilai,Edmonton,AB,"{Restaurants,Thai}",2017-05-26,5.0,mixed,0.35,"[""pa nang chicken"", ""one star spicy"", ""little hole"", ""town"", ""week"", ""wall""]"
p3UM6VOJOGuY0iTxD-Topw,oRZzKWdyMQld6N_y4UWkAg,Terra Sur Cafe,Tampa,FL,"{Latin American,Restaurants,Peruvian,Seafood}",2013-05-07,4.0,positive,1.0,"[""several different ethnicities"", ""Cinco de"", ""great place"", ""nice job"", ""Mexican\"" destination"", ""rock salt"", ""wine bar"", ""specialty bottles"", ""rocks margaritas"", ""red sangria"", ""mayo"", ""things"", ""flavors"", ""backgrounds"", ""recipes"", ""tequila"", ""overflow"", ""house"", ""trip""]"
RdeS7gqrmVs5kJtazzVr3A,J55AT36H5EeJ9ey8etGjHA,Donut Palace,Hermitage,TN,"{Food,Donuts}",2014-01-17,5.0,mixed,0.62,"[""small little donut bakery"", ""oldest shopping centers"", ""common popular donuts"", ""hard job"", ""wee hours"", ""apple fritters"", ""breakfast pastries"", ""yummy treats"", ""scandalous marriage"", ""favorite treats"", ""school teachers"", ""baking donuts"", ""regular donuts"", ""sweet donuts"", ""Hermitage"", ""business"", ""jobs"", ""morning"", ""Yeu"", ""owner"", ""bacon"", ""top"", ""pigs"", ""blanket"", ""kolaches"", ""addition"", ""doughssants"", ""croissant"", ""trip"", ""Prices"", ""kid"", ""Coffee""]"
Ki8OQZ-R7aift5Bh_jKdDA,f-WhNOSwN1aB4nRFekf01g,Smoothie King,New Orleans,LA,"{Arts & Entertainment,Ticket Sales,Food,Juice Bars & Smoothies,Health Markets,Professional Sports Teams,Specialty Food,Stadiums & Arenas}",2016-05-19,5.0,positive,0.98,"[""basketball games"", ""local favorites"", ""blast"", ""event"", ""concerts"", ""lot"", ""fun"", ""food""]"
x-1wBBwja9l2Hr5bgqsG0A,mQvRi0nm84Www71d4qOheQ,Ekta Indian Cuisine,Bryn Mawr,PA,"{Seafood,Vegetarian,Restaurants,Indian}",2016-07-03,5.0,positive,1.0,"[""Excellent food"", ""three appetizers"", ""five entries"", ""hit"", ""prices"", ""service""]"
cCs7yPSyk8NdA-Ufoz_7hw,v5ktgWMAARaczTMh2rAJKg,San Jose Mexican Restaurant,Lutz,FL,"{Restaurants,Mexican,Salad}",2017-12-27,2.0,negative,0.0,"[""service"", ""one""]"
_-D9UYciNNTIe6amQAsJUg,o7cD_sDA-Evj3Oh0zeH9nQ,Asian Pho,Reno,NV,"{Restaurants,Vietnamese}",2015-03-18,1.0,mixed,0.3,"[""rice plate"", ""5-7 tablespoons"", ""worst chicken"", ""sauce"", ""time"", ""car"", ""bag"", ""oil"", ""container"", ""dish"", ""slogan"", ""word"", ""joke""]"
LLzom-2TITa4gasV7_fCCA,XTQ3iEaLMUbJg2DrcodslA,Sears Home Appliance Showroom,Springfield,PA,"{Home Services,Home & Garden,Building Supplies,Appliances,Mattresses,Appliances & Repair,Hardware Stores,Shopping,Furniture Stores,Outlet Stores,Local Services,Plumbing,Shopping Centers}",2017-08-07,5.0,positive,0.92,"[""additional sales prices"", ""Great experience"", ""new home"", ""new appliances"", ""knowledgeable salespeople"", ""timely delivery"", ""best price"", ""many options"", ""honest feedback"", ""washer"", ""dryer"", ""reviews"", ""issues"", ""level"", ""service"", ""budget"", ""discounts"", ""questions"", ""Sears""]"
EPhqAu_YQLJEvKox6WrzDw,F3n0sB5Dqn-N2fAA5TgmFQ,China Kitchen,Reno,NV,"{Restaurants,Chinese}",2017-05-26,5.0,positive,1.0,"[""food"", ""staff"", ""order""]"
qsjMCjaEW9UWyzAw4ujWcw,HrIbP2-jdRJAU92yqyDmyw,Genoa Pizza and Grill,Glenolden,PA,"{Salad,Sandwiches,Restaurants,Pizza}",2016-03-07,5.0,positive,0.88,"[""mushroom cheese steak"", ""great job"", ""remodle""]"
vqmhsvXK9z4TTvnVDNpPDQ,ICqgjbOpBD9SUtE5PQC9sA,Captain Bill's Oyster Bar,Treasure Island,FL,"{American (New),Cocktail Bars,Seafood,Bars,Restaurants,Nightlife}",2018-02-23,5.0,mixed,0.79,"[""72 year old grandmother"", ""frills atmosphere"", ""accommodating service"", ""two 40 somethings"", ""Captain Bill"", ""menu choices"", ""ingredient substitutions"", ""Wait service"", ""wait time"", ""great food"", ""dining party"", ""water"", ""passersby"", ""dolphins"", ""Members"", ""picky"", ""everyone"", ""specifications"", ""point"", ""restaurant"", ""experience"", ""John""]"
bUR41rh0qluvTTgdgEaCVg,Vnob_w_Aohf7ZDqxcJ9z2A,Mint Modern Vietnamese Bistro & Bar,New Orleans,LA,"{Bars,Restaurants,Food,Nightlife,Vietnamese,Bubble Tea}",2016-01-30,5.0,mixed,0.5,"[""Taro Tapioca Smoothie"", ""perfect cure"", ""sweet tooth"", ""bad choice"", ""neighborhood"", ""Mint""]"
a5JHzBrWxRd_OmIvV7znDA,WM3q-7scdPUei6fu4SJFYw,Nick's Old Original Roast Beef,Springfield,PA,"{Restaurants,Nightlife,Bars,Sandwiches,Dive Bars}",2014-11-12,1.0,mixed,0.12,"[""Ham Combo     Roast Turkey     Roast Turkey Combo     Broccoli Rabe     Broccoli Rabe Combo"", ""Roast Beef     Roast Beef Combo     Roast Pork     Roast Pork Combo"", ""roast port combos"", ""wet meat\"" option"", ""menu place card"", ""high ratings"", ""entire experience"", ""location choice"", ""weak descriptions"", ""table placecard"", ""detailed description"", ""big deal"", ""same time"", ""temperature differential"", ""hot version"", ""structural integrity"", ""two sandwiches"", ""less gravy"", ""raves"", ""people"", ""start"", ""finish"", ""website"", ""3 locations"", ""bottom"", ""explanations"", ""price"", ""cheese"", ""way"", ""bar"", ""restaurant"", ""tables"", ""cook"", ""lack"", ""word"", ""2 things"", ""waitress"", ""hurry"", ""bread"", ""style""]"
-xM8cH4AeVzgTJBQHlxfUQ,EtKSTHV5Qx_Q7Aur9o4kQQ,Village Whiskey,Philadelphia,PA,"{Bars,Nightlife,Whiskey Bars,Burgers,Restaurants,American (New)}",2014-11-30,5.0,positive,1.0,"[""The Duck Fat fries"", ""The Whiskey Burger"", ""Village Whiskey"", ""greasier burger"", ""actual restaurant"", ""takeout"", ""tender"", ""bacon"", ""price""]"
M7h8K7PrLrN8yQb3RhHLdA,WLiqfxv_GhFFA5sm878a2w,Wei Asian Cafe,Tucson,AZ,"{Chinese,Restaurants}",2013-12-29,5.0,positive,0.82,"[""orange chicken"", ""Asian food"", ""family"", ""hot"", ""place""]"
i6qS_PlGj4kl_2u55WKa5Q,CHh0ZFrQcsk4boOItr2Zuw,Albertsons,Carpinteria,CA,"{Grocery,Drugstores,Pharmacy,Shopping,Food,Health & Medical}",2015-06-09,4.0,mixed,0.85,"[""California Kettle Corn"", ""Convenient parking lot"", ""spare time"", ""Wide isles"", ""good selection"", ""bakery stuff"", ""usual groceries"", ""Taco Works"", ""semi-unusual chips"", ""other stores"", ""Diet Coke"", ""snacks"", ""flowers"", ""SLO"", ""checkout"", ""staff"", ""Albertsons""]"
Pl-2SFJtkiYnzWN9IOW2jQ,ELKgARoj5UNjQXUkX8T8KQ,Laundromat,Indianapolis,IN,"{Local Services,Laundry Services,Dry Cleaning & Laundry,Laundromat}",2013-05-07,5.0,mixed,0.83,"[""questionable people"", ""4 oversize loads"", ""8 regular loads"", ""security cameras"", ""flat screen"", ""T.V"", ""clean bathrooms"", ""vending machines"", ""wonderful atmosphere"", ""laundry mat"", ""boyfriend"", ""house"", ""family"", ""bunch"", ""towels"", ""sheets"", ""comforters"", ""facility"", ""staff"", ""speed"", ""dryer"", ""2 hours"", ""place"", ""magazines"", ""wi"", ""fi"", ""plenty"", ""washers"", ""LAUNDROMAT""]"
tsK04dlK87ia08UxWQk3Tw,hRHhP3fhMy3LktPyQa3s_A,Landry's Seafood House,Saint Louis,MO,"{Restaurants,Steakhouses,American (Traditional),Seafood}",2018-01-21,3.0,mixed,0.2,"[""late night dinner"", ""St Louis"", ""garlic bread"", ""food world"", ""prices"", ""couples"", ""plate"", ""server"", ""meal"", ""AH"", ""MAZING"", ""weight"", ""off"", ""competition""]"
NvusujU9_5pIUbn9SZ6hMA,XMGjDIAFbu9VSmWDs-Ev5w,The Haven,St. Louis,MO,"{Restaurants,Nightlife,American (Traditional)}",2011-01-08,4.0,mixed,0.21,"[""Shortest People Maze"", ""Seahawks/Saints game"", ""good reason"", ""six feet"", ""first person"", ""Haven burger"", ""today"", ""place"", ""door"", ""chance"", ""meal"", ""way"", ""World"", ""lunch"", ""Tuesday""]"
vdtWa5Ym9ImeMMOHwnIfrw,wqj6JquckEOs1h7rs376kQ,Pho King,Edmonton,AB,"{Restaurants,Vietnamese}",2013-01-27,4.0,positive,0.97,"[""Alberta Ave neighbourhood"", ""decent size"", ""fair price"", ""Friday night"", ""vermicelli bowls"", ""Pho."", ""orders"", ""15 minutes""]"
X-ibMbsz1nWAcetMERluBQ,mLNSOU8Ki0Fm09xd6ZKkcA,Timpano Hyde Park,Tampa,FL,"{Music Venues,Bars,Restaurants,Italian,Steakhouses,Nightlife,Arts & Entertainment,Cocktail Bars}",2015-01-18,2.0,mixed,0.25,"[""thin layer"", ""new meal"", ""doggie bag"", ""Great atmosphere"", ""live music"", ""awful food"", ""Chicken Marsala"", ""other friend"", ""waiter"", ""pasta"", ""flavor"", ""lasagne"", ""dinner"", ""plate"", ""restroom"", ""positives"", ""husband""]"
pBN8yjaejKMzIWQs1zIyzQ,QvjY9esYNRMe_5kvT6TC5g,Chaat and Chai,Philadelphia,PA,"{Pakistani,Indian,Restaurants}",2015-12-20,5.0,positive,0.95,"[""beef short ribs"", ""Broad Street line"", ""street parking"", ""Attractive space"", ""great location"", ""lamb vindaloo"", ""beet salad"", ""chocolate cake"", ""takeout beer"", ""corner bar"", ""place"", ""gem"", ""BYOB"", ""dish"", ""Highlights"", ""chaats"", ""breads/pickles"", ""chai"", ""table"", ""everyone""]"
dEVDg2FyOR2sJnbR_JcivQ,3YERGr7UbpSpddqL0Eiu5g,Mariscos Chihuahua,Tucson,AZ,"{Seafood,Restaurants}",2017-12-16,5.0,positive,0.99,"[""favorite restaurant"", ""ceviche"", ""atmosphere"", ""service"", ""Alex"", ""server""]"
AzdHQW8XWh50wDxryBby2A,6dDC5PSmPEoJYuM8r8dN_A,Whole Foods Market,Reno,NV,"{Food,Grocery,Organic Stores,Specialty Food,Health Markets}",2012-06-26,5.0,mixed,0.57,"[""salad bar"", ""ethnic food"", ""store"", ""types"", ""N-JOY""]"
_u331rYIp7qJ7aWvLup9Ug,wa_bwyY57etHjtJ2Fw0E3g,Pita Jungle,Tucson,AZ,"{Vegetarian,American (New),Mediterranean,Sandwiches,Restaurants}",2014-04-01,5.0,positive,1.0,"[""Good flavor"", ""Good service"", ""Mediterranean chicken"", ""amount"", ""pita"", ""food"", ""area""]"
c9uUji8cUjVqkMisIfHjyg,dBCNUSbz5-8nQNrxWo5deg,Blue Sage Vegetarian Grille,Southampton,PA,"{Restaurants,Vegan,Vegetarian}",2011-05-27,4.0,positive,1.0,"[""place"", ""food"", ""space"", ""staff"", ""vegetarians""]"
ZNZMWPfPdbbM7dhZlIpoFA,JvawJ9bSr22xn4R9oLvl_w,Desire Oyster Bar,New Orleans,LA,"{Southern,Event Planning & Services,Restaurants,Cajun/Creole,Seafood,Live/Raw Food,Hotels & Travel,Hotels}",2015-05-26,4.0,positive,0.99,"[""actual service"", ""Friendly staff"", ""Bourbon St"", ""good people"", ""gumbo"", ""chicken"", ""waffles""]"
4hkyEGd2czNMr4Ejiutapw,C4lZdhasjZVQyDlOiXY1sA,Buena Vista Mexican Restaurant,Malvern,PA,"{Mexican,Restaurants}",2015-11-06,5.0,positive,0.96,"[""shrimp burrito"", ""wait staff"", ""salsa"", ""guacamole"", ""chips""]"
4hi2jgnEhwaKfFiZ_Tz4Hw,6kPHr6gZaU9732ptn9gJrA,La Guerrerita Mexican Food,Goleta,CA,"{Mexican,Restaurants,Breakfast & Brunch}",2014-07-28,4.0,mixed,0.34,"[""New owners"", ""double threat"", ""Bad food"", ""bad service"", ""Shame"", ""place""]"
IJCYT9dRjuBvY-BJufFnNg,roc-xyyzN5b_nImb0NdRLQ,Earl of Sandwich,Philadelphia,PA,"{Restaurants,Sandwiches,Wraps,Salad}",2015-01-03,4.0,positive,0.95,"[""yummy horseradish sauce"", ""airport grab"", ""decent job"", ""sandwich options"", ""Good portion"", ""cheddar cheese"", ""security station"", ""D gates"", ""Delta SkyClub"", ""roast beef"", ""restaurants"", ""Earl"", ""variety"", ""turkey"", ""tuna"", ""Hawaiian"", ""lettuce"", ""tomatoes"", ""top"", ""board""]"
clKHv1f5cIsaJVJPdKKHZg,NdqATFd0JsFzEOD8Z8pa5w,Henry's Pub & Grill,Carmel,IN,"{American (Traditional),Nightlife,Pubs,Bars,Restaurants}",2014-08-25,5.0,positive,0.87,"[""red pepper jelly"", ""cool new place"", ""fantastic place"", ""Food A"", ""cheese curds"", ""fish tacos"", ""portion size"", ""great deals"", ""game days"", ""rootbeer candy"", ""beer brat"", ""Service"", ""appetizer"", ""wife"", ""dinner"", ""portions"", ""server"", ""menu"", ""manager"", ""everything"", ""football"", ""brunch"", ""weekends"", ""Everyone"", ""goodbye"", ""way""]"
cOcKS8BQ7yjOJPatqK2OOQ,Y2rYM2crYfTC25y6iquPgw,Landmark Americana,Wayne,PA,"{American (Traditional),Restaurants}",2015-08-30,5.0,mixed,0.82,"[""decent beer selection"", ""hard time"", ""wait staff/bartenders"", ""nice atmosphere"", ""dinner"", ""drink"", ""burger"", ""home"", ""food"", ""restaurant"", ""restrooms""]"
HSjRz31mvRBQRo8deXrr_w,ORL4JE6tz3rJxVqkdKfegA,Gaylord Opryland Resort & Convention Center,Nashville,TN,"{Venues & Event Spaces,Performing Arts,Arts & Entertainment,Hotels & Travel,Food,Convenience Stores,American (New),Beauty & Spas,Restaurants,Museums,Event Planning & Services,Hotels,Cinema,Resorts,Day Spas}",2013-08-03,2.0,mixed,0.43,"[""great bar area set-up"", ""good little holes"", ""A FREAKING NIGHTMARE"", ""nice big fridge"", ""small side salad"", ""10-15 minute walk"", ""short walk"", ""45 minute wait"", ""25 minute wait"", ""awesome idea"", ""Direct Sales"", ""extra money"", ""mediocre meals"", ""generic pizza"", ""Convention Center"", ""Garden Conservatory"", ""2 other girls"", ""group rate"", ""legal department"", ""entire amount"", ""money situation"", ""multiple trips"", ""big property"", ""wonderful suite"", ""hospitality suite"", ""most people"", ""large room"", ""drawer space"", ""adjoining room"", ""other room"", ""2 room suite"", ""one room"", ""bedroom door"", ""Conference stuff"", ""Downtown"", ""tons"", ""slice"", ""soda"", ""lunch"", ""hotel"", ""options"", ""car"", ""valet"", ""hassle"", ""lot"", ""time"", ""restaurants"", ""Nashville"", ""airport"", ""city"", ""shortcut"", ""3 minutes"", ""BONUS"", ""place"", ""friend"", ""groups"", ""doors"", ""check"", ""Sunday"", ""bill"", ""YEP"", ""bellman"", ""6 nights"", ""Gaylord"", ""late"", ""week"", ""thousands"", ""goods"", ""UGH"", ""company"", ""year""]"
kj5pjfid6pUP818rF0q6GQ,cg4JFJcCxRTTMmcg9O9KtA,Ava,Tampa,FL,"{Wine Bars,Desserts,Bars,American (New),Nightlife,Restaurants,Italian,Food,Salad,Breakfast & Brunch,Pizza}",2016-01-04,4.0,mixed,0.7,"[""other menu items"", ""first time"", ""cheese ratio"", ""tiny ramekin"", ""flavored butters"", ""two pizzas"", ""Israeli couscous"", ""one person"", ""dense crust"", ""personal fave"", ""Ricotta cheese"", ""Ava"", ""toasted"", ""bread"", ""appetizer"", ""couple"", ""people"", ""sausage"", ""potato"", ""rosemary"", ""entree"", ""grouper"", ""Dessert"", ""must"", ""zeppoles"", ""donuts"", ""cherry"", ""table"", ""cup"", ""tea"", ""cherries"", ""sort"", ""candied"", ""pastas""]"
JH6ICJPlTj0ASN2THlnP0A,LnQRfj3pPz0369stRnwUWw,Sushi Ushi,Valrico,FL,"{Japanese,Sushi Bars,Restaurants}",2016-08-12,4.0,positive,1.0,"[""clean, nice folks"", ""1st time"", ""good sushi"", ""Service""]"
pNvatA_7ffu_G6wETx8ELw,QUEWdnmVCv2Ri8xJATTrIQ,Chicken and Watermelon,New Orleans,LA,"{Chicken Wings,Restaurants}",2014-08-10,5.0,positive,0.98,"[""fried corn"", ""place"", ""name"", ""chicken"", ""birds"", ""cobs""]"
MyGhCZTxjVx9izvW4vIHwg,pSmOH4a3HNNpYM82J5ycLA,The Pancake Pantry,Nashville,TN,"{Restaurants,Sandwiches,Food,Breakfast & Brunch,Bakeries}",2015-08-30,2.0,mixed,0.14,"[""frozen processed version"", ""homemade\"" maple syrup"", ""authentic syrup"", ""average food"", ""fake flavoring"", ""hash browns"", ""uninspired food"", ""waffle"", ""house"", ""reviews"", ""pancakes"", ""Trees"", ""people"", ""bacon"", ""places"", ""outdated"", ""reputation"", ""offerings"", ""Nashville""]"
sOIEFZMEzb055tCO_tBSvQ,W4ZEKkva9HpAdZG88juwyQ,Mr. B's Bistro,New Orleans,LA,"{Bars,Breakfast & Brunch,Restaurants,Barbeque,Cajun/Creole,Cafes,Cocktail Bars,Nightlife}",2011-01-09,4.0,positive,0.94,"[""Prix fixe menu"", ""good horseradish sauce"", ""prime rib po"", ""budget option"", ""tomato fennel"", ""upscale interpretation"", ""seafood jamabalaya"", ""seafood gumbo"", ""lunch"", ""Wife"", ""boy"", ""soup"", ""day"", ""gruyere""]"
VJlQHciG-ygKNX2zjOgz6A,etzkwuhZGHUXJhdPC_y4pA,Pure Design,Philadelphia,PA,"{Florists,Home & Garden,Shopping,Flowers & Gifts}",2013-01-02,5.0,positive,0.98,"[""beautiful, unique flower"", ""nearby hotel"", ""arrangement selections"", ""gorgeous space"", ""beautiful arrangements"", ""other florists"", ""Pure Design"", ""large event"", ""Pure staff"", ""budget"", ""estimate"", ""expertise"", ""guests"", ""case"", ""flowers""]"
WPQ9Wiah4w38a6SDCPCOlA,W0vdz23JQtVQX5vJkiCj3g,Cask And Ale,Saint Petersburg,FL,"{Bars,Restaurants,Tapas/Small Plates,Nightlife,Lounges}",2014-02-23,5.0,positive,0.91,"[""pork belly sliders"", ""pork bellies"", ""spring chickens"", ""drink preferences"", ""beer selection"", ""liquor selection"", ""bar food"", ""small selection"", ""delicious tapas"", ""husband"", ""Par-Tee"", ""server"", ""name"", ""Dan"", ""convert"", ""folks""]"
651IreQ5u5j2WiVID_HK6A,M0r9lUn2gLFYgIwIfG8-bQ,Baileys' Range,Saint Louis,MO,"{Ice Cream & Frozen Yogurt,Burgers,Food,Nightlife,Beer Bar,Bars,Restaurants}",2015-11-06,3.0,negative,0.0,"[""expensive side"", ""1 iced tea"", ""large fry"", ""good meal"", ""unnecessary slaw"", ""bison burger"", ""1 burger"", ""hype"", ""fries"", ""reason"", ""1 beer"", ""BBQ""]"
E52xCQJtypBdnlcEeqjYnw,eL4lyE7LNoXEMvpcJ8WNVw,Deep Sea Tasting Room,Santa Barbara,CA,"{Bars,Venues & Event Spaces,Event Planning & Services,Wine Tasting Room,Arts & Entertainment,Food,Wine Bars,Beer,Wine & Spirits,Nightlife,Wineries}",2014-09-09,5.0,positive,0.99,"[""excellent night wine tasting"", ""excellent taste"", ""introductory package"", ""two white"", ""three reds"", ""second trip"", ""people""]"
dUkUiVjwb9xCF1kMqjT6nA,FnEkr6LzjuGsg93Z7fkl7Q,Misconduct Tavern,Philadelphia,PA,"{Bars,American (New),Nightlife,Restaurants}",2017-12-29,2.0,mixed,0.26,"[""black bean burger"", ""Sweet potato fries"", ""two cop cars"", ""main issue"", ""awesome server"", ""disturbing thing"", ""green sweater"", ""front door"", ""entire thing"", ""other staff"", ""reason"", ""stars"", ""LaToya"", ""lunch"", ""group"", ""colleagues"", ""manager"", ""entrance"", ""lights"", ""3 officers"", ""table"", ""handcuffs"", ""guy"", ""food"", ""hands"", ""back"", ""moment"", ""jacket"", ""minutes"", ""cops"", ""restaurant"", ""customers"", ""people"", ""one"", ""arrest"", ""care""]"
77s6wkAr2F7ZQ00NYuzsvw,8uF-bhJFgT4Tn6DTb27viA,District Donuts Sliders Brew,New Orleans,LA,"{Food,Donuts,Burgers,American (Traditional),Coffee & Tea,Restaurants}",2016-03-30,5.0,positive,1.0,"[""Fried chicken slider"", ""BLT slider"", ""Fantastic sliders"", ""Perfect size"", ""monte cristo"", ""Cuban"", ""Donuts""]"
RgonT2qGpUte6RFpoSSxuQ,dygflr6j51vf3-lM5pUIkw,El Dorado,Tucson,AZ,"{Mexican,Latin American,Restaurants}",2017-04-07,3.0,positive,1.0,"[""rice n beans"", ""fried fish plate"", ""tea n soup"", ""Carne asada plate"", ""new management"", ""3rd time"", ""good price"", ""2 chicken enchiladas"", ""most part"", ""daily specials"", ""ice-tea"", ""Friday"", ""salad"", ""Steak"", ""service""]"
3TN94zDi9V9U2jsljdxAew,QcuTCSfnI6WqKpuDL_a0OA,Savory Spice Shop,St. Petersburg,FL,"{Food,Specialty Food}",2016-11-22,5.0,mixed,0.82,"[""lavender vanilla sugar"", ""vanilla bean powder"", ""large overwhelming variety"", ""little, inviting shop"", ""little shop"", ""large range"", ""many reasons"", ""Sweet Divas"", ""knowledgeable staff"", ""right spice"", ""cooking needs"", ""many items"", ""specialty salts"", ""onion salt"", ""celery salt"", ""dollar store"", ""three bottles"", ""good year"", ""way"", ""spices"", ""years"", ""time"", ""stuff"", ""kind"", ""example"", ""sugars"", ""powders"", ""products"", ""difference"", ""cinnamon"", ""nutmeg"", ""prices""]"
Oqh_qiy0kUEYY0IScSYTaQ,rrD5LY3nkyKMg1CYKKZomQ,Everyone's Racquet,Mount Laurel,NJ,"{Shopping,Sporting Goods}",2015-11-06,5.0,positive,1.0,"[""demo racquets"", ""Great prices"", ""Steve"", ""partner"", ""bunch"", ""lots"", ""player"", ""place""]"
VE11x_UNVxri3ZHTzcG2jw,ugNplY4SZqIfP417oUxahQ,Chick-fil-A,Reno,NV,"{Breakfast & Brunch,Sandwiches,Restaurants,Event Planning & Services,Caterers,Chicken Shop,Fast Food}",2017-05-26,5.0,mixed,0.63,"[""new correct sandwich"", ""One sandwich"", ""opening day"", ""huge line"", ""five minutes"", ""chick fil"", ""8 minutes"", ""staff"", ""side"", ""table"", ""food"", ""less"", ""amount"", ""people"", ""someone"", ""time"", ""refills"", ""Reno"", ""standards"", ""chaos""]"
YS8WO_OW6oYFQhH85aRXew,eL4lyE7LNoXEMvpcJ8WNVw,Deep Sea Tasting Room,Santa Barbara,CA,"{Bars,Venues & Event Spaces,Event Planning & Services,Wine Tasting Room,Arts & Entertainment,Food,Wine Bars,Beer,Wine & Spirits,Nightlife,Wineries}",2016-12-04,5.0,positive,0.95,"[""Great, beautiful spot"", ""great prices"", ""wine tasting"", ""wines"", ""service"", ""good""]"
g7MfpJGKQUGowCvIcrB91A,V6Om7YZhlRQRU7WfuxHq8Q,Beck's Cajun Cafe,Philadelphia,PA,"{Restaurants,Cajun/Creole}",2017-07-08,4.0,mixed,0.41,"[""2 year old son"", ""great meal"", ""The gator"", ""sausage form"", ""Chicken alfredo"", ""gator gumbo"", ""wee"", ""portions"", ""Beck"", ""jambalaya"", ""thing"", ""spices"", ""visit"", ""pasta"", ""Verdict"", ""end"", ""story""]"
4VBh_hoFiDly0vJffgV_JQ,fjAbzsW03bW3EvC4-e184g,Penn Dermatology,Philadelphia,PA,"{Dermatologists,Doctors,Health & Medical}",2016-01-04,5.0,mixed,0.73,"[""long wait"", ""office staff"", ""reviews"", ""everything"", ""lobby"", ""way""]"
ep8FfviAfqHNyhpW6MQ2jA,2S_CEQYBbp8RO1bJm_1mng,The Saint,New Orleans,LA,"{Nightlife,Dive Bars,Bars}",2005-07-10,2.0,negative,0.0,"[""dirty-headed Garden District crapfest"", ""good time"", ""The Taint"", ""several people"", ""regular clientele"", ""Hipsters"", ""attempts"", ""apathy"", ""Boo""]"
N_Wx1OLMrj219D5nUMqtQQ,h3aPn7WjxYMu_DJqXCUAjQ,Chick-fil-A,Valrico,FL,"{Restaurants,Caterers,Event Planning & Services,Fast Food,Chicken Shop}",2017-01-27,4.0,mixed,0.76,"[""new spot"", ""new location"", ""parking lot"", ""drive-thru lanes"", ""ten minutes"", ""last employee"", ""A sandwhcih"", ""sweet tea"", ""new food"", ""Bloomingdale CFA"", ""Yea"", ""Chick"", ""FL"", ""staff"", ""line"", ""less"", ""course"", ""fries"", ""poojnt""]"
BVJysQgBmQlEFCP8ySHGjw,7T1VAYHIS3cgsDj3iS6JWQ,The Frosted Fox Cake Shop,Philadelphia,PA,"{Bakeries,Food}",2017-05-26,4.0,positive,0.9,"[""Cute lil spot"", ""clear plastic cups"", ""favorite Red Velvet"", ""M&M cookie"", ""Germantown Ave"", ""different kinds"", ""5 different flavors"", ""cream cheese"", ""other fave"", ""nice day"", ""couple bites"", ""hard candies"", ""something"", ""array"", ""cookies"", ""bars"", ""memory"", ""display"", ""goodies"", ""table"", ""yumminess"", ""cakes"", ""icings"", ""bake"", ""bench"", ""goodness"", ""texture""]"
mUMveMkONaNYXmNig65xhQ,EDjEVzmoQVHzboFqC-M6Ew,Local Taco,Nashville,TN,"{Food,Tex-Mex,Restaurants,Mexican,Breakfast & Brunch}",2017-11-18,5.0,mixed,0.72,"[""entire football game"", ""comfortable environment"", ""Lots"", ""improvements"", ""place"", ""chairs""]"
BiETNEHMCcmUWQDJMHQQqA,kgeiJzWSiXPnf-3wx7LHIQ,Panera Bread,Meridian,ID,"{Sandwiches,Salad,Soup,Restaurants}",2017-01-28,3.0,negative,0.0,"[""Three stars"", ""food"", ""service"", ""people"", ""order"", ""kiosk"", ""1"", ""2""]"
PvZvLfodXgbqqZT2q65HwA,p3XlbP2aZa-NBRqJ4p3KLw,Seafood Time,Tucson,AZ,"{Restaurants,Seafood,Chinese}",2017-06-06,3.0,mixed,0.29,"[""Cajun style seafood"", ""buffet style sauces"", ""one flavor"", ""70-80 dollars"", ""three people"", ""fish sauce"", ""Everything"", ""mixture"", ""places""]"
09vSgWVConpnldqbvNkIRQ,h8iDZcXLDicI_Wg8fwl-ig,Ybor City Food Tours,Tampa,FL,"{Cuban,Restaurants,Food Tours,Yelp Events,Tours,Educational Services,Hotels & Travel,Education,Local Flavor}",2015-04-28,5.0,positive,0.92,"[""stone soup company"", ""good food"", ""nice time"", ""3 hr mark"", ""great details"", ""early days"", ""food tastings"", ""Cuban sandwich"", ""fun adventure"", ""step counters"", ""wonderful calories"", ""walking tour"", ""tour haha"", ""mother"", ""aunt"", ""Ybor"", ""stops"", ""guide"", ""Raymond"", ""chit"", ""background"", ""tampa"", ""culture"", ""people"", ""way"", ""Everything"", ""everyone"", ""years"", ""5000 steps""]"
i8nVcu3u2-e0szyCS7PY1g,7sKfrJmjG6unAQeWdQUe2w,Franzone's Pizzeria & Restaurant,Philadelphia,PA,"{Pizza,Restaurants}",2015-10-23,4.0,positive,0.98,"[""sweet spiral plain pies"", ""pleasant surprise"", ""Same Franzone"", ""white pizza"", ""great addition"", ""Franzones"", ""onions"", ""Bridgeport""]"
er-igpuhBprkQPfct63ktA,q0Fi4n7shUTmlxl-mMPVXA,Banner Urgent Care,Tucson,AZ,"{Doctors,Urgent Care,Health & Medical,Emergency Rooms}",2016-07-04,2.0,negative,0.02,"[""My18 year old daughter"", ""good primary care physician"", ""severe soar throat"", ""miss diagnosis"", ""fungus infection"", ""oral medication"", ""wait time"", ""gruf  behaviour"", ""fast clinic"", ""entire visit"", ""other patients"", ""CVS."", ""condition"", ""1 hour"", ""staff"", ""behavior"", ""question"", ""way"", ""door"", ""mind"", ""facility"", ""experience"", ""places"", ""cost""]"
spcIXDKR5BV5QCI4GjjEeg,Mha77MN_BYGB-w7DONZ5YA,Cuenelli's Peruvian Restaurant,Tampa,FL,"{Peruvian,Restaurants,Latin American}",2013-05-29,4.0,positive,0.99,"[""chicken sandwich"", ""Great food"", ""industrial area""]"
fgreXhTAyKbGiC0f9ZLd0A,25Uww0C0wvF9CZ_3B6vWtA,Enjoy The Mountain,Santa Barbara,CA,"{Motorcycle Rental,Tours,Hiking,Mountain Biking,ATV Rentals/Tours,RV Rental,Hotels & Travel,Arts & Entertainment,Active Life}",2016-07-04,5.0,positive,0.91,"[""online appt"", ""2hr side"", ""superb views"", ""side ride"", ""meeting"", ""transaction"", ""four-seater"", ""guide"", ""Matt"", ""way""]"
mMwnX1vc3tQUeDNS2wiKFw,9OG5YkX1g2GReZM0AskizA,Romano's Macaroni Grill,Reno,NV,"{Restaurants,Italian}",2016-01-30,4.0,positive,0.97,"[""Great bar"", ""Happy"", ""Wine"", ""Drafts"", ""pizza"", ""apps"", ""Dinners"", ""lunches"", ""Staff""]"
lt-tsizQin_wNCkQv71YPQ,dUctvEfHQccW_uxtRup2QQ,Tsunami Japanese Steakhouse,Saint Petersburg,FL,"{Steakhouses,Restaurants,Sushi Bars,Japanese}",2015-12-20,1.0,mixed,0.23,"[""horrible experience"", ""new one"", ""huge hair"", ""waiter"", ""appetizer"", ""noodles"", ""friend"", ""appetite"", ""food"", ""point""]"
Q7sc8JXBOfA0gqKObNWsnA,kk_oEw1j3xQ-cJaAII8A0Q,Giant Food Store,Blue Bell,PA,"{Grocery,Food}",2013-11-14,1.0,mixed,0.1,"[""wide selection"", ""organic foods"", ""Whole Foods"", ""Big mistake"", ""closest door"", ""less time"", ""reasonable prices"", ""Quality"", ""store"", ""past"", ""years"", ""day"", ""produce"", ""Wegmans"", ""items"", ""Giant"", ""4 people"", ""5 a"", ""aisles"", ""register"", ""frustration"", ""rope"", ""soup"", ""number"", ""floors"", ""hours"", ""3""]"
XDvCtch6U43HUNuMLHSxHA,5ezrDoezdUlJpUa5Jg6dUQ,In the Valley,Philadelphia,PA,"{Nightlife,Restaurants,Wine Bars,Bars,Tapas/Small Plates,Cocktail Bars,American (New)}",2017-06-06,5.0,mixed,0.85,"[""three dollar beef fat biscuit"", ""less bulgy pricepoint"", ""Chef Nick Elmi"", ""trout pumpernickel soldiers"", ""damn long time"", ""beautiful small room"", ""cold smoking things"", ""incredible experience"", ""full picture"", ""First thing"", ""best thing"", ""dining room"", ""Apricot Miso"", ""Pork Cheeks"", ""good vegetables"", ""best cocktails"", ""East Passyunk"", ""BAR MENU"", ""friend"", ""Laurel"", ""ITV"", ""kind"", ""place"", ""everything"", ""lot"", ""staff"", ""case"", ""city"", ""message"", ""presence"", ""many"", ""Stars"", ""Foie"", ""ouroboros"", ""review""]"
JfFODAip9Xsz-eXKLSjwZA,PpZqlVUAP2i8_hNfpQyKhg,Buckingham Pizza,Buckingham,PA,"{Restaurants,Pizza,Wraps,Salad}",2012-03-01,5.0,mixed,0.67,"[""cool ranch pizza"", ""Buckingham Pizza"", ""best pizza"", ""plain pizza"", ""pizza parlor"", ""chicken piccata"", ""specialities"", ""fancy"", ""pizzas"", ""sides"", ""entrees""]"
u0uSYPl0hYpNLGKKeINvKA,I6L0Zxi5Ww0zEWSAVgngeQ,Cafe Beignet on Bourbon Street,New Orleans,LA,"{Sandwiches,Breakfast & Brunch,Cajun/Creole,Cafes,Food,Restaurants,Donuts}",2017-11-06,5.0,positive,0.95,"[""Best iced latte"", ""Cafe du Monde"", ""live music"", ""great atmosphere"", ""Cafe Beignet"", ""opinion"", ""service"", ""lines""]"
sNm9Z4zILQ8HoSiYis-1kA,LnQRfj3pPz0369stRnwUWw,Sushi Ushi,Valrico,FL,"{Japanese,Sushi Bars,Restaurants}",2016-04-11,5.0,positive,0.9,"[""peanut avocado roll"", ""friendly customer service"", ""Volcano roll"", ""good sushi"", ""Valrico"", ""restaurant""]"
cC79tWLtH1U1n-oi7EozMw,qdpdUjdkEUpzYDdce2yZng,Plaza Deli,Santa Barbara,CA,"{Sandwiches,Restaurants,Salad,Hot Dogs,Delis}",2016-11-09,4.0,mixed,0.51,"[""good choice"", ""long time"", ""bottle caps"", ""visual feast"", ""nostalgic fodder"", ""The Punk"", ""Best pastrami"", ""line"", ""door"", ""sandwich"", ""hands"", ""fact"", ""locals"", ""owner"", ""place"", ""rookie"", ""others"", ""threshold"", ""smell"", ""mouth"", ""everyone"", ""menu"", ""something"", ""surface"", ""walls"", ""delight""]"
w3w9VSu2MGL-hI7rZxjZQQ,jX8i0O2x-koganf8WwHXdA,Halo Hair,Philadelphia,PA,"{Hair Salons,Beauty & Spas}",2017-01-27,5.0,positive,0.98,"[""color wizard"", ""creative suggestion"", ""personal vision"", ""E. Passyunk"", ""cactus houseplants"", ""vintage bikes"", ""shop vibe"", ""Heather"", ""client"", ""years"", ""genius"", ""look"", ""flair"", ""tasteful"", ""top"", ""staff"", ""friends"", ""family"", ""home"", ""heart"", ""tips""]"
uIH6VgS_CzqyRrcoOPTZKg,Sll5oe2S8-V3DzFLDOrzxw,Sally Beauty Supply,Exton,PA,"{Beauty & Spas,Cosmetics & Beauty Supply,Shopping}",2016-07-14,3.0,mixed,0.76,"[""flickering, yellow fluorescent lights"", ""same \""beauty/trendy\"" feeling"", ""other beauty stores"", ""wide array"", ""dust bunnies"", ""one piece"", ""hair supplies"", ""Sally"", ""options"", ""area"", ""staff"", ""everything"", ""go"", ""products"", ""lot"", ""cramped"", ""aisles"", ""advice"", ""management"", ""appearance""]"
6I8MMW6gsBWSWNXFf3MUdg,5MIiTuQP0fkAz43aQEBrWA,Rodney Mitchell Salon,Nashville,TN,"{Hair Salons,Beauty & Spas}",2011-04-23,5.0,mixed,0.55,"[""cutest damn shaggy bob"", ""cutest short hair cut"", ""frugal  grad student"", ""other awesome things"", ""other cities"", ""good things"", ""seven years"", ""morning appointments"", ""several openings"", ""total sweetheart"", ""super chatty"", ""several photos"", ""right one"", ""back length"", ""first visit"", ""next cut"", ""Rodney Mitchell"", ""guy"", ""Austin"", ""half"", ""time"", ""couple"", ""outcome"", ""trip"", ""bullet"", ""friend"", ""place"", ""thinking"", ""matter"", ""name"", ""moment"", ""phone"", ""afternoons"", ""owner"", ""Allison"", ""days"", ""stuff"", ""stylists"", ""convo"", ""pressure"", ""laptop"", ""haircut"", ""front"", ""bangs"", ""RMS"", ""discount"", ""kind"", ""students"", ""teachers"", ""people""]"
uwPhE21CZLlp1kkSMPvvYw,WKMJwqnfZKsAae75RMP6jA,Roast Coffeehouse and Wine Bar,Edmonton,AB,"{Coffee & Tea,Food,Cafes,Bars,Wine Bars,Restaurants,Nightlife}",2012-11-06,3.0,mixed,0.27,"[""beautiful Mercer Building location"", ""huge, sloppy individual filters"", ""lovely, friendly baristas"", ""gluten free goodies"", ""yummy Italian sodas"", ""important cons"", ""coffee shop"", ""good conversation"", ""one level"", ""tea drinker"", ""place"", ""spaciousness"", ""couple"", ""music"", ""everything"", ""speakers"", ""luck"", ""pots"", ""beverage"", ""Pros"", ""time"", ""10 minutes""]"
J4bewYavb3HEhYkEOc3QFQ,ehnMcJZlx29XMroxMd3-mQ,Spice-n-Grill,Saint Louis,MO,"{Indian,Pakistani,Restaurants}",2013-12-29,4.0,mixed,0.62,"[""Spice n Grill"", ""best Indian food"", ""St. Louis"", ""nihari dish"", ""great seating"", ""previous owners"", ""delicious take-out"", ""beef nihari"", ""palak paneer"", ""new restaurant"", ""naan"", ""store"", ""people"", ""mood""]"
mRnYZes0nj4sr8DsE_gWMQ,fgTOJRkc703E4XRdcr5zRA,Chatime - Bubble Tea Cafe,Tucson,AZ,"{Cafes,Restaurants,Taiwanese,Desserts,Juice Bars & Smoothies,Coffee & Tea,Tea Rooms,Bubble Tea,Food}",2016-01-30,3.0,mixed,0.77,"[""same feel"", ""real flavor"", ""real fruits"", ""taro flavor"", ""additional add-ons"", ""grass jelly"", ""card games"", ""nice area"", ""good sign"", ""natural person"", ""powder flavor"", ""perfect boba"", ""good place"", ""Cali"", ""course"", ""flavors"", ""others"", ""favorites"", ""level"", ""sweetness"", ""talk"", ""board"", ""homework"", ""students""]"
Kic5RHiWGOPJuTJCFN1Jfw,I1h0GRYp86eX-XqwVXsSGA,Zeko's Mediterranean Grill,Tampa,FL,"{Restaurants,Falafel,Fast Food,Mediterranean,Middle Eastern,Halal,Greek}",2016-09-06,3.0,positive,0.8,"[""late night college students"", ""Fast food style"", ""Greek food"", ""5 stars"", ""drinks"", ""lunch"", ""Gyro"", ""Fries"", ""Everyone"", ""wings"", ""staff"", ""route"", ""review"", ""4""]"
Zb_27vX8weaYyDn-_2ZhVA,0Kn5W22UmxOqPj2cjouFNA,Silver Mine Subs,Tucson,AZ,"{Restaurants,Sandwiches}",2015-10-08,1.0,mixed,0.15,"[""last 4-5 years"", ""Eller Business School"", ""silver mine"", ""same location"", ""free side"", ""an hour"", ""Jimmy Johns"", ""major trouble"", ""other options"", ""University Blvd"", ""PLACE AGAIN"", ""updated"", ""review"", ""soup"", ""chili"", ""additions"", ""order"", ""bread"", ""food"", ""secret"", ""service"", ""bunch"", ""kindergarteners"", ""guys"", ""embarrassment"", ""industry"", ""waste"", ""space""]"
QgWZ1JJwSUUtakVoaLD9Gg,y7qvy9LcyK2hr_VcPBiPaQ,Bicycle Revolutions,Philadelphia,PA,"{Bike Repair/Maintenance,Local Services,Sporting Goods,Bikes,Shopping}",2015-12-05,5.0,mixed,0.48,"[""a half hour"", ""beautiful new bike"", ""trolley tracks"", ""gear shifter"", ""sales people"", ""front basket"", ""shop"", ""way"", ""days"", ""process"", ""less"", ""whack"", ""everyone"", ""owners"", ""floor"", ""mechanics"", ""dog"", ""door""]"
ZvBuRS1nyS3F6nYFBKNNpQ,LWDktsosohdLy4iI2pIOOQ,Bass Pro Shops,Nashville,TN,"{Outdoor Gear,Shopping,Fishing,Active Life,Sporting Goods}",2016-12-19,4.0,positive,1.0,"[""prices"", ""store"", ""Disneyland"", ""adults""]"
fN61JUR5bM1NBXWYczJ4aA,aOJdNN7IsxR7xy9H_bJuLQ,Pag's Wine Bar,Doylestown,PA,"{Food,Beer,Wine & Spirits}",2015-05-13,4.0,mixed,0.73,"[""quality Big Mac"", ""wine bar section"", ""Underrated burger alert"", ""best cheeseburgers"", ""good burger"", ""Pag"", ""stroll"", ""Doylestown"", ""menu"", ""Patty"", ""bun"", ""sauce"", ""YUM"", ""ambiance"", ""def"", ""son"", ""staff"", ""mood""]"
Vou3XAgjYJBuCO_-h1OQaA,eaDZlSuVS0EY67Ke6pRP6Q,Penang,Philadelphia,PA,"{Malaysian,Asian Fusion,Cambodian,Chinese,Restaurants,Thai}",2011-04-23,5.0,positive,0.86,"[""wonderful food"", ""Indian Pancake"", ""Hainanese Chicken"", ""Curry Chicken"", ""Other dishes"", ""service"", ""lunch"", ""dinner"", ""boyfriend"", ""Prices"", ""Weekends"", ""issue""]"
bVgpM_sA9AMAlL2R5TPNAQ,dz_aIFbATP2PLWQSOBnMfw,Maggie Mae's Sunrise Cafe,Clearwater Beach,FL,"{Restaurants,Breakfast & Brunch}",2017-05-13,1.0,mixed,0.25,"[""waterfront/beach front business"", ""high ratings"", ""tourist area"", ""outside deck"", ""straw wrappers"", ""easy fix"", ""slow service"", ""waitresses"", ""something"", ""diner"", ""middle"", ""priority"", ""trash"", ""floor"", ""potential"", ""ocean"", ""napkins"", ""screen"", ""bottom"", ""fence"", ""food""]"
6QT1guUN1loMKUYBoV0RrA,W2mcChlYqeVirWSWSLgoDA,Happy Wok,West Deptford,NJ,"{Chinese,Restaurants}",2016-01-17,3.0,positive,0.68,"[""good lunch specials"", ""other Chinese place"", ""Same menu"", ""food""]"
Rm43fkKvgdpi6C3e8FyrzA,kKPJLiHIr9Gd9sYs3GhxDQ,Brick & Mortar,Saint Petersburg,FL,"{Nightlife,Bars,American (New),Restaurants,Wine Bars}",2015-10-17,4.0,mixed,0.65,"[""Eclectic foodie menu"", ""citrus short ribs"", ""other interesting items"", ""great friendly atmosphere"", ""onion tart"", ""veal meatballs"", ""red gravy"", ""fat noodles"", ""brussel sprouts"", ""Small crowded"", ""app"", ""Kerry"", ""sauce"", ""polenta"", ""special"", ""peas""]"
YmDYCDkRl3cof1yGdllW2Q,TttFjRQ-8Iz8by4hsD7iOQ,Angelina's,Philadelphia,PA,"{Restaurants,Italian}",2017-11-06,5.0,mixed,0.63,"[""oldest Italian Restaurant"", ""small Italian Restaurant"", ""roasted pepper appetizer"", ""Veal Osso Bocca"", ""South Philly"", ""One bite"", ""son"", ""Angelina"", ""corner"", ""home"", ""front"", ""resaurant"", ""husband"", ""Eggplant"", ""Carbonara"", ""lasagna"", ""Everything""]"
Oc7hdAWcXum2mRgb5f5NNw,9gObo5ltOMo6UgsaXaHPWA,R2L,Philadelphia,PA,"{American (New),Lounges,Nightlife,Cocktail Bars,Bars,Restaurants}",2012-09-11,5.0,positive,1.0,"[""great food"", ""great view"", ""lobster mac"", ""cheese""]"
6odPSjoPWOyeDQpgJbdGaA,oaboaRBUgGjbo2kfUIKDLQ,Mike's Ice Cream,Nashville,TN,"{Ice Cream & Frozen Yogurt,Coffee & Tea,Restaurants,Sandwiches,Food}",2016-03-30,5.0,positive,1.0,"[""amazing ice cream store"", ""Super tasty"", ""enormous portions"", ""unique flavors"", ""others""]"
b8-_q_gr-5zplgCwNhvSNw,Y2rYM2crYfTC25y6iquPgw,Landmark Americana,Wayne,PA,"{American (Traditional),Restaurants}",2013-10-03,3.0,positive,0.91,"[""Drink specials"", ""Friday night"", ""3 other parties"", ""first drink"", ""last call"", ""different bar"", ""food"", ""place"", ""10:15 PM"", ""area"", ""options"", ""drinks"", ""6""]"
AdGd-xcpJF4C-zYduRM03Q,bUnqKEP7h48ePxHMXV0fNw,Bridesburg Pizza,Philadelphia,PA,"{Pizza,Restaurants}",2016-04-23,3.0,positive,1.0,"[""good place"", ""muchies""]"
wDSBFWfvuv9GpUX32_6nEw,KSP4BhUnu-skBxlRT9MLRQ,Gourmet Butcher Block,Gretna,LA,"{Grocery,Meat Shops,Food,Specialty Food}",2014-05-07,1.0,negative,0.0,"[""terrible customer service"", ""plain deboned duck"", ""one experience"", ""incompetent girl"", ""dinner time"", ""butcher shop"", ""place"", ""night"", ""man"", ""phone"", ""trouble"", ""order"", ""stuffing"", ""compensation"", ""sort"", ""trade"", ""right"", ""food""]"
9YtDeiEdfrnRj1ykyp7Utw,JCWwQuH9pEHg-yTj4-D_ow,Value City Furniture,Fairview Heights,IL,"{Home Decor,Home & Garden,Mattresses,Furniture Stores,Shopping}",2012-03-30,1.0,mixed,0.09,"[""low quality-mediocre furniture"", ""Ashley Furniture pieces"", ""TV stand selection"", ""modern pieces"", ""priced selection"", ""same selection"", ""Value City"", ""cheap value"", ""Rothman prices"", ""Entertainment centers"", ""Clearance\"" section"", ""coffee table"", ""clique chatting"", ""Dining sets"", ""lower price"", ""holiday sale"", ""Broyhill"", ""sight"", ""Negatives"", ""one"", ""Sectionals"", ""brands"", ""staff"", ""middle"", ""store"", ""customers"", ""sofa"", ""Shop"", ""town"", ""something""]"
gbK7d1rp0tLKPS8oMpKFNg,7sKfrJmjG6unAQeWdQUe2w,Franzone's Pizzeria & Restaurant,Philadelphia,PA,"{Pizza,Restaurants}",2016-07-14,5.0,positive,0.87,"[""big fan"", ""sweet sauce"", ""decent cheesesteak"", ""pleasant experience"", ""Franzone"", ""owner"", ""product"", ""fries"", ""rating""]"
KZaBBKr4uWWK1TpqiBMUMg,cBp1fn2LXpSHe4VbTXLYEw,Bab Café - Reno,Reno,NV,"{Restaurants,Cafes,Korean,Gluten-Free,Comfort Food,Vegetarian,Vegan,Chicken Wings}",2018-08-23,5.0,mixed,0.76,"[""Asian food fanatics"", ""expanding culinary experience"", ""fresh, enjoyable meal"", ""Convenient downtown location"", ""Bab Cafe part"", ""knowledgeable staff"", ""future visits"", ""Jeyuk Top-Bab"", ""spicy pork"", ""incredible flavor"", ""sauce bar"", ""miso soup"", ""definite bonus"", ""Great value"", ""chance"", ""Reno"", ""guidance"", ""friendly"", ""hang"", ""many"", ""choices"", ""things"", ""place"", ""opportunity"", ""UberEats""]"
wEfzqOfbwn4Ohe2ZDOLAzw,GBTPC53ZrG1ZBY3DT8Mbcw,Luke,New Orleans,LA,"{German,Restaurants,Seafood,Cocktail Bars,French,Brasseries,American (New),Nightlife,Bars,Cajun/Creole,Breakfast & Brunch}",2012-11-06,4.0,mixed,0.54,"[""First meal"", ""New Orleans"", ""$15 lunch special"", ""crab claws"", ""thoughtful salad"", ""entire thing"", ""seafood stew"", ""oyster meat"", ""shrimp"", ""redfish"", ""fan"", ""spice"", ""consistency"", ""tenderness""]"
qlR5VtoMmpOLr_rGPFooAg,wzE61ThXOdrSegvwSOzf5w,Biscuit Love: Hillsboro Village,Nashville,TN,"{Southern,Breakfast & Brunch,Restaurants}",2018-09-03,5.0,mixed,0.84,"[""Vegan grits"", ""bloody Mary"", ""Delish breakfast"", ""Biscuit Love"", ""long wait"", ""heat"", ""side"", ""OMG"", ""3 sisters"", ""choices"", ""Caution"", ""service"", ""45 mins"", ""line"", ""food"", ""process""]"
GY2rCySJI41AXWMXvrDTJg,nFjk0xVI9fNiVN__5g-m8Q,Ichicoro Ane,Saint Petersburg,FL,"{Ramen,Restaurants,Tapas/Small Plates,Nightlife,Japanese,Bars,Cocktail Bars}",2018-02-23,5.0,mixed,0.83,"[""special Japanese Old Fashioned"", ""quality Japanese whiskey"", ""Japanese pubs"", ""whiskey selection"", ""Ichicoro Ane"", ""best part"", ""food choices"", ""bao buns"", ""lighter fish"", ""portion sizes"", ""cocktail selection"", ""best way"", ""group setting"", ""filling dish"", ""lots"", ""things"", ""combination"", ""ambiance"", ""location"", ""servers"", ""katsu"", ""people"", ""menu"", ""Izakayas"", ""Korea""]"
Bs-7mL55P6zwtc1wqmWE5w,SheKIt6Z_h-yzbkU8yjoPA,Tony's Donuts - McKelvey,Maryland Heights,MO,"{Bakeries,Restaurants,Food,Juice Bars & Smoothies,Coffee & Tea,Donuts}",2017-12-02,5.0,positive,1.0,"[""Great breakfast sandwiches"", ""weekend mornings"", ""bakery"", ""coffee"", ""donuts"", ""friend""]"
UqZyX64mgw1vJ1ffnxODjA,EtKSTHV5Qx_Q7Aur9o4kQQ,Village Whiskey,Philadelphia,PA,"{Bars,Nightlife,Whiskey Bars,Burgers,Restaurants,American (New)}",2014-10-11,4.0,mixed,0.74,"[""great selection"", ""fried egg"", ""duck fries"", ""cute atmosphere"", ""nice place"", ""best burgers"", ""whiskey/bourbon"", ""taste"", ""MUST"", ""party"", ""seating"", ""conversation"", ""everyone"", ""table""]"
W67uN2nO0Tp22YMoano4JA,ejEVU5o5F56e7XIO07xpcA,Fox & Hounds Tavern,Saint Louis,MO,"{Nightlife,Bars,Pubs}",2013-01-27,4.0,positive,0.95,"[""cozy English pub feel"", ""standard mixed drink"", ""Great drinks"", ""A++"", ""ambience"", ""bartenders"", ""prices"", ""seating""]"
Mjbwb8HzZvq1m-0-PH0SJw,tzVLTQNUtiCAxUZmEuF0vQ,1 Tippling Place,Philadelphia,PA,"{Bars,Nightlife,Lounges,Cocktail Bars}",2015-04-01,3.0,mixed,0.33,"[""cozy place"", ""pretty glasses"", ""china cabinets"", ""main difference"", ""noise level"", ""second drink"", ""friends"", ""drinks"", ""grandmothers"", ""downside"", ""combination"", ""ginger"", ""lime"", ""honey"", ""kind"", ""liquor"", ""choices"", ""bacon"", ""dates"", ""sugar"", ""people"", ""fabric"", ""room"", ""servers"", ""10""]"
PVHbmXoXeuiO5n5hRJJ_pw,Zdw5rbtAWguwcT9h_X4xRA,Johnson's Corner Farm,Medford,NJ,"{Food,Specialty Food,Fruits & Veggies}",2012-11-06,5.0,positive,0.94,"[""great year"", ""pumpkin picking"", ""other activities"", ""place"", ""hayrides"", ""lots""]"
B_O-c_YGiNRXFk3yGzYhyQ,dxNmbVCP-HGrDkPi4lqKDw,Cherry Hill Motors-Mercedes-Benz Leasing,Cherry Hill,NJ,"{Automotive,Auto Repair,Car Dealers}",2014-12-18,1.0,negative,0.01,"[""service information"", ""2015 $110K AMG"", ""loaner car"", ""warranty work"", ""vehicle"", ""dealership""]"
8AgD3lw9bQUjxO4l86ErsQ,cvHY1RTAPSoH94ysP2_eyQ,The Turnip Truck Urban Fare,Nashville,TN,"{Health Markets,Restaurants,Grocery,Sandwiches,Food,Specialty Food}",2017-04-30,5.0,positive,1.0,"[""Great lil grocery store"", ""Great walking"", ""Salad bar"", ""small selection"", ""fresh fruits"", ""juice bar"", ""parking lot"", ""clothing stores"", ""wholefoods"", ""sorts"", ""stuff"", ""city""]"
17HtUNovDJr3hZerXmlrMg,o3RGMdSY37_PX1k1vZsXpA,Cafe Ponte,Clearwater,FL,"{American (New),Cafes,Restaurants}",2013-11-14,5.0,mixed,0.82,"[""modern, romantic atmosphere"", ""prix fixe menu"", ""strip mall restaurant"", ""hidden gem"", ""short ribs"", ""caramel tart"", ""place"", ""husband"", ""birthday"", ""experience"", ""food"", ""Fois"", ""3 courses"", ""something"", ""desserts""]"
2gVhwj83q3wKF2-Jvcv6cw,u-eaBrfpqjXTS2TD_cTioA,Roy Foster's Automotive,Reno,NV,"{Tires,Oil Change Stations,Automotive,Auto Repair}",2016-10-14,1.0,mixed,0.15,"[""two quotes"", ""other shops"", ""price quotes"", ""battery"", ""brakes"", ""someone"", ""time"", ""prick"", ""phone"", ""name"", ""Mike"", ""Nick"", ""people"", ""Walmart"", ""assholes""]"
qeSxL-POvGLZD6aQ5O9kvw,yE1raqkLX7OZsjmX3qKIKg,Butcher & Bee,Nashville,TN,"{Middle Eastern,American (New),Restaurants,Mediterranean,Southern}",2017-09-09,1.0,mixed,0.24,"[""soggy, luke-warm, wilted mess"", ""worst group dining experiences"", ""nice birthday dinner celebration"", ""normal Friday night"", ""Pretty standard stuff"", ""Maitre D' stand"", ""cool, popular restaurants"", ""good 15-20 minutes"", ""DINNER REVIEW"", ""10-15 minutes"", ""birthday girl"", ""Short wait"", ""French Laundry"", ""wait staff"", ""home base"", ""LONG time"", ""profit center"", ""long wait"", ""price point"", ""Braised Lamb"", ""Grilled Caesar"", ""two orders"", ""huge reason"", ""great time"", ""negative review"", ""awful lot"", ""horrible experience"", ""dessert menus"", ""other reviews"", ""undeserved) hype"", ""wine order"", ""reservation"", ""advance"", ""mind"", ""capacity"", ""hostesses"", ""something"", ""end"", ""meal"", ""Applebee"", ""booth"", ""excuse"", ""attention"", ""waters"", ""one"", ""work"", ""bottle"", ""shelf"", ""food"", ""same"", ""couple"", ""server"", ""AGAIN"", ""coffees"", ""cookies"", ""candle"", ""summary"", ""feta"", ""Sirloin"", ""Atmosphere"", ""service""]"
mcl6XhpC7hoUqkTJcmUpkw,WO5nr-4sjVs506BdCLL0aA,Kuchi Sushi & Hibachi,Tampa,FL,"{Restaurants,Japanese,Asian Fusion,Sushi Bars,Teppanyaki}",2016-11-09,5.0,positive,1.0,"[""Great food"", ""Tender steak"", ""price"", ""shrimp""]"
6d9hz8LsjvkXjViPW4xaRA,ZnAr0AxYpEYK1ZHNc4fk7g,Tako Japanese Restaurant,Bensalem,PA,"{Japanese,Sushi Bars,Restaurants}",2014-02-23,2.0,mixed,0.18,"[""positive reviews"", ""white wine"", ""chill bucket"", ""spring roll"", ""trader joes"", ""sushi bar"", ""Tako"", ""yelp"", ""bottle"", ""staff"", ""ice"", ""45 minutes"", ""appetizers"", ""edamame"", ""15 minutes""]"
M8CKU1cEoc7AG-n148uhDA,OINbC0rpDVJ5bfxt3LO9fw,Li'l Dizzy's Cafe,New Orleans,LA,"{Restaurants,Cajun/Creole}",2016-09-30,5.0,mixed,0.61,"[""lunch buffet"", ""catfish"", ""chicken"", ""gumbo"", ""mac"", ""cheese"", ""everything"", ""place"", ""local"", ""neighborhood""]"
SsR30MKLikZUazS1L2ADfA,j8JOZvfeHEfUWq3gEz6ABQ,Bacchanal Fine Wine & Spirits,New Orleans,LA,"{Jazz & Blues,Bars,Arts & Entertainment,Beer,Wine & Spirits,Wine Bars,Food,Nightlife}",2015-07-16,5.0,positive,0.94,"[""Great outdoor place"", ""beautiful place"", ""typical wines"", ""live music"", ""Thursday afternoon"", ""regular menu"", ""wine selection"", ""grocery"", ""cheeses"", ""ambiance"", ""palate""]"
E1MoAVCzLAnJX-rYwE-Rtg,MaYb7qMN6BomP1zQGj3Wjg,Pi Pizzeria - Delmar Loop,Saint Louis,MO,"{Nightlife,Pizza,Bars,Restaurants}",2013-05-29,5.0,positive,0.99,"[""great gluten-free"", ""vegan options"", ""root beer"", ""salad"", ""pizza""]"
4B1yYB3bozpSl4OqqhhbxA,VRGYwKE_Z77frm5NwLvJhw,Burger Republic,Nashville,TN,"{Bars,Restaurants,Sports Bars,Burgers,Pubs,Nightlife,Armenian,American (Traditional)}",2017-10-25,5.0,positive,0.99,"[""Sweet potato tots"", ""nice place"", ""group"", ""burgers"", ""clean"", ""must""]"
CdasgDuJmAJYRb50sgzQEQ,68ThEdiK0eWCEgGEmV9Tng,Southgate,Philadelphia,PA,"{Breakfast & Brunch,American (Traditional),Korean,Restaurants,Gastropubs,Nightlife,Bars,Cocktail Bars}",2016-01-30,4.0,negative,0.4,"[""best  food"", ""7.8  lighting"", ""10  noise"", ""10  environment"", ""8.5  staff""]"
-Lkjo_vV2DEemMpMBlbeHA,_ReMedGR8eDM5AgdRK0jCw,Shorty's Breakfast & Gourmet Deli,Clearwater,FL,"{Cuban,Food,Delis,Convenience Stores,American (Traditional),Breakfast & Brunch,Restaurants}",2015-05-26,4.0,mixed,0.84,"[""neat restaurant setting"", ""same strip mall"", ""popular breakfast place"", ""convenience store deli"", ""breakfast sandwich"", ""drink service"", ""Cuban press"", ""Maggie Mae"", ""reason"", ""4 stars"", ""time"", ""Sandwiches"", ""order"", ""food"", ""tables"", ""dock"", ""ocean""]"
yRFEfsJxqHMA0DMgTCL1Xw,SlLfWzeYOrVBxCd-0QILZQ,The Boiling House,Cherry Hill,NJ,"{Cajun/Creole,Seafood,Noodles,Restaurants}",2017-02-19,5.0,positive,0.95,"[""1 beer bottle opener"", ""2nd experience"", ""grand opening"", ""portion size"", ""garlic noodle"", ""next visit"", ""sat evening"", ""local neighborhood"", ""kinks"", ""place"", ""tables"", ""Food"", ""problem"", ""5pm"", ""guys""]"
t3SWA33VyH353uoE6UAe2g,eS4billU3Yd9hoVUFfZFbA,Skyline Chili,Clearwater,FL,"{Hot Dogs,Sandwiches,American (New),Salad,Fast Food,Restaurants}",2012-12-04,2.0,mixed,0.54,"[""cheese coney hot dogs"", ""Skyline Chili"", ""particular Skyline"", ""french fries"", ""stuff"", ""Cincinnati"", ""location"", ""Clearwater"", ""service"", ""food"", ""something"", ""equipment"", ""potatoes"", ""act""]"
eBrVkzHhHKZxyVS1SPKbJw,nOyphAl0JQ8JrvNi93pclQ,Etavele Day Spa,Sparks,NV,"{Beauty & Spas,Massage Therapy,Health & Medical,Permanent Makeup,Waxing,Day Spas,Hair Removal,Massage,Skin Care,Hair Salons,Float Spa,Makeup Artists,Nail Salons}",2014-10-28,2.0,negative,0.06,"[""eyebrow waxing"", ""online booking"", ""shame"", ""2 stars"", ""appointment"", ""phone"", ""days"", ""response"", ""2 weeks"", ""time"", ""place"", ""advance""]"
2gVVkSbDtMuorKG9q7kSQw,oLc7k78_YcDMnMCdbC-h1A,Lucy's Retired Surfers Bar & Restaurant,New Orleans,LA,"{American (Traditional),Bars,Nightlife,Restaurants}",2015-04-01,5.0,positive,1.0,"[""triple special day"", ""great taco"", ""atmosphere"", ""margarita"", ""wednesday""]"
C63d7kiqdlTya-2pfKmong,7ENaqdbPmYGSFaa8tXZzFA,Enterprise Rent-A-Car,Philadelphia,PA,"{Car Rental,Hotels & Travel}",2015-05-26,2.0,negative,0.01,"[""3- to 4-gallon sales"", ""PORT JEFFERSON STATION"", ""Return Location Address"", ""enough staffs"", ""next morning"", ""wiper fluid"", ""May 18th"", ""25th birthday"", ""June 6th"", ""underage fee"", ""PER DAY"", ""rental company"", ""crazy fee"", ""last thing"", ""fuel option"", ""rental companies"", ""Final note"", ""Phone Number"", ""right location"", ""customers"", ""hour"", ""car"", ""family"", ""trip"", ""choice"", ""TAX"", ""way"", ""others"", ""future"", ""Hertz"", ""codes"", ""price"", ""trick"", ""320 ROUTE"", ""people""]"
rAPjnkSsC1ryIPILxMWAfw,VCbUVUzENG46pFUOg4g3iw,Newman's Natural Carpet Care,Sparks,NV,"{Carpeting,Local Services,Home & Garden,Home Services,Auto Upholstery,Shopping,Automotive,Rugs,Real Estate,Carpet Cleaning,Real Estate Services}",2015-07-03,5.0,mixed,0.65,"[""yelp reviewers"", ""amazing job"", ""wet\"" smell"", ""NICEST people"", ""Todd"", ""Roberta"", ""house"", ""awe"", ""Carpet"", ""couch"", ""spots"", ""dog"", ""accidents"", ""Everything"", ""chemicals"", ""tons"", ""knowledge"", ""tips"", ""home"", ""penny"", ""future""]"
N4ENha1fR96wkGPlftezPg,Jx2AoB_IQOUrZ3s6fdAUSA,Sips Specialty Coffee House,Tampa,FL,"{Coffee & Tea,Food,Internet Cafes,Cafes,Restaurants}",2018-07-07,5.0,positive,0.98,"[""sips mocha"", ""drive thru"", ""Staff"", ""kiddos"", ""cakes""]"
91uC4f0aX4ycQTDL5Hq7Mw,_D7QoWuQKMXk0mEE7r_Ftw,Chateau La VIn,Columbia,IL,"{Beer,Wine & Spirits,Bars,Wineries,Food,Nightlife,Arts & Entertainment,Wine Bars,Wine Tasting Room}",2014-03-14,5.0,positive,0.88,"[""Chateau La Vin"", ""many different wines"", ""wine store"", ""wine bar"", ""local restaurants"", ""two guys"", ""beer drinker"", ""nice variety"", ""great place"", ""fan"", ""years"", ""tables"", ""cheese"", ""crackers"", ""people"", ""music"", ""knowledge"", ""friend"", ""front""]"
fwkS8EOq6mS5Jf_OYf5fZw,N2i1U4Z6GHEw9V02N2u6JA,Hollander Hotel,St. Petersburg,FL,"{Event Planning & Services,Hotels & Travel,Hotels}",2014-03-14,5.0,positive,0.97,"[""beautiful St. Pete weather"", ""downtown St. Pete"", ""new coffee/dessert caf\u00e9"", ""wedding night suite"", ""The Tap Room"", ""The Hollander Hotel"", ""beautiful hotel"", ""beautiful patio"", ""The Bar"", ""The Patio"", ""wedding hotel"", ""hotel property"", ""room block"", ""party location"", ""Sunday morning"", ""d\u00e9cor"", ""great place"", ""intimate booths"", ""large tables"", ""bigger parties"", ""amazing selection"", ""craft beers"", ""wedding photographs"", ""great location"", ""wonderful gentleman"", ""great pride"", ""talented baker"", ""chocolate muffins"", ""best part"", ""front desk"", ""incredible experience"", ""great experience"", ""wonderful experience"", ""entire team"", ""brunch"", ""guests"", ""Everything"", ""perfection"", ""lobby"", ""people"", ""local"", ""servers"", ""bartenders"", ""rooms"", ""prices"", ""shuttle"", ""feast"", ""food"", ""omelets"", ""work"", ""service"", ""many"", ""future"", ""management"", ""Nick"", ""Will"", ""family"", ""home"", ""Zach"", ""delight"", ""everyone""]"
LQO-g1dRDTzdX6Yxr_RTig,gK9CdFaCXmHoW8aLfXiSqg,Tired Hands Fermentaria,Ardmore,PA,"{Restaurants,Food,Beer,Wine & Spirits,Breweries,Mexican}",2016-09-18,4.0,positive,0.99,"[""drinks"", ""environment"", ""brewery"", ""beer"", ""waiter""]"
2_NKFcHlU7MAeWeGksTLKg,W4ZEKkva9HpAdZG88juwyQ,Mr. B's Bistro,New Orleans,LA,"{Bars,Breakfast & Brunch,Restaurants,Barbeque,Cajun/Creole,Cafes,Cocktail Bars,Nightlife}",2017-10-24,5.0,positive,0.95,"[""fried green tomato appetizer"", ""amazing dinner experience"", ""signature dishes"", ""BBQ shrimp"", ""bread pudding"", ""fantastic restaurant"", ""great ambience"", ""fantastic service"", ""New Orleans"", ""great way"", ""OMG"", ""friend"", ""place"", ""meal""]"
dTr-7y6FCf-EUgvAt-XYEQ,f06mf_7bT8FibS2UejNrfg,Blush Lane Organic Market,Edmonton,AB,"{Food,Specialty Food,Health Markets,Grocery}",2012-06-26,5.0,mixed,0.64,"[""Incredible customer service"", ""Great store"", ""Insane selection"", ""Ft. McMurray""]"
ydXJhVuaE6r7kN1niSqA1w,BMMcP9fBunmTyYY6XdtQtw,FIT n TAN,Saint Louis,MO,"{Massage,Beauty & Spas,Tanning Beds,Weight Loss Centers,Spray Tanning,Health & Medical,Skin Care,Hair Salons,Tanning}",2018-01-10,1.0,mixed,0.14,"[""first time customers"", ""LYING SCAMMERS."", ""unlimited tanning"", ""student ID"", ""bullshit line"", ""Chippewa location"", ""same location"", ""Online coupon"", ""45$ coupon"", ""BAIT"", ""SWITCH"", ""advantage"", ""bed"", ""week"", ""lady"", ""desk"", ""idea"", ""students"", ""YELP"", ""website"", ""girlfriend"", ""PLACE""]"
NyJwwd6Ylajd9sVAaIZ9Iw,gZqFuqTjtN4Bfh-_fO315w,Tandoor & Tikka,Indianapolis,IN,"{Indian,Sandwiches,Restaurants,Pizza}",2018-06-19,5.0,positive,0.99,"[""Quick service chipotle style line ordering"", ""high-quality Indian food"", ""Indian food newbie"", ""place"", ""staff""]"
lLc72XgWAGoWXVI3iGydRw,tQYOAfl33tmP4oWpfyRr6g,El Sabor Poblano,Philadelphia,PA,"{Mexican,Latin American,Restaurants,Breakfast & Brunch}",2014-10-27,5.0,mixed,0.65,"[""particular South Philly Mexican place"", ""countless little Mexican places"", ""sole staff member"", ""super crispy chorizo"", ""El Sabor Poblano"", ""taco filling option"", ""little places"", ""Washington Avenue"", ""new kid"", ""tortilla chip"", ""entire filet"", ""flakey meat"", ""fishy taste"", ""American toppings"", ""traditional toppings"", ""detectable gristle"", ""3 fish tacos"", ""block"", ""Federal"", ""menu"", ""fried"", ""version"", ""lettuce"", ""tomato"", ""cheese"", ""cilantro"", ""onion"", ""something""]"
2epU691r0mnuct0ThnSJKg,RPxrAiJ3krxtv-UQmt0RlQ,Orange Grove Family Practice,Tucson,AZ,"{Doctors,Family Practice,Health & Medical}",2016-09-06,4.0,mixed,0.5,"[""Dr. Gloudemans"", ""wonderful doctor"", ""recent research"", ""billing hiccups"", ""3 appointments' fees"", ""phone call"", ""problems"", ""things"", ""eye"", ""month"", ""referral"", ""specialist"", ""others"", ""copays"", ""office"", ""front""]"
BIrLDhcGSnGoj7tRz4pC4w,iI090K0JMViyPPh7Viovrg,Germantown Pub,Nashville,TN,"{Chicken Wings,Breakfast & Brunch,Pubs,Restaurants,Burgers,Bars,Sandwiches,Southern,Nightlife,Cajun/Creole,Salad,Sports Bars}",2016-12-04,4.0,mixed,0.79,"[""last Italian Fest"", ""dirt bags"", ""side door"", ""dark ale"", ""Farmers Market"", ""friendly folks"", ""fellow Yelpers"", ""great spot"", ""buddy"", ""time"", ""bar"", ""police"", ""burglary"", ""overnight"", ""bunch"", ""liquor"", ""service"", ""pint"", ""order"", ""wings"", ""beer"", ""owners"", ""establishment"", ""place"", ""home"", ""work"", ""attitude"", ""rest""]"
1WSjTfpqwIDCbnmzgeeXcQ,_aKr7POnacW_VizRKBpCiA,Blues City Deli,Saint Louis,MO,"{Delis,Bars,Restaurants,Nightlife,Pubs,American (Traditional),Sandwiches}",2017-08-16,5.0,positive,0.91,"[""friendly service"", ""4 different sandwiches"", ""place"", ""Yelp"", ""reviews"", ""wait"", ""line"", ""Fast"", ""15 minutes"", ""sodas"", ""table"", ""meal""]"
AFBxqbyqu_rWk9Ax_-zesg,N9-NRK8PPvi73tduxoPKbA,AMC Plymouth Meeting Mall 12,Plymouth Meeting,PA,"{Arts & Entertainment,Cinema}",2017-06-17,3.0,mixed,0.41,"[""comfy theater recliners"", ""little lounge"", ""nice plus"", ""peak time"", ""5-6 employees"", ""utter disorganization"", ""complaint"", ""feet"", ""someone"", ""aisle"", ""bartender"", ""theaters"", ""delight"", ""drawback"", ""concessions"", ""Saturday"", ""counter"", ""hustle"", ""popcorn""]"
NzvlG7XNjk5cKaCPtZa-eA,P61ecBVVPgBm-zH_SYq8FA,"St. Louis Union Station Hotel, Curio Collection by Hilton",St Louis,MO,"{Hotels,Event Planning & Services,Hotels & Travel}",2015-08-30,5.0,positive,0.99,"[""Clean, polite staff"", ""best hotels"", ""nice pool"", ""grand entrance"", ""next year""]"
22n_UbOS_iqKKR3IrYhNGw,QkyEr9j7il9lJqseTbPe5w,Spasso Italian Grill,Media,PA,"{Restaurants,Fast Food,Sandwiches,Italian}",2013-05-29,1.0,negative,0.0,"[""quality"", ""taste"", ""food""]"
IJu7uqPm3fqt80QZuyvi_w,b2IDM2SC0HkcflLl_nSTrA,Danny Boy Beer Works,Carmel,IN,"{Bars,Pubs,Food,Nightlife,Restaurants,Breweries,American (New)}",2016-04-23,3.0,mixed,0.44,"[""most food items"", ""full blown discussion"", ""Sunday afternoon"", ""several varieties"", ""six styles"", ""Cool location"", ""cool place"", ""handful"", ""people"", ""bar"", ""worries"", ""couple"", ""beers"", ""staff"", ""snit"", ""relief"", ""patrons"", ""damper"", ""things"", ""visit"", ""options""]"
5wPq_FqKNx4NSdjW4MDCRQ,y44MbCvvtmg1FpkNGSWisw,Tony's Luke,Philadelphia,PA,"{Cheesesteaks,Restaurants}",2015-08-30,2.0,mixed,0.25,"[""Philly Cheese Steak"", ""limited selection"", ""terminal F"", ""overhead display"", ""dog food"", ""Tony"", ""Luke"", ""sandwich"", ""surprise"", ""picture"", ""part"", ""meat""]"
Vb_BsacvTvDXEZiWVE6Thg,O0k_pEr2UR6iEX2nv2Bbpg,Creve Coeur Golf Course,Creve Coeur,MO,"{Golf,Active Life}",2018-09-14,5.0,positive,0.99,"[""Creve Couer"", ""9 hole course"", ""affordable Staff"", ""place""]"
Is_4BTKGJTHxLGKRxLD_DQ,GyC36Pn0Q1-qHnqXys6yFg,Cracker Barrel Old Country Store,Tampa,FL,"{Southern,Comfort Food,Caterers,Breakfast & Brunch,Event Planning & Services,American (New),Restaurants,American (Traditional)}",2016-01-30,3.0,mixed,0.47,"[""first time"", ""good attitude"", ""service"", ""employees"", ""food""]"
n2YTTgxIdIPWxz_jp3d3Xg,ncxN9II-MeXRudUrE3GVsA,Bridgeport Rib House,Bridgeport,PA,"{Restaurants,Nightlife,Bars,Barbeque,Sports Bars,Dive Bars,Arts & Entertainment,Music Venues}",2016-01-04,3.0,mixed,0.4,"[""dive bar"", ""food"", ""service"", ""establishment""]"
9y_jTV777V7ptMMP5fJroQ,6x6rR-SErwOo3xF2AzXVHA,Newfields: A Place for Nature and the Arts,Indianapolis,IN,"{Shopping,Art Galleries,Venues & Event Spaces,Event Planning & Services,Active Life,Museums,Art Museums,Botanical Gardens,Arts & Entertainment,Parks}",2009-10-14,5.0,positive,1.0,"[""outdoor sculpture garden"", ""many art museums"", ""Modern Art sections"", ""Modern Art museums"", ""African Art"", ""great collection"", ""short time"", ""gift shop"", ""Indianapolis"", ""mistake"", ""camera""]"
1nwMNWObHn1Aq-Yv2LTJQw,q72up2Av5yNNVPk7vdKg9w,The Egg & I,Carmel,IN,"{Cafes,American (Traditional),Breakfast & Brunch,Restaurants}",2016-05-31,3.0,mixed,0.37,"[""side meeting room"", ""sunrise chile rellenos"", ""tiring wait"", ""right table"", ""turkey Reuben"", ""delicious sandwhich"", ""smaller party"", ""1/2 combos"", ""size"", ""place"", ""groups"", ""experience"", ""9 people"", ""Saturday"", ""11am"", ""hungry"", ""seat"", ""reservations"", ""manager"", ""cups"", ""coffee"", ""pot"", ""everyone"", ""food"", ""salad"", ""lots"", ""sauerkraut"", ""biggie"", ""friend""]"
nyRUZ8E-kl_lAQuTNODqjw,4XLfecBXJ9itm4MMStGfWg,The Shop At The CAC,New Orleans,LA,"{Home Services,Shared Office Spaces,Real Estate}",2018-09-25,5.0,positive,0.98,"[""The Shop"", ""amazing space"", ""private meetings"", ""attention"", ""detail"", ""services"", ""Plenty"", ""places"", ""work""]"
IWflChcWypgf2Vlsm1WT5A,4FaYG9qKDpDyr68bKmaIEw,Capitol Cellars,Boise,ID,"{Restaurants,Bars,Wine Bars,American (Traditional),Nightlife,American (New),Wineries,Local Flavor,Coffee & Tea,Food,Breakfast & Brunch,Steakhouses,Arts & Entertainment}",2018-02-02,5.0,positive,0.88,"[""amazing dinner"", ""customer service"", ""top notch"", ""husband"", ""Anniversary"", ""delight"", ""Hats"", ""chef"", ""mouth""]"
X-CWXNjxwaqHwSME0Q3KpA,k6XrnjX2TBM_nDzD_XA9NQ,Terrace Lounge,Reno,NV,"{Arts & Entertainment,Bars,Lounges,American (New),Restaurants,Nightlife,Music Venues}",2013-08-04,2.0,mixed,0.1,"[""unfortunate corporate types"", ""mill casino gamblers"", ""mindless electronic game"", ""great cocktail venue"", ""new cocktail menu"", ""cool cocktail bar"", ""Terrace Lounge"", ""One bartender"", ""waitress stations"", ""cancer stick"", ""other side"", ""Cin Cin"", ""best cocktails"", ""four bartenders"", ""bar areas"", ""pension money"", ""service skills"", ""independent liquors"", ""Peppermill"", ""45 customers"", ""circle"", ""orders"", ""rapport"", ""everyone"", ""people"", ""machine"", ""drinks"", ""smoke"", ""face"", ""someone"", ""turf"", ""moron"", ""life"", ""cards"", ""carcinogens"", ""toxins"", ""wrists"", ""town"", ""staff""]"
qM-E-ae8CI1Yp0wJiq0jhg,LktIfbmd3k0kDiWibGw7DQ,Stacked Pickle - 96th Street,Indianapolis,IN,"{Chicken Wings,Bars,Nightlife,Sports Bars,Burgers,Restaurants,American (New)}",2013-12-07,5.0,positive,0.99,"[""Awesome service"", ""resident comedian"", ""friendly staff"", ""Amanda"", ""Food"", ""beer""]"
SWUQy9DeRedDiESnQ9UScA,TyxDzw8S02endZrrSHu_xQ,Venus Nail and Spa,Nashville,TN,"{Beauty & Spas,Massage,Nail Salons}",2013-06-24,4.0,positive,0.91,"[""favorite nail shop"", ""quiet serene atmosphere"", ""city"", ""years"", ""staff"", ""price"", ""pedicure"", ""South""]"
vaPZLs3eL9GdweSyl1DXhA,sk2lZI4zmuGAccd3DLCnBw,Boyd Hill Nature Preserve,Saint Petersburg,FL,"{Active Life,Parks,Hiking}",2017-07-18,5.0,positive,0.92,"[""prey aviary"", ""learning center"", ""educational information"", ""beautiful manner"", ""nice break"", ""mid afternoon"", ""preserve"", ""reviews"", ""hikes"", ""Lots"", ""wildlife"", ""nature"", ""paths"", ""birds"", ""AC"", ""way"", ""handlers"", ""staff"", ""volunteers""]"
EmLTCw2p9BhOwnzHFXgGaQ,OlOVRlcEstxKK_6hMjy63A,Hollywood Grill,Wilmington,DE,"{Restaurants,Diners}",2014-08-25,3.0,positive,0.61,"[""ordinary diner fare"", ""North Wilmington"", ""swim meets"", ""diners"", ""one"", ""place""]"
0trQZcvI12ONojsrEOnIHQ,WAPhi7JdwIvdTBgM9KsxHA,Westmont Diner,Haddon Township,NJ,"{Grocery,Restaurants,Diners,Food}",2013-02-21,4.0,mixed,0.74,"[""biggest breakfast potatoes fan"", ""average cheap hamburger roll"", ""delicious diner breakfast"", ""cooked home fries"", ""real maple syrup"", ""true egg sandwich"", ""lovely morning"", ""taylor ham"", ""short stack"", ""bad thing"", ""kaiser rolls"", ""large slices"", ""huge pile"", ""one gripe"", ""packaged syrup"", ""sub-par syrup"", ""many diners"", ""Bonus points"", ""two breakfasts"", ""Jersey diners"", ""blueberry pancakes"", ""excellent decision"", ""coffee refills"", ""NJ"", ""cheese"", ""sweet"", ""savory"", ""leftovers"", ""must"", ""peppers"", ""onions"", ""food"", ""use"", ""smuckers"", ""container"", ""server"", ""place""]"
NUqNm6gqj-iOWo30r_iFrA,EbTJAD4R68mbRLapvF0skA,The Live Juke Joint Dueling Piano Bar,Maplewood,MO,"{Restaurants,Piano Bars,American (Traditional),Nightlife,Bars}",2016-03-07,1.0,mixed,0.24,"[""maple wings"", ""piano guys"", ""new world"", ""disgusting remake"", ""sound system"", ""piano man"", ""birthday girl"", ""bad part"", ""server"", ""thing"", ""place"", ""35 dollars"", ""song"", ""3 options"", ""stage"", ""rendition"", ""Aladins"", ""thighs"", ""holes"", ""face"", ""hair"", ""husband"", ""family"", ""parents"", ""crowd"", ""means"", ""experience"", ""time"", ""money""]"
hozoa1DsTCjpz4UC8YGsNw,MMRRS6YhVRx_iN5-JhMRYg,Han Dynasty,Philadelphia,PA,"{Restaurants,Chinese,Szechuan}",2012-10-08,4.0,mixed,0.62,"[""old Mid-Atlantic restaurant"", ""dan dan mian"", ""great lunch place"", ""new Han Dynasty"", ""unchanging menu"", ""Olde City"", ""small conversation"", ""peanut allergy"", ""different branches"", ""different specialties"", ""other branch"", ""lunch portions"", ""dinner portions"", ""menu price"", ""spot"", ""one"", ""service"", ""peanuts"", ""dishes"", ""sister"", ""month"", ""number"", ""times"", ""Note"", ""UC"", ""layout"", ""atmosphere"", ""group""]"
zNpUe13rw7XqnhlCKRBz_A,77drWZJuh-a1osUOrd7oQw,Carisma Restaurante,Skippack,PA,"{Restaurants,Mexican}",2017-10-11,5.0,positive,0.98,"[""Good, fresh food"", ""filet mignon"", ""baked goods"", ""nice people"", ""normal tacos"", ""owner Jose"", ""Carisma Restaurante"", ""spot"", ""service"", ""table"", ""everyone"", ""2 Paellas"", ""salmon"", ""Everything"", ""perfection"", ""family"", ""cafe"", ""front"", ""tour"", ""daughter"", ""coffees"", ""meals"", ""burritos""]"
j4zxVT-GhVJ3a1YEskkSww,9PCPV34KV1B_E3v1IUi4tQ,African Small Pot,Philadelphia,PA,"{Restaurants,Senegalese,African}",2015-12-05,4.0,positive,0.85,"[""usual tomato sauce"", ""small hole"", ""African section"", ""Woodland Avenue"", ""West Africa"", ""national dish"", ""Jollof Rice"", ""hightop tables"", ""good food"", ""wall"", ""kitchen"", ""Senegal"", ""Thiboudienne"", ""version"", ""Jambalaya"", ""dining"", ""service""]"
YQtuP2OsLItDgSyEu5wfHA,lwdkX7KcibM4mDqpDfK7JA,Kalamatas - Green Hills,Nashville,TN,"{Caterers,Specialty Food,Mediterranean,Moroccan,Restaurants,Event Planning & Services,Greek,Food}",2017-09-20,2.0,mixed,0.2,"[""thin tasteless glue"", ""fresh diced cucumber"", ""icky white sauce"", ""extreme saltiness"", ""tzatziki sauce"", ""good part"", ""falafel wrap"", ""No"", ""flavor"", ""The"", ""falafels"", ""pita"", ""tomato""]"
v6VgR-I99slQPt_b4lbxuQ,fa6InRseC0Uxnt5d90E3LQ,Trophy Fish,Saint Petersburg,FL,"{Nightlife,Bars,Seafood,Restaurants}",2018-08-23,5.0,positive,0.7,"[""same time"", ""Gucci bag"", ""yoga pants"", ""delicious cocktail"", ""bougie""]"
WuyNRwsB41cf2BJQL2DbRQ,Mha77MN_BYGB-w7DONZ5YA,Cuenelli's Peruvian Restaurant,Tampa,FL,"{Peruvian,Restaurants,Latin American}",2016-09-30,5.0,mixed,0.84,"[""massive amount"", ""great sampling"", ""food options"", ""group"", ""something"", ""place"", ""shot"", ""decision"", ""wife"", ""special"", ""chicken"", ""steak"", ""rice/beans"", ""egg"", ""side"", ""fan"", ""Yuca"", ""plantains"", ""salad"", ""mood"", ""must""]"
GVoXS_AdNzSUbyNcoErdZQ,MVmJuns9ZD9QLGltc0Am8g,Triple R's Smokehouse,Mascoutah,IL,"{Restaurants,Barbeque}",2015-11-18,5.0,positive,0.97,"[""sweet potato casserole"", ""smokehouse bowl"", ""delicious sides"", ""red beans"", ""lunch"", ""pork"", ""rice"", ""meat""]"
CEcndvfWE_kA6gPtJOZRYw,UYxGgnJ4Z2lOehK23HSIlw,Mister Car Wash,Tampa,FL,"{Auto Detailing,Car Wash,Automotive}",2017-01-27,5.0,mixed,0.5,"[""Awesome detailing job"", ""executive detailing option"", ""car"", ""DIRTY"", ""months""]"
QS3gJVX4WAfk0Chd4W3zIw,ZGD4WacjO1v4Ath3Qil-Sg,Life Time,Tampa,FL,"{Sports Clubs,Fitness & Instruction,Gyms,Day Spas,Yoga,Trainers,Active Life,Beauty & Spas}",2015-10-23,5.0,positive,0.89,"[""front desk person"", ""potential second-home"", ""First Jen"", ""general manager"", ""terrific guy"", ""other lifetimes"", ""next level"", ""shaving cream"", ""Great location"", ""full service"", ""state"", ""Colorado"", ""area"", ""club"", ""amenities"", ""Joe"", ""bathrooms"", ""shavers"", ""lotions"", ""toiletries"", ""mall""]"
EYtd1U-fzMWpo-zxMuI5Tw,yN6jZyG1G1FG_HCZQlJZ1g,City Barbeque,Fishers,IN,"{Restaurants,Caterers,Barbeque,American (Traditional),Event Planning & Services}",2016-05-07,3.0,mixed,0.4,"[""Mac n cheese"", ""nice smoky flavor"", ""original bbq sauce"", ""green beans"", ""mediocre barbecue"", ""pork"", ""cornbread"", ""Ill"", ""option"", ""house""]"
upZ4kUcTgNnpeCp9ijUgIQ,b7V_5q22_eTeHlYzq1bpFw,Harbor Seafood & Oyster Bar,Kenner,LA,"{Seafood,Restaurants}",2013-03-18,3.0,mixed,0.21,"[""two half-dozen raw oyster trays"", ""2 medium size shrimp"", ""baby shrimp creole"", ""raw oysters"", ""Lenten Friday"", ""sensitive stomach"", ""ramen noodles"", ""roast beef"", ""shrimp kabob"", ""bell peppers"", ""ok price"", ""seafood boil"", ""cubed tuna"", ""Husband"", ""mistake"", ""wait"", ""blackened"", ""alligator"", ""appetizers"", ""15 minutes"", ""mine"", ""order"", ""SMH"", ""rest"", ""entrees"", ""point"", ""home"", ""boy"", ""3 pieces"", ""plenty"", ""onions"", ""place"", ""choice""]"
INSGnYhsLHPc7v0VjuNxzw,0ol0GxG-mp_ZZlrSlXFeWA,John Jay Salons,New Orleans,LA,"{Beauty & Spas,Hair Salons}",2013-07-12,1.0,mixed,0.31,"[""horrible customer service"", ""one star"", ""tulane students"", ""HIS staff"", ""domino effect"", ""incorrect information"", ""other 'dominoes"", ""yadda yadda"", ""lame excuse"", ""good cut"", ""good place"", ""woman"", ""id"", ""appointment"", ""days"", ""sign"", ""inconvenience"", ""error"", ""nagging"", ""someone"", ""people"", ""businesses"", ""concessions"", ""fault"", ""~45 minutes"", ""life"", ""10 dollars"", ""haircut"", ""product"", ""profits"", ""customers""]"
tfucaiy6lG5UbvbmTD4STg,MMRRS6YhVRx_iN5-JhMRYg,Han Dynasty,Philadelphia,PA,"{Restaurants,Chinese,Szechuan}",2016-03-07,5.0,positive,0.99,"[""ultra flavorful dishes"", ""single bad dish"", ""Awesome food"", ""great place"", ""large group"", ""Chinese restaurant"", ""good reason"", ""bunch"", ""lot"", ""people""]"
dFgGps6gQQbWoKOR60X72w,dIpTuL2T1L98GQGU17IeSw,The Bricks,Tampa,FL,"{Bars,Breakfast & Brunch,Restaurants,American (New),Coffee & Tea,Food,Nightlife,Vegetarian}",2012-03-02,5.0,mixed,0.69,"[""Hawaiian sweet bread"", ""Atlanta airport"", ""wrong day"", ""hotel reservations"", ""same-day price"", ""best sandwich"", ""entire life"", ""peanut butter"", ""meat sandwiches"", ""best meals"", ""new appetizers"", ""strait-laced families"", ""young kids"", ""pleasant environment"", ""excellent food"", ""strongest recommendation"", ""first place"", ""meatless menu"", ""long time"", ""concert tickets"", ""friend"", ""Tampa"", ""airfare"", ""Bricks"", ""Ybor"", ""Yelp"", ""pork"", ""ponzu"", ""hours"", ""Brian"", ""owner"", ""drink"", ""eyes"", ""kind"", ""crowd"", ""restaurant"", ""everything"", ""hipsters"", ""geriatrics"", ""diversity"", ""service""]"
-7wZLHrckzyOr-fX_CiT4A,pSmOH4a3HNNpYM82J5ycLA,The Pancake Pantry,Nashville,TN,"{Restaurants,Sandwiches,Food,Breakfast & Brunch,Bakeries}",2012-08-15,5.0,positive,0.93,"[""wait"", ""crepes"", ""grits"", ""hubby"", ""pancakes""]"
b22OR-MNCZ-TOf6XIbkg6w,Uc6PdjT_MO5bRPQsUUEy5Q,Anthony's Coal Fired Pizza,Tampa,FL,"{Restaurants,Italian,Pizza}",2012-10-08,4.0,mixed,0.87,"[""tasty foccacia bread"", ""chicken rabe sandwhich"", ""late lunch"", ""huge smile"", ""warm welcome"", ""beer selection"", ""One problem"", ""pepperoni pizza"", ""food"", ""service"", ""decor"", ""manager"", ""server"", ""Christina"", ""name"", ""taste"", ""chidren"", ""menu"", ""7""]"
4ogfK1azd-TyAh3N49nL8w,Cu8ysHKiZmJKRY9nF3Hzsw,Perfect Plumbing Heating & Air,Garden City,ID,"{Heating & Air Conditioning/HVAC,Water Heater Installation/Repair,Electricians,Home Services,Plumbing}",2017-03-03,5.0,positive,0.96,"[""A-1 Plumbing/Perfect Air"", ""First experience"", ""great experience"", ""overall professionalism"", ""Josh M."", ""client"", ""well"", ""recommendations"", ""home"", ""Company"", ""repairs"", ""future""]"
-RsFYcZz0HeSrAhu5xDWBg,Q1HHAb4FzrzfnnrRyA8fgg,Cheeseburger in Paradise,Indianapolis,IN,"{Restaurants,Burgers,Bars,American (Traditional),Nightlife}",2015-08-30,2.0,mixed,0.2,"[""Larry King vitamin commercial"", ""Two other wait staff"", ""8/28/15 mid afternoon"", ""15-20 filled tables"", ""blue cheese burger"", ""less blue cheese"", ""two requests"", ""background music"", ""new trainee"", ""onion sticks"", ""entire restaurant"", ""sister"", ""law"", ""3 times"", ""hostess"", ""booth"", ""TV"", ""waitress"", ""idea"", ""drinks"", ""food"", ""Burgers"", ""Fries"", ""one"", ""carry"", ""box"", ""family"", ""aisle"", ""meal"", ""future""]"
juzhoSPzFupje-RYJ4VPpQ,9V0LMtO1riRw9-pUuG4NFg,Delicia,Indianapolis,IN,"{Latin American,Caribbean,Breakfast & Brunch,Restaurants,Mexican}",2014-06-28,3.0,mixed,0.32,"[""peach pork medallions"", ""limited parking spaces"", ""parking situation"", ""corn cakes"", ""hip feel"", ""price points"", ""valet service"", ""front entrance"", ""food"", ""guacamole"", ""Mojito"", ""highlight"", ""meal"", ""flavor"", ""Barbacoa"", ""atmosphere"", ""place"", ""cost"", ""back"", ""building"", ""sweat"", ""dead"", ""summer""]"
tNhXpFVKYXjJx5mipbc_7A,BjBDHqHhMXSxgyVipccznQ,Rusty Pelican - Tampa,Tampa,FL,"{African,Venues & Event Spaces,Steakhouses,Restaurants,Seafood,American (New),Event Planning & Services}",2015-06-09,4.0,mixed,0.33,"[""first time"", ""rusty pelican"", ""dining room"", ""wait staff"", ""dinner"", ""reservation"", ""table"", ""window"", ""water"", ""Hostess"", ""she"", ""middle"", ""rest"", ""evening"", ""drinks"", ""food"", ""Liz"", ""server""]"
dpgq69tsI2f_GpRH71hQsA,eL4lyE7LNoXEMvpcJ8WNVw,Deep Sea Tasting Room,Santa Barbara,CA,"{Bars,Venues & Event Spaces,Event Planning & Services,Wine Tasting Room,Arts & Entertainment,Food,Wine Bars,Beer,Wine & Spirits,Nightlife,Wineries}",2011-08-25,3.0,mixed,0.47,"[""other wine tasting rooms"", ""new wine club members"", ""wonderful outdoor patio"", ""Urban wine trail"", ""Most wine clubs"", ""other label"", ""tough one"", ""one lable"", ""nicer setting"", ""three stars"", ""best customers"", ""complimentary glass"", ""Most wineries"", ""limited number"", ""beautiful settings"", ""free tasting"", ""premium wines"", ""merits"", ""winery"", ""Location"", ""pier"", ""staff"", ""A+"", ""quality"", ""HELL"", ""benefits"", ""leau"", ""Carr"", ""guests"", ""system"", ""folks"", ""passes"", ""quarter"", ""wife"", ""earth""]"
_Nh5Ru8Xk6He598uOMjlTw,oh2wCX3pzTTEYaynLgmMQw,Domenick's Men's Hairstyling,Philadelphia,PA,"{Barbers,Beauty & Spas}",2012-01-04,3.0,mixed,0.39,"[""crazy chimp"", ""raw scalp"", ""job interviews"", ""clean job"", ""little pricy"", ""cheap haircut"", ""NY"", ""Domenick"", ""guys"", ""Robert"", ""Bill"", ""taste"", ""Philly""]"
nCbPmH8TTnk42YvWCthLLg,HV0RS_cHVHatqYwC1j_qsw,Bergey's Chevrolet,Colmar,PA,"{Auto Parts & Supplies,Automotive,Car Dealers,Hotels & Travel,Car Rental,Auto Repair}",2018-06-19,1.0,mixed,0.06,"[""low oil pressure"", ""life long customer"", ""valued customer"", ""service customer"", ""insurance company"", ""frequent customers"", ""service associate"", ""past year"", ""terrible spot"", ""Monro Muffler"", ""timing chain"", ""new car"", ""problem"", ""engine"", ""3 quarts"", ""damage"", ""dealer"", ""Bergeys"", ""tensioner"", ""Joe"", ""way"", ""top"", ""wife"", ""tears"", ""house"", ""area"", ""repairs"", ""mechanic"", ""market""]"
YpDx1X1OvnwUgdkHeZNvWw,J-ciDDEdIHMcChGIyKZnOg,Cake Life Bake Shop,Philadelphia,PA,"{Caterers,Cafes,Event Planning & Services,Food,Cupcakes,Bakeries,Restaurants,Desserts}",2017-02-09,4.0,mixed,0.8,"[""Homemade breakfast tarts"", ""chicken pot pies"", ""premium quality costs"", ""Beautiful clean shop"", ""smaller size"", ""great place"", ""center city"", ""counter staff"", ""socks"", ""Everything"", ""sweets"", ""delish"", ""items"", ""sizes"", ""locals"", ""trip""]"
pASf53j-2Fc4MWcx2uLibA,pSmOH4a3HNNpYM82J5ycLA,The Pancake Pantry,Nashville,TN,"{Restaurants,Sandwiches,Food,Breakfast & Brunch,Bakeries}",2013-01-02,3.0,positive,0.92,"[""normal breakfast food"", ""great breakfast food"", ""sweet potato pancakes"", ""raspberry pancakes"", ""san antonio"", ""spice pancakes"", ""good coffee"", ""line"", ""8:30am"", ""friends"", ""sugar"", ""hype"", ""place"", ""street"", ""Fido""]"
2zN9R1C5RTZ9oxuQ1uhP6Q,8zvsq2duG2u0rB7R8ZDeMg,Crest Honda,Nashville,TN,"{Professional Services,Auto Parts & Supplies,Car Dealers,Auto Repair,Automotive,Marketing}",2015-07-28,1.0,negative,0.12,"[""WORST service advisors"", ""oil change"", ""Honda dealer"", ""Kelly"", ""team""]"
FTax2GLIJRbHbEBUE82_pA,9gObo5ltOMo6UgsaXaHPWA,R2L,Philadelphia,PA,"{American (New),Lounges,Nightlife,Cocktail Bars,Bars,Restaurants}",2015-09-24,5.0,mixed,0.73,"[""crisp peas/ham/garlic risotto [balls"", ""Center City Restaurant Week"", ""Two Liberty Place"", ""potato/farm veg slaw"", ""Steuben bean chili"", ""Second stop"", ""37th floor"", ""fancy-cool restaurant/lounge"", ""eye view"", ""great views"", ""multiple choices"", ""three courses"", ""Main course"", ""short rib"", ""dazzling dessert"", ""hazelnut pudding"", ""ball form"", ""classy experience"", ""milk chocolate"", ""R2L"", ""dinner"", ""bird"", ""Group"", ""day"", ""meetings"", ""tables"", ""windows"", ""sunset"", ""night"", ""Butcher"", ""Filet"", ""basil"", ""meat"", ""salted"", ""caramel"", ""coffee"", ""almonds"", ""side"", ""bottle"", ""wine"", ""Food"", ""waiter"", ""bowl"", ""instance""]"
PCxW8IqqvCODd9Tr_XFjlQ,WmzwJXyBdqsZCZ254XDrtQ,Sharky's Beach Bar,Clearwater Beach,FL,"{Nightlife,Restaurants,Sports Bars,Bar Crawl,Barbeque,Burgers,Soup,Pubs,Bars,Sandwiches}",2016-08-03,5.0,positive,1.0,"[""awesome happy hour specials"", ""awesome bartender"", ""land shark"", ""food menu"", ""Becca"", ""service"", ""business"", ""locals""]"
a32cWIjFXAuKHz1hP_kkFA,_TANOcxwIOmQhk1mnXaj7w,Wendy's,Reno,NV,"{Hot Dogs,Burgers,Restaurants,Fast Food}",2015-04-15,1.0,negative,0.01,"[""first visit"", ""Bummer"", ""area"", ""location"", ""change"", ""receipt"", ""hurry"", ""spoon"", ""chili"", ""Cheese"", ""burger""]"
aJBV9CklyQQ0mH-tKg_oGw,WW8WN8J89M3U4z1xP4MhnA,Bob Evans,Indianapolis,IN,"{Hotels & Travel,Salad,American (Traditional),Comfort Food,Breakfast & Brunch,Bed & Breakfast,Restaurants}",2017-06-28,4.0,positive,0.98,"[""30 min car ride"", ""good family restaurant"", ""great prices"", ""family style"", ""pot roast"", ""green beans"", ""everything""]"
ULzbgT5SPThiMOoo4a_Adw,aJvxWyQIG5OLfBw3qAe8xA,Starbucks,Nashville,TN,"{Restaurants,Coffee & Tea,Food}",2017-12-29,2.0,negative,0.0,"[""Caramel frappe"", ""BIG MISTAKE"", ""Drive"", ""min"", ""2 cars"", ""front""]"
k8JV9gw_XKGF17UigEo52g,YUUMXtU66B4rxwJohSQm7A,Tucson Cookie,Tucson,AZ,"{Desserts,Comfort Food,Restaurants,Food,Bakeries,Food Delivery Services}",2016-03-07,4.0,mixed,0.76,"[""Peanut butter pizza cookie"", ""fresh baked cookie pizza"", ""pizza cookies"", ""Oreo cookies"", ""other flavors"", ""smartest decision"", ""late nights"", ""place"", ""must"", ""perfection"", ""3am"", ""bakery"", ""America"", ""reason"", ""prices""]"
v6wULImVULtf6ZfFljX_4Q,2S_CEQYBbp8RO1bJm_1mng,The Saint,New Orleans,LA,"{Nightlife,Dive Bars,Bars}",2012-12-05,3.0,mixed,0.27,"[""unwanted dance grinding advances"", ""respectable bar crawl"", ""uber drunk guy"", ""Big Buck Hunter"", ""usual Uptown culprits"", ""back story"", ""solid night"", ""wee hours"", ""St. Joes"", ""following dialogue"", ""broken glass"", ""sisters face"", ""same night"", ""Helpful hint"", ""outdoor seating"", ""The Saint"", ""headlights look"", ""experience"", ""weekend"", ""morning"", ""Frenchmen"", ""reason"", ""Delachaise"", ""Columns"", ""3 AM"", ""heads"", ""summary"", ""Friends"", ""FMs"", ""Snake"", ""Jake"", ""Brothers"", ""ceiling"", ""deer"", ""countenance"", ""round"", ""Things"", ""ear"", ""curiosity"", ""smoke""]"
eY8zc9p7Kiv9ATEtNqAdaw,dDn_NVOQh9F-t153S035Ew,Rice Box,Goodlettsville,TN,"{Japanese,Asian Fusion,Chinese,Restaurants,Food,Thai}",2017-09-09,5.0,positive,0.94,"[""favorite Wonton Soup"", ""food"", ""kids"", ""time""]"
_Dkml_CfMMb_wWeGpFtczg,W6S482dRQ_9nCcLjfv8VNg,Bawarchi Indian Restaurant,Wilmington,DE,"{Indian,Chinese,Restaurants}",2016-07-04,1.0,mixed,0.17,"[""two pregnant women"", ""Food"", ""hospitality"", ""restaurant"", ""dine"", ""kid"", ""home"", ""hour"", ""reason"", ""everyone"", ""attitude"", ""customers"", ""dining"", ""9:15"", ""10""]"
ZsT686nR-w3vAG_hyaSWMA,v72HalBu5fQIFTD-oqhSgQ,1200 Chophouse,St. Petersburg,FL,"{Steakhouses,American (New),Restaurants}",2014-07-28,5.0,positive,0.98,"[""hostess Mallory"", ""steak house"", ""place"", ""expectations"", ""staff"", ""team"", ""waiter"", ""Max"", ""busboy"", ""things"", ""experience""]"
6-uhn-jmZI6wHhsD8aGTOw,rQ2CSHRkZSn5WCu7OfVI-Q,Trend Eye Care,Philadelphia,PA,"{Health & Medical,Shopping,Fashion,Optometrists,Accessories,Eyewear & Opticians}",2014-07-14,5.0,positive,0.99,"[""Dr. Dinh"", ""good thing"", ""nice selection"", ""Overall experience"", ""yearly exam"", ""service"", ""concerns"", ""frames"", ""receptionist"", ""process""]"
_1rme3go3F96nwAexBZEGw,LGqiubTmpJ-A1L5n7dmc6g,Domino's Pizza,Harvey,LA,"{Restaurants,Sandwiches,Pizza,Chicken Wings}",2016-08-25,1.0,negative,0.0,"[""delivery girl"", ""DONT EAT"", ""right change"", ""pizza"", ""friends"", ""tip"", ""coins"", ""place""]"
jlvaJo1I56NrZ1Q1CUuuRw,otQS34_MymijPTdNBoBdCw,BK Tacos,Tucson,AZ,"{Restaurants,Tacos,Mexican,Hot Dogs,Breakfast & Brunch,Steakhouses}",2017-06-17,4.0,positive,0.89,"[""Sonoran hot dog"", ""many components"", ""other hand"", ""taco combo"", ""carne asada"", ""salsa bar"", ""place"", ""must"", ""town"", ""thing"", ""guacamole"", ""chicken"", ""cabeza"", ""BK"", ""toppings"", ""Service"", ""food"", ""lunch"", ""weekday""]"
82lJQteTxdxQVXfm-RU_tw,9gObo5ltOMo6UgsaXaHPWA,R2L,Philadelphia,PA,"{American (New),Lounges,Nightlife,Cocktail Bars,Bars,Restaurants}",2013-02-21,2.0,mixed,0.5,"[""many open tables"", ""window table"", ""Overall food"", ""last bottle"", ""restaurant"", ""reservations"", ""manager"", ""windows"", ""filet"", ""salmon"", ""wine""]"
T3Rcd5y51bm_6A6_4DN79Q,SwWfW3vBn5QkDE7T3urGAg,Persis Biryani Indian Grill,Mount Juliet,TN,"{Indian,Restaurants}",2015-10-17,5.0,positive,1.0,"[""Best Indian"", ""paleek paneer"", ""food"", ""Staff"", ""restaurant"", ""briyani""]"
b1GkT5ojVlMCM6jdwPi3wQ,_v3DcLatG70adfYzWTd-CQ,Pacific Health Foods,Carpinteria,CA,"{Sandwiches,Specialty Food,Food,Health Markets,Juice Bars & Smoothies,Restaurants}",2018-04-04,5.0,positive,1.0,"[""Best smoothies"", ""fresh bread"", ""knowledgeable staff"", ""world""]"
vSuwwwi5wcMlhRJaTgNCkw,R1u7FrIllyD8OAWcFxzQGA,Belle Meade Wine & Spirits,Nashville,TN,"{Food,Beer,Wine & Spirits,Shopping}",2015-04-01,5.0,mixed,0.58,"[""Tennessee whiskey cream"", ""five star rating"", ""Elmer T Lee"", ""Bell Meade"", ""recent visit"", ""specific bourbons"", ""great finds"", ""annual release"", ""tasting bar"", ""great conversation"", ""best way"", ""great time"", ""Nashville"", ""experience"", ""travels"", ""year"", ""items"", ""surprise"", ""shelf"", ""example"", ""favorite"", ""fact"", ""tastes"", ""Max"", ""reasons"", ""bottle""]"
OYrtEEEu0qLiTdwlPm9egQ,SZU9c8V2GuREDN5KgyHFJw,Santa Barbara Shellfish Company,Santa Barbara,CA,"{Live/Raw Food,Restaurants,Seafood,Beer Bar,Beer,Wine & Spirits,Bars,Food,Nightlife}",2015-08-19,5.0,mixed,0.61,"[""late lunch/early dinner"", ""Monday late afternoon"", ""local crab special"", ""seaside markets"", ""disappointing experience"", ""beautiful sundae"", ""wrong\"" thing"", ""lobster bisque"", ""other options"", ""clam chowder"", ""onion rings"", ""cocktail sauce"", ""fried platter"", ""cole slaw"", ""tartar sauce"", ""fried oyster"", ""iced teas"", ""five stars"", ""many people"", ""very end"", ""large lot"", ""3-lb. crab"", ""garden salad"", ""Caesar salad"", ""fresh seafood"", ""gorgeous view"", ""extra ice"", ""piers"", ""wharfs"", ""time"", ""place"", ""cherry"", ""top"", ""nature"", ""cioppino"", ""4pm"", ""wait"", ""table"", ""shelter"", ""sunscreen"", ""sunglasses"", ""soup"", ""steal"", ""couple"", ""cups"", ""butter"", ""Yum"", ""shrimp"", ""oysters"", ""calamari"", ""scallops"", ""greasy"", ""meal"", ""lots"", ""case"", ""job"", ""seat"", ""clipboard"", ""restaurant"", ""last"", ""Parking"", ""90 minutes"", ""drive"", ""tires"", ""25""]"
amIMShQBXjITXiYG6gyiaA,SuQgcpL-aZeuyRjBdA0pHw,Samurai Japanese Restaurant,Rosemont,PA,"{Restaurants,Japanese}",2012-12-04,1.0,mixed,0.28,"[""angry hostile fella"", ""wait staff"", ""customer service"", ""brown rice"", ""plain unprofessional"", ""creepy behavior"", ""other folks"", ""positive reviews"", ""taste buds"", ""adult beverages"", ""high point"", ""substandard meal"", ""rice wine"", ""6-8 ounces"", ""disappointment"", ""place"", ""option"", ""manager"", ""white"", ""deal"", ""waitresses"", ""top"", ""bottom"", ""food"", ""home"", ""sake"", ""joint"", ""something"", ""soda"", ""refill"", ""$2 bucks"", ""water"", ""establishment""]"
lrZiB0XfNZjk8zfYDx_TPA,S2Ho8yLxhKAa26pBAm6rxA,Creole House Restaurant & Oyster Bar,New Orleans,LA,"{Cajun/Creole,Seafood,Restaurants,Breakfast & Brunch}",2016-02-11,3.0,mixed,0.14,"[""lack luster review"", ""po'boy shrimp"", ""first experience"", ""low point"", ""Fat Tuesday"", ""drink order"", ""friends plate"", ""hardy serving"", ""minimal lettuce"", ""other reviews"", ""Nola food"", ""waitress"", ""12 shifts"", ""sauce"", ""fries"", ""result""]"
5GNDjFV7Vi7Uganf6OlAbg,S3Kl763P-wKnDLFy0iirqA,Gateway Entertainment Centre,Edmonton,AB,"{Bars,Leisure Centers,Active Life,Restaurants,Party & Event Planning,Event Planning & Services,Nightlife,Bowling,Laser Tag,Lounges,Comedy Clubs}",2014-11-30,2.0,mixed,0.27,"[""face lift"", ""small children"", ""comedy club"", ""back hallway"", ""banquet room"", ""Great parking"", ""good location"", ""place"", ""service"", ""everything"", ""owners"", ""money""]"
qjdMlELzt7SzneQFfwe7HA,eaV07HGOcyb27XobHVl8LQ,Jean Madeline Aveda Institute Salon,Philadelphia,PA,"{Specialty Schools,Nail Salons,Hair Salons,Cosmetology Schools,Education,Makeup Artists,Beauty & Spas}",2011-11-30,3.0,mixed,0.5,"[""straight Asian hair"", ""basic cut price"", ""hair cuts"", ""student salons"", ""Aveda Institute"", ""different stylist"", ""student stylist"", ""seasoned professional"", ""massaging wash"", ""blowdry style"", ""other schools"", ""long time"", ""styling"", ""results"", ""case"", ""perfection"", ""cuts/styles"", ""2 hours"", ""stylists"", ""teachers"", ""service"", ""prices""]"
sz6FAS903ogJy9keBfFdNw,TSgZB6PkWFjmasewVkySjA,Bar-B-Q Heaven,Indianapolis,IN,"{Barbeque,Restaurants}",2018-05-29,4.0,positive,0.97,"[""Good food friendly folks"", ""good portions"", ""Quick"", ""tips""]"
8PQcD-TECxxGUnGNV83QZQ,sLgnx_WFCjEoPsS6NwU70Q,Le Peep,Meridian,ID,"{Event Planning & Services,Salad,Caterers,American (New),Sandwiches,Restaurants,Breakfast & Brunch}",2014-06-28,5.0,positive,1.0,"[""Monte Cristo crepes"", ""Great food"", ""friendly service"", ""Menu variety""]"
3Qwi1Q4ea7OJPpueQVEoBQ,ERzdjrvXG3R6cjPnEYc7gQ,LuxiaSuites,Wilmington,DE,"{Apartments,Home Services,Event Planning & Services,Hotels,Hotels & Travel,Real Estate}",2015-11-18,4.0,mixed,0.62,"[""multi business complex"", ""small welcome bag"", ""food delivery locations"", ""long term setting"", ""The Walking Dead"", ""Orange St location"", ""nice living room"", ""huge living room"", ""The Room"", ""huge table"", ""room number"", ""parking spots"", ""king bed"", ""fresh air"", ""Anatomy notes"", ""Sunday bc"", ""two TV"", ""nice desk"", ""Friday"", ""Monday"", ""Arrival"", ""plenty"", ""reviews"", ""signs"", ""Starbucks"", ""front"", ""guard"", ""guests"", ""keys"", ""phone"", ""wall"", ""call"", ""someone"", ""weekend"", ""apartment"", ""everything"", ""kitchen"", ""lots"", ""space"", ""closets"", ""complaint"", ""windows"", ""cookies"", ""water"", ""papers"", ""numbers"", ""service"", ""morning"", ""place"", ""maids"", ""3 days"", ""shopping"", ""Shoprite"", ""fridge"", ""breakfast""]"
x-AK0qSJmd9KzXBpEiY-Gg,Hcn6gI1MLg4tUJ9SfdUVqg,Duke of Argyll Pub,Edmonton,AB,"{Food,Bars,Nightlife,Pubs}",2014-04-19,3.0,mixed,0.44,"[""good quality steak"", ""good service"", ""Awesome location"", ""poor guy"", ""past 15"", ""excuses"", ""review""]"
s41Y0IQGQqyzuwITwP_37A,uyQGW7kZKk90vEwGo8A7mA,Courtesy Hyundai Tampa,Tampa,FL,"{Auto Parts & Supplies,Auto Repair,Car Dealers,Automotive}",2015-04-28,1.0,negative,0.0,"[""worst experience"", ""Friday afternoon"", ""management team"", ""Bill head"", ""numerous messages"", ""closing time"", ""return call"", ""life"", ""mistake"", ""vehicle"", ""budget"", ""Sunday"", ""review"", ""car"", ""salesman"", ""situation"", ""11:30am"", ""manager"", ""answer"", ""voicemail"", ""dealership"", ""Stephen"", ""seat"", ""cubicle"", ""loan"", ""title"", ""lot"", ""money"", ""finance"", ""bank"", ""questions"", ""callback"", ""attorney"", ""trade"", ""response"", ""people"", ""face""]"
rJ2fUIf-Q7AGx79thOUjMg,8-j10_I745ITrczbkfD-Pw,Desi Village Indian Cuisine,King Of Prussia,PA,"{Indian,Buffets,Pakistani,Restaurants}",2016-08-25,4.0,mixed,0.44,"[""most Indian restaurants"", ""W.Philly folks"", ""big lunch buffet"", ""West Philly location"", ""KOP Desi Village"", ""KOP location"", ""big space"", ""Mood Cafe"", ""strip mall"", ""active store"", ""Keema Naan"", ""Saag Paneer"", ""Lamb Biryani"", ""nut allergy"", ""nicer digs"", ""patron"", ""years"", ""suburbs"", ""ambiance"", ""atmosphere"", ""decor"", ""food"", ""Samosas""]"
MWUGmzyXVIlG2NwvzX0q4Q,i-tDq8zC7ZmSqSbg_7oddA,LA Smokehouse,New Orleans,LA,"{Barbeque,Sandwiches,Salad,Restaurants,Soup}",2016-11-21,5.0,mixed,0.8,"[""trusty Yelp app"", ""BBQ Favorites\"" list"", ""super nice woman"", ""stone ground grits"", ""nice crunch"", ""AMAZING occurrence"", ""Mid City"", ""one-meat plate"", ""potato salad"", ""two-meat plate"", ""perfect amount"", ""favorite part"", ""different type"", ""good deal"", ""LA Smokehouse"", ""future reference"", ""medium mac"", ""entire process"", ""delicious food"", ""barbecue place"", ""spot"", ""mood"", ""counter"", ""pork"", ""cheese"", ""boyfriend"", ""brisket"", ""chicken"", ""fries"", ""beginning"", ""sauce"", ""meal"", ""flavor"", ""trip"", ""Earhart"", ""owner"", ""folks"", ""everything"", ""time"", ""atmosphere"", ""breeze""]"
e4e1OLjmdLfYET_v3nEHvw,JcP1z6eZBgTIcxWlyxSw0g,Iris,New Orleans,LA,"{American (New),Restaurants}",2010-05-14,5.0,mixed,0.76,"[""New Orleans favorites lists"", ""common fine dining concern"", ""warm, heavenly bread"", ""warm goat cheese"", ""ni\u00e7oise olives"", ""tangy soy reduction"", ""local, farmer-friendly markets"", ""prix fixe menu"", ""best strawberry sorbet"", ""full drink menu"", ""several high-end bars"", ""delicious white-linen lunch"", ""small portion size"", ""small feat"", ""drink list"", ""several types"", ""culinary competition"", ""overall graciousness"", ""10-15 people"", ""comfortable seating"", ""Magnetic Fields"", ""Johnny Cash"", ""excellent timing"", ""amazing mixologist"", ""dinner hour"", ""Hollygrove arugula"", ""balsamic vinaigrette"", ""fresh perfection"", ""main course"", ""wonderful drum"", ""elegant complement"", ""rave reviews"", ""other Americans"", ""basic ingredients"", ""excellent price"", ""gulf fish"", ""overflow table"", ""music selection"", ""today"", ""Iris"", ""top"", ""city"", ""restaurants"", ""numerous"", ""area"", ""food"", ""drinks"", ""service"", ""atmosphere"", ""location"", ""reservation"", ""party"", ""everyone"", ""time"", ""layout"", ""diners"", ""seats"", ""conversation"", ""waiter"", ""need"", ""martinis"", ""wines"", ""guests"", ""accounts"", ""Quarter"", ""muster"", ""Chardonnays"", ""Perseco"", ""shots"", ""Chartreuse"", ""absinthe"", ""group"", ""slices"", ""house"", ""assortment"", ""salads"", ""mussels"", ""onions"", ""gnocci"", ""chicken"", ""entrees"", ""point"", ""fuss"", ""pretense"", ""portions"", ""complaint"", ""lot"", ""kitchen"", ""produce"", ""appetizer"", ""dessert"", ""tip"", ""person""]"
ff3TuHm6j-7ik-eONaYz-g,NK9wtI7bMlO3WBjYzhpFAQ,Fleur de Lilly Rivertown Cafe Restaurant & Bar,Kenner,LA,"{American (New),Latin American,Restaurants}",2018-06-26,4.0,positive,0.85,"[""homebuilders Association"", ""New Orleans"", ""good care"", ""small cup"", ""crab soup"", ""same grade"", ""meeting"", ""food"", ""patrons"", ""mimosa"", ""corn"", ""portion"", ""grits"", ""grillades"", ""one"", ""price"", ""photo"", ""menu"", ""convenience"", ""chance"", ""Wi-Fi"", ""ambience"", ""quality"", ""repeat""]"
xoZmWuioJtp1Jw1WSqT-7A,13UbOVDFdxloxaient5XWA,Jump On The School Bus,Santa Barbara,CA,"{Wedding Planning,Transportation,Party Bus Rentals,Wineries,Party & Event Planning,Local Flavor,Food,Wine Tours,Arts & Entertainment,Tours,Limos,Event Planning & Services,Hotels & Travel}",2017-06-28,5.0,mixed,0.82,"[""Circle Bar-B Ranch"", ""last minute adjustments"", ""many good suggestions"", ""brewery day tour"", ""wedding day transportation"", ""brewery tour"", ""wedding transportation"", ""beer tour"", ""wedding itinerary"", ""School Bus"", ""pre-wedding wine"", ""wonderful job"", ""trip times"", ""wedding guests"", ""perfect choice"", ""town guests"", ""wife"", ""winery"", ""Goleta"", ""Darin"", ""Sierra"", ""Washington"", ""DC"", ""number"", ""attention"", ""detail"", ""quality"", ""wineries"", ""everything"", ""driver"", ""area"", ""everyone""]"
3aCWNBbYgO6dv1MjUEVL0g,M0r9lUn2gLFYgIwIfG8-bQ,Baileys' Range,Saint Louis,MO,"{Ice Cream & Frozen Yogurt,Burgers,Food,Nightlife,Beer Bar,Bars,Restaurants}",2016-06-22,4.0,mixed,0.8,"[""mac n cheese patties"", ""other downtown attractions"", ""new burger recipe"", ""other restaurants"", ""great spot"", ""town guests"", ""Chicago friends"", ""boozy shakes"", ""horchata shake"", ""quick walk"", ""Wash Ave"", ""Great vibe"", ""community tables"", ""ground floor"", ""good way"", ""honest opinion"", ""unique aspect"", ""technical term"", ""4/5 star"", ""MANY visits"", ""burger selection"", ""bison burger"", ""turkey burger"", ""burger showdown"", ""love"", ""burgers"", ""dreams"", ""week"", ""heart"", ""ton"", ""flavor"", ""combinations"", ""waiters"", ""Bailey"", ""Range"", ""lot"", ""reason"", ""5/5"", ""couple"", ""instances""]"
LFpaQzYkP5Pzm5lEjJpTRw,IDtLPgUrqorrpqSLdfMhZQ,Helena Avenue Bakery,Santa Barbara,CA,"{Food,Restaurants,Salad,Coffee & Tea,Breakfast & Brunch,Sandwiches,Bakeries}",2017-01-15,5.0,positive,0.85,"[""best breakfast sandwich"", ""biscuit"", ""gosh""]"
u211-bNGLOwYeI8kAi2ddg,0Kn5W22UmxOqPj2cjouFNA,Silver Mine Subs,Tucson,AZ,"{Restaurants,Sandwiches}",2015-05-12,1.0,mixed,0.08,"[""Goodbye Silver mine"", ""hot homesteak sandwich"", ""large homesteak"", ""hot sandwich"", ""university location"", ""two sandwiches"", ""big deal"", ""proper wrapping"", ""customer buddy"", ""green onions"", ""place"", ""oracle"", ""wetmore"", ""business"", ""peppers"", ""bozos"", ""greens"", ""manager"", ""hour"", ""food"", ""employee"", ""time"", ""order""]"
JJgPXqfCfY-prfVUoS2Elw,4-CxVJ9n6TPPAmKV7DEOlQ,Roseann's Hair Studio,Phoenixville,PA,"{Hair Salons,Hair Removal,Makeup Artists,Waxing,Beauty & Spas}",2011-07-29,5.0,mixed,0.76,"[""first time"", ""Great atmosphere"", ""reasonable pricing"", ""Grace"", ""hair"", ""snobbiness""]"
rPMm8KdzE9cLHlwvt-IqgA,OINbC0rpDVJ5bfxt3LO9fw,Li'l Dizzy's Cafe,New Orleans,LA,"{Restaurants,Cajun/Creole}",2017-05-14,5.0,mixed,0.78,"[""fine dining establishment"", ""Sunday Buffet"", ""fried chicken"", ""smother steak"", ""Food"", ""advantage"", ""greens"", ""corn"", ""cabbage"", ""grandmother"", ""house"", ""price"", ""locals"", ""wait"", ""expectations""]"
GM8nbwQ4m1rWAIF_P5FN6Q,QZIcM5_vqVgIQj9z8J0a5g,Smoothie King,Largo,FL,"{Specialty Food,Juice Bars & Smoothies,Food,Health Markets}",2018-08-14,5.0,positive,1.0,"[""Pineapple Mango Juice Blend"", ""Passion Fruit Juice Blend"", ""Papaya Juice Blend"", ""Raw Cane Sugar"", ""Passion Passport"", ""name"", ""Bananas""]"
89SF8MFoiY4mIhOgzAMVhA,kKk_2OAnCRbxX5rLqQYBHg,The Carter House,Franklin,TN,"{Parks,Arts & Entertainment,Museums,Active Life}",2015-03-05,5.0,positive,0.78,"[""private tour"", ""many visitors"", ""Civil War"", ""The Battle"", ""Carrie"", ""knowledge"", ""passion"", ""Franklin"", ""memorial""]"
OiiUQHpUPSIw592zKebnTg,R-HCwu9UbasUudG1yTM1Ow,TD Banknorth,Philadelphia,PA,"{Financial Services,Mortgage Brokers,Home Services,Real Estate,Banks & Credit Unions}",2009-10-15,1.0,mixed,0.25,"[""many salty words"", ""two large fees"", ""overdraft fee"", ""new policy"", ""insufficient funds"", ""public domain"", ""wait time"", ""TD Bank"", ""account balance"", ""TD."", ""card"", ""hold"", ""45 MINUTES"", ""kind"", ""guy"", ""JERK"", ""banks"", ""Sort"", ""UPDATE"", ""Yelpers"", ""cash"", ""ATM"", ""cameras"", ""TAKE""]"
3JzKv_IHQrpUCysAY9lsgg,oPzSiJdl9Lg1rB_7bL06qg,Four Points by Sheraton Nashville Airport,Nashville,TN,"{Hotels & Travel,Event Planning & Services,Venues & Event Spaces,Hotels}",2017-01-28,4.0,positive,0.88,"[""several other hotels"", ""Four Points"", ""good experience"", ""good price"", ""Sheraton/SPG member"", ""AAA discount"", ""free breakfast"", ""same block"", ""Nice hotel"", ""We"", ""3 nights"", ""November"", ""business"", ""Check"", ""breeze"", ""room"", ""airport"", ""Staff""]"
NbT7iIVr8rz6tglE7tYTAg,oEbpO3vmcrGDW2mtb_s8cQ,St. Louis Union Station Marriott,Saint Louis,MO,"{Hotels,Hotels & Travel,Restaurants,Event Planning & Services}",2007-05-23,4.0,mixed,0.57,"[""Union Station Metro stop"", ""many white towels"", ""good deal"", ""two people"", ""one star"", ""coffee machine"", ""main lobby"", ""cool place"", ""distance"", ""downtown"", ""weekend"", ""Prices"", ""business-peeps"", ""companies"", ""bill"", ""room"", ""bed"", ""TONS"", ""pillows"", ""heart"", ""tub"", ""door"", ""people/children"", ""hall"", ""WAY"", ""morning"", ""area""]"
chtDBb_3unH0Wcs3W2Iahw,RhuYqAT45uIR2NNdDsolXQ,St Mary's Mexican Food,Tucson,AZ,"{Restaurants,Mexican}",2017-07-18,5.0,mixed,0.59,"[""fried fish taco"", ""finest Mexican food"", ""other food"", ""biggest regret"", ""red sauce"", ""air conditioning"", ""ceiling fans"", ""monsoon season"", ""birria"", ""trip""]"
STW1-gisRSWoRjqILGOHqg,fHZ2uY8mRnouJ_mMiciylw,Endurance House,Zionsville,IN,"{Fashion,Fitness & Instruction,Sporting Goods,Shopping,Active Life,Sports Wear,Bikes}",2018-03-23,5.0,positive,0.87,"[""active runner"", ""life force"", ""Endurance House"", ""fantastic selection"", ""other stores"", ""good price"", ""great pair"", ""personalized help"", ""shoes"", ""runners"", ""staff"", ""stride"", ""injury""]"
nCdhMSQA0apDuB_oho5ang,Dv6RfXLYe1atjgz3Xf4GGw,HipCityVeg,Philadelphia,PA,"{Burgers,Vegetarian,Restaurants,Vegan}",2012-08-15,4.0,mixed,0.65,"[""amazing sandwich alternatives"", ""Super lunch option"", ""crispy hipcity ranch"", ""meat  Lunch"", ""yoga mats"", ""meat eater"", ""last meal"", ""fajita wrap"", ""buffalo bella"", ""green lemonade"", ""small space"", ""long wait"", ""thing"", ""earth"", ""burger"", ""menu"", ""groothie"", ""afternoon"", ""bucks"", ""food"", ""staff"", ""someone"", ""line"", ""orders"", ""congestion"", ""register"", ""issue"", ""times"", ""People"", ""door"", ""interior""]"
S79tU1cnlxnYhm8zfb8LyA,r2cjbHG_WGWUkaPCbLpo-A,Philly Fusion & Grill Chicken Bowl,Philadelphia,PA,"{Restaurants,American (Traditional)}",2015-08-06,1.0,negative,0.0,"[""10PM closing time"", ""place"", ""hours"", ""counter"", ""guy"", ""kitchen"", ""grill"", ""fryers"", ""door"", ""restaurant"", ""case"", ""9""]"
ijG3hyvzneIplamARXzfEg,SoJwDKedR7SJh7-G69C38A,Hong Kong Sunny,New Hope,PA,"{Chinese,Restaurants}",2016-11-09,5.0,positive,0.94,"[""best Chinese"", ""contest"", ""area"", ""owners"", ""wontons"", ""treat""]"
k841fO30xGewmdE0xPitOg,0vCsslN-TYnDeOSNT4rIfg,Whole Foods Market,Carmel,IN,"{Food,Organic Stores,Specialty Food,Health Markets,Grocery}",2008-08-18,4.0,positive,0.9,"[""deli salad sampler plate"", ""personal care section"", ""The Carrot Ginger"", ""Corn Chowder soups"", ""Other sure bets"", ""curried tofu salad"", ""salad bar"", ""tofu items"", ""Wild Oats"", ""two chains"", ""tons o"", ""natural cosmetics"", ""handmade soaps"", ""cooler months"", ""Whole Foods"", ""post-yoga lunch"", ""Split Pea"", ""everything cookies"", ""location"", ""things"", ""merger"", ""produce"", ""seafood"", ""cheese"", ""sushi"", ""boxes""]"
LUsxbDfNYFTrX6y_Ist3Pw,eJYvM2Zy5BloOYGldWmAVw,Chateau Cafe,New Orleans,LA,"{Food,Cafes,Coffee & Tea,Restaurants}",2018-08-14,5.0,positive,0.99,"[""fresh Greek food"", ""Mediterranean chicken"", ""awesome sauce"", ""OMG""]"
M4zS53PfEzODW1P2U9JUig,cXSyVvOr9YRN9diDkaWs0Q,Honey's Sit-N-Eat,Philadelphia,PA,"{Southern,Restaurants,American (Traditional)}",2015-08-06,5.0,mixed,0.47,"[""one gripe"", ""monte cisto"", ""truffle oil"", ""one egg"", ""one piece"", ""huevos rancheros"", ""Everything"", ""breakfast"", ""conclusion"", ""spot"", ""price"", ""reason"", ""toast"", ""sauce"", ""Jebbs"", ""face"", ""favs"", ""coffee"", ""reservations""]"
0PF3_gnx3oI48Q4xi3D0uA,L3V21nAe-CicW2bvtNWa0g,Mixx Japanese Cuisine and Noodle Bar,Philadelphia,PA,"{Sushi Bars,Restaurants,Japanese,Asian Fusion}",2010-08-22,3.0,positive,1.0,"[""long menu"", ""cheap sushi"", ""city"", ""longshot"", ""Mixx""]"
Tbo55fN5ZNBLQ6ue78hd6Q,R77LwVI3wPAFmDLrXt3zZA,Molldeli's Delicatessen,Saint Louis,MO,"{Restaurants,Food,Sandwiches,Food Delivery Services,Pizza,Delis}",2018-04-15,5.0,positive,0.99,"[""nicest family"", ""bacon pizza"", ""play room"", ""restaurant"", ""owners"", ""food"", ""kids""]"
PRAsITyAFOrVM_YcbJA5QA,qdL-EbgoA7Gq_2u4e4YvLw,Harry's Blue Bell Taproom,Blue Bell,PA,"{Nightlife,Bars,American (Traditional),Salad,Beer Bar,American (New),Restaurants}",2018-03-24,3.0,mixed,0.66,"[""basic bar food"", ""honey mustard wrap"", ""food menu"", ""blue bell"", ""nice spot"", ""quick dinner"", ""shopping center"", ""kale slaw"", ""small portion"", ""decent meal"", ""Solid 3 stars"", ""entire place"", ""beer selection"", ""bbq pork"", ""Harry"", ""corner"", ""locals"", ""inside"", ""tables"", ""service"", ""prices"", ""wife"", ""chicken"", ""bun"", ""sauce"", ""liking"", ""fries"", ""The"", ""way"", ""area""]"
RIqChRQI9qL2BKKVETJX1g,2K75poiMupFTvpQq5REWTA,Kajun's Pub,New Orleans,LA,"{Pubs,Dive Bars,Bars,Nightlife,Karaoke}",2012-06-26,5.0,mixed,0.43,"[""first review"", ""different story"", ""smoke eaters"", ""cigarette smoke"", ""Kajuns staff"", ""update"", ""complaint"", ""couple"", ""air"", ""people"", ""sensitivities"", ""headaches"", ""bar"", ""clothes"", ""compromise"", ""experiences"", ""customers""]"
gTBmyv_0E8LaCujbzP_oOw,lj-E32x9_FA7GmUrBGBEWg,Brio Italian Grille,St Louis,MO,"{Bars,Pizza,Nightlife,Cocktail Bars,Italian,Restaurants}",2014-08-24,5.0,positive,0.99,"[""St. Louis area"", ""good food"", ""nice restaurant"", ""complimentary bread"", ""Beautiful place"", ""friends"", ""work"", ""connoisseurs"", ""Brio"", ""everything"", ""chips"", ""bruschetta"", ""pasta"", ""salads"", ""service"", ""charm""]"
pGKizwLILA_HafLj0b6CsQ,GlYN-RJyL_YwxIqsSDo1ag,Mother Hubbard's Café,Tucson,AZ,"{Diners,American (Traditional),Restaurants,Breakfast & Brunch,American (New),Waffles,Cafes}",2016-05-07,1.0,negative,0.0,"[""worst places"", ""Cold food"", ""rude service"", ""right idea"", ""Tucson""]"
XZl9M7HrwqqQUEOUu4azkA,DRnvSL_I8MLuTLhl6O4JBQ,Gennaro's Tomato PIE,Philadelphia,PA,"{Pizza,Restaurants}",2016-02-23,5.0,mixed,0.79,"[""thin crust, sweet"", ""rich tomato sauce"", ""fresh mozzarella cheese"", ""huge fan"", ""Gennaro"", ""meatballs"", ""decor""]"
nhfB-ssDwJxbpAUjlE889A,t-bcEvAM8oE92tm9HBr7wQ,Petra Restaurant,Tampa,FL,"{Middle Eastern,Specialty Food,Halal,Food,Ethnic Food,Imported Food,Restaurants}",2017-05-26,3.0,mixed,0.56,"[""office outing lunch"", ""extra olive oil"", ""big group"", ""large group"", ""lamb kebab"", ""Shish Kebab"", ""nice aroma"", ""previous experience"", ""two choices"", ""number"", ""people"", ""service"", ""members"", ""food"", ""Tip"", ""plate"", ""side"", ""rice"", ""babaghanoush"", ""presentation"", ""dish"", ""meat"", ""marinated"", ""top"", ""area"", ""month"", ""Ramadan"", ""buffet"", ""plenty"", ""time"", ""lot"", ""customers""]"
7QLCrFsbfHLHMTrYuDTKyA,XQLdTCJvjoxxqrYGiE-YYQ,Varietees Bird Store,Valley Park,MO,"{Pets,Pet Stores,Bird Shops}",2011-02-13,5.0,positive,0.98,"[""Sunday morning"", ""friendly staff"", ""bird person"", ""cool place"", ""birds"", ""daughter"", ""times""]"
mOKsN2CQU08yQWx1lh-v9w,vh6YOciEM3M4zi2FGp-b5Q,Siam STL,Saint Louis,MO,"{Asian Fusion,Gay Bars,Dance Clubs,Nightlife,Restaurants,Japanese,Bars}",2014-10-27,3.0,mixed,0.59,"[""sashimi plate"", ""biggest complaint"", ""sauce bowls"", ""two glasses"", ""groupon certificate"", ""old club"", ""good dinner"", ""night"", ""family"", ""food"", ""burger"", ""fries"", ""SERVICE"", ""plates"", ""napkins"", ""son"", ""someone"", ""5""]"
0aC3eVgDQFE6gH2Fk-MrDg,Mha77MN_BYGB-w7DONZ5YA,Cuenelli's Peruvian Restaurant,Tampa,FL,"{Peruvian,Restaurants,Latin American}",2013-11-14,4.0,positive,0.84,"[""many other notable Latin dishes"", ""Peruvian Style Rotisserie Chicken"", ""grocer deli section"", ""two dipping sauces"", ""cream soda type"", ""spicy pinto beans"", ""rotisserie oven"", ""checkout isle"", ""seasoning flavors"", ""marinating process"", ""seasoning rub"", ""unique element"", ""smoky element"", ""natural drippings"", ""spicy flavor"", ""lemony element"", ""solid sides"", ""great imagery"", ""food talk"", ""sweet plantatains"", ""natural sugar"", ""sweet plantain"", ""tooth exterior"", ""sweet interior"", ""Inca cola"", ""chicha limena"", ""cola champagne"", ""floral base"", ""one thing"", ""new meaning"", ""chicken talk"", ""black beans"", ""flavor build"", ""bone goodness"", ""cilantro rice"", ""herbaceous addition"", ""first time"", ""soggy skin"", ""review"", ""Cuenelli"", ""Pollo"", ""brasa"", ""love"", ""pride"", ""comparison"", ""TLC"", ""inclination"", ""birds"", ""form"", ""charcoal"", ""grill"", ""component"", ""turn"", ""reason"", ""people"", ""pieces"", ""others"", ""moist"", ""end"", ""chimichurri"", ""aioli"", ""meal"", ""haves"", ""word"", ""establishment"", ""maduros"", ""perfection"", ""outsides"", ""caramelization"", ""toffee"", ""soft"", ""bottle"", ""drink"", ""Christmas"", ""juice"", ""cinnamon""]"
RNf8aUDzK2wzzO7sVzIkbQ,EtKSTHV5Qx_Q7Aur9o4kQQ,Village Whiskey,Philadelphia,PA,"{Bars,Nightlife,Whiskey Bars,Burgers,Restaurants,American (New)}",2012-06-26,4.0,mixed,0.64,"[""medium rare plain burger"", ""early birthday date"", ""bourbon libations"", ""two items"", ""fancypants burger"", ""perfect amount"", ""delicious sazeracs"", ""meat"", ""salad"", ""things"", ""food"", ""company"", ""fuss"", ""cheese"", ""bacon"", ""dressing"", ""quality"", ""course"", ""bread"", ""bit"", ""freak"", ""bar"", ""knife"", ""fork"", ""extras"", ""frills"", ""waiter"", ""repast""]"
PoPM0iRZacrnbq6WpDi-yA,7L1kXfwU5XM6f6Jxo_L7Yg,Casa Molina Del Norte,Tucson,AZ,"{Latin American,Mexican,Restaurants}",2017-08-07,4.0,positive,0.99,"[""carne asada taco lunch"", ""lunch time"", ""fast service"", ""Monday"", ""bar"", ""place""]"
EMkIwb1whDSGlvEWsnId3w,1ScZ3h0kIT_DGCVlP-aDSA,Discount Tire,Sparks,NV,"{Auto Parts & Supplies,Automotive,Wheel & Rim Repair,Tires}",2018-02-01,5.0,positive,0.78,"[""big help"", ""flat tire"", ""estimation expectation"", ""guys"", ""Tony""]"
_O20AUGJuC-anAOpST96mw,dpwkz52tHB2MCPv53I2aRA,Jazmine,Reno,NV,"{Restaurants,Chinese,Asian Fusion,Sushi Bars}",2016-05-07,4.0,positive,0.99,"[""chicken chow mein"", ""sour chicken"", ""chicken cuts"", ""great food"", ""Sweet"", ""sushi""]"
tw0NxpoMUREsk2MPLPSx7A,kTLHh3e_59XZduNwydxuAw,Xfinity Store by Comcast,Philadelphia,PA,"{Security Systems,Internet Service Providers,Home Services,Television Service Providers,Professional Services}",2014-10-11,1.0,mixed,0.34,"[""quality customer service"", ""loyal customer"", ""luxery items"", ""overall product"", ""Comcast experience"", ""update"", ""bill"", ""14 years"", ""company"", ""Verizon"", ""installation"", ""principle""]"
GXlrpVd8rnL8gMgxczbd1g,vOgQnvKbE4nMopFTjoL8Gg,Watermark Restaurant,Nashville,TN,"{Lounges,Southern,American (New),American (Traditional),Restaurants,French,Nightlife,Bars}",2013-05-29,2.0,mixed,0.13,"[""large, awkward entrance"", ""MSG-y twang jus"", ""The Amish chicken"", ""Catbird Seat"", ""strange weather"", ""silly flower"", ""two drinks--julep"", ""good cut"", ""signature grits"", ""place"", ""totes"", ""hostess"", ""server"", ""knock"", ""gin"", ""crowd"", ""bread"", ""food"", ""tenderloin"", ""meat""]"
KLxHEsW1beqLqyrrNUuRqg,HTqoEYWlJkEXNEmHtKCPIA,Stitch-It Alterations,Nashville,TN,"{Bespoke Clothing,Men's Clothing,Embroidery & Crochet,Sewing & Alterations,Local Services,Shopping,Arts & Crafts,Fashion}",2014-05-26,5.0,mixed,0.53,"[""navy blue Tadashi Shoji evening gown"", ""Nashville area tailor shops"", ""sheer layered bodice"", ""nice young man"", ""Maggie O'Neill"", ""house tailor"", ""personal tailor"", ""EXCELLENT job"", ""tight turnaround"", ""Complete Experience"", ""procrastinator tendencies"", ""tailoring services"", ""30 minute drive"", ""Gaylord tailor/seamstress"", ""nicest lady"", ""top part"", ""10ft. pole"", ""text message"", ""professional staff"", ""dressing room"", ""two days"", ""regular basis"", ""Gaylord Hotel"", ""review"", ""Stitch"", ""June"", ""brief"", ""rush"", ""work"", ""premium"", ""results"", ""expectations"", ""convention"", ""TN"", ""sequins"", ""lace"", ""bulge"", ""back"", ""time"", ""Yelp"", ""cleaners"", ""warm"", ""fuzzies"", ""taxi"", ""bottom"", ""hand"", ""honesty"", ""pictures"", ""name"", ""Cameron"", ""cab"", ""courteous"", ""fitting"", ""pinning"", ""fee""]"
zoKFjcYPeQm7lT9TPqCIuQ,EneM1oBFxncaR1nQCD3gYA,Heads & Tails Beauty Boutique,Philadelphia,PA,"{Hair Salons,Day Spas,Beauty & Spas,Hair Removal}",2012-11-07,5.0,mixed,0.77,"[""first Brazilian"", ""intimidating circumstances"", ""THANKS JENNE"", ""place"", ""women"", ""way"", ""work"", ""personalities"", ""comedians""]"
0kMlS1dVfIw1bH1jK5q9Pw,wP9Cx-jxLflhv6c1mGIjYA,Santana's Bakery & Cafe,Camden,NJ,"{Breakfast & Brunch,Bakeries,Food,Cafes,Sandwiches,Restaurants}",2011-08-25,5.0,mixed,0.59,"[""Micky D"", ""Puerto Rico"", ""neighboring Pennsauken"", ""Camden NJ"", ""point"", ""fact"", ""State"", ""Santana"", ""breakfast"", ""pastries"", ""coffee"", ""Starbucks"", ""DD"", ""rest"", ""Boricua"", ""business""]"
sqr0RQ1UmstPWpXRvbASeQ,Zi-F-YvyVOK0k5QD7lrLOg,Muriel's Jackson Square,New Orleans,LA,"{Cajun/Creole,Restaurants}",2015-12-05,5.0,positive,0.99,"[""cold dungeony room"", ""former owner"", ""2nd floor"", ""traditional escargot"", ""place"", ""playing"", ""ghost"", ""mansion"", ""table""]"
zKZAppIn3yZVp7sTw-8ZLw,Gw7UW0E2BguzL9suQnwDeg,SPOT Gourmet Burgers,Philadelphia,PA,"{Restaurants,Food,Cheesesteaks,Food Trucks,Burgers}",2017-08-28,5.0,mixed,0.78,"[""Low key joint"", ""dining room"", ""modest face"", ""Pro tip"", ""SPOT app"", ""rewards program"", ""good coupons"", ""best burgers"", ""burger place"", ""free fries"", ""Philly"", ""tables"", ""kitchen"", ""Menu"", ""flattop""]"
8z3Pg6eksz8TAYAPLxJWIQ,14JwHj1Cxs5bkkJg5iuPog,Alpine Lock and Key,Reno,NV,"{Gunsmith,Local Services,Keys & Locksmiths,Building Supplies,Safe Stores,Home Services,Shopping}",2016-05-19,5.0,mixed,0.67,"[""good care"", ""test copy"", ""thorough job"", ""great attitude"", ""replacement keys"", ""transponder keys"", ""guys"", ""existing"", ""doors"", ""mechanic"", ""mint"", ""dealership"", ""eBay"", ""blanks"", ""caution"", ""trunk""]"
H9_TfnzLl9lN_VZ5ND5_fw,TxhE4pldRCFHpupFzi1PSQ,Ethan Douglas Paul Mitchell Salon,Reno,NV,"{Beauty & Spas,Cosmetics & Beauty Supply,Hair Salons,Shopping,Makeup Artists}",2011-03-20,5.0,positive,0.92,"[""one cool dude"", ""amazing friendly staff"", ""extensive resume"", ""weekly training"", ""latest technique"", ""beautiful salon"", ""salon staff"", ""tour"", ""owner"", ""Doug"", ""accomplishments"", ""stylist"", ""world"", ""expertise"", ""date"", ""fashions"", ""hair"", ""place"", ""town""]"
wAM66UfeH6U3pJxuZwWzIA,cBp1fn2LXpSHe4VbTXLYEw,Bab Café - Reno,Reno,NV,"{Restaurants,Cafes,Korean,Gluten-Free,Comfort Food,Vegetarian,Vegan,Chicken Wings}",2017-06-06,5.0,positive,1.0,"[""Dak-Galbi Bibim-bab \""teriyaki chicken"", ""Bab Cafe"", ""great menu"", ""lunch rush"", ""downtown parking"", ""Reno"", ""variety"", ""restaurants"", ""service"", ""meat"", ""veggies"", ""sauces"", ""side"", ""potstickers"", ""challenge""]"
m6EMoIqkLWn01UrqVOI2yA,W4ZEKkva9HpAdZG88juwyQ,Mr. B's Bistro,New Orleans,LA,"{Bars,Breakfast & Brunch,Restaurants,Barbeque,Cajun/Creole,Cafes,Cocktail Bars,Nightlife}",2014-03-14,5.0,mixed,0.82,"[""Brandy Milk Punch"", ""wonderful tangy sauce"", ""fried chicken livers"", ""great brunch place"", ""true Southern grits"", ""fried oyster"", ""New Orleans"", ""alcoholic milkshake"", ""fresh bread"", ""duck springroll"", ""favorite things"", ""Mahi Mahi"", ""Mr. B"", ""boyfriend"", ""Sunday"", ""age"", ""drink"", ""butter"", ""trio"", ""appetizers"", ""entree"", ""shrimp"", ""goodness"", ""bacon"", ""dish"", ""chance"", ""fish""]"
uFpxiHXl9-mflLuZ0z0Pzw,I8eSWVzc_y9ORuKWgl07Tw,European Wax Center,Philadelphia,PA,"{Beauty & Spas,Waxing,Hair Removal,Skin Care}",2014-02-06,5.0,mixed,0.82,"[""yelp reviews"", ""Two ladies"", ""front room"", ""nice lady"", ""hard cause"", ""3-4 month"", ""hard wax"", ""Great job"", ""good deal"", ""great service"", ""great atmosphere"", ""little addition"", ""ingrown hair"", ""full bikini"", ""salon"", ""simple"", ""preferences"", ""packages"", ""prices"", ""information"", ""computer"", ""waxing"", ""appointments"", ""armpits"", ""specialist"", ""Despina"", ""pain"", ""quality"", ""apointment"", ""3 weeks"", ""treat""]"
wR6Bl-Vywqd56UaogCcWNg,rQW9iupvhk6ScPn2VPNLVQ,Octopus Falafel Truck,Philadelphia,PA,"{Food Trucks,Falafel,Food Stands,Food,Mediterranean,Restaurants,Middle Eastern}",2016-10-26,5.0,mixed,0.6,"[""food truck"", ""many questions"", ""new customer"", ""fresh ingredients"", ""homemade pasta"", ""enough food"", ""falafel nazi"", ""meal"", ""20 minutes"", ""work"", ""line"", ""town"", ""Gus"", ""reputation"", ""turn"", ""cart"", ""Chicken"", ""coal"", ""inside"", ""outside"", ""grapes"", ""2 people"", ""wait""]"
e_f_4_U6Hlr0znVQfUbzEg,cdqTpsr110wSNPMtLCPh7A,SRS Real Estate,Philadelphia,PA,"{Home Services,Apartments,Real Estate,Real Estate Services}",2016-11-22,5.0,positive,0.94,"[""exceptional management company"", ""specific requests"", ""SRS""]"
Zssrl36KBW-QMHsa8G9a_w,SbdL-8NSmTWgSwdGZBa7WQ,Fresco Pizzeria,Tucson,AZ,"{Food,Food Delivery Services,Salad,Italian,Pizza,Restaurants}",2015-02-24,5.0,positive,0.86,"[""five-star dining review"", ""highest quality food"", ""friendly young man"", ""young owner"", ""wonderful fresh"", ""usual fare"", ""gem shows"", ""fresh ingredients"", ""usual sausage"", ""tender crust"", ""nice talk"", ""tasty pizza"", ""meat-special pizza"", ""Fresco"", ""up"", ""store"", ""change"", ""Tucson"", ""prices"", ""husband"", ""counter"", ""restaurant"", ""chunks"", ""chicken"", ""pepperoni"", ""ham"", ""bacon"", ""Crispy"", ""toppings"", ""multiple-napkiner"", ""business"", ""passion"", ""best"", ""customers""]"
yx1IGiMSFDeuosuoRE1gpQ,JUlsvVAvZvGHWFfkKm0nlg,El Camino Real,Philadelphia,PA,"{Mexican,Tex-Mex,Restaurants,Barbeque}",2010-11-23,3.0,mixed,0.71,"[""The Veggie wings"", ""sweet potato burritos"", ""Philadelphia marathon"", ""large group"", ""spicy side"", ""spicy chips"", ""restaurant"", ""kids"", ""parents"", ""place"", ""service"", ""food"", ""everything"", ""lighting"", ""issue"", ""menu"", ""cactus"", ""guacamole"", ""pitchers"", ""margaritas""]"
xz7n9r3Y1856-T3Xrbhs3w,SVV1VmybJGXGge6nFuHy_A,Williams-Sonoma,Philadelphia,PA,"{Specialty Food,Shopping,Home & Garden,Kitchen & Bath,Food}",2017-12-02,1.0,mixed,0.33,"[""last shopping experience"", ""lousy service"", ""Christmas time"", ""time constraints"", ""timely fashion"", ""unique location"", ""specific store"", ""gift wrap"", ""endless wait"", ""brand"", ""product"", ""one"", ""act"", ""God"", ""gifts"", ""wrapping"", ""items"", ""leisure"", ""counter"", ""staff"", ""ball"", ""stuff"", ""card"", ""everything"", ""shame""]"
WqsuFJU7wqu5nSOGDdh-tQ,Ir4-CFGZDfloJkUMax13Og,7-Eleven,Clearwater,FL,"{Automotive,Gas Stations,Coffee & Tea,Convenience Stores,Gas Stations,Food,Service Stations}",2013-05-08,3.0,mixed,0.48,"[""nice ladies"", ""couple"", ""way"", ""head"", ""Jus""]"
GBvYiI1S_1gK-aZKwTpkQQ,0wQCEcpZ57TmTm6EmEDsIw,Hendricks BBQ,St Charles,MO,"{Food,Comfort Food,Restaurants,American (Traditional),Barbeque,American (New),Southern}",2016-06-11,4.0,positive,0.95,"[""most barbecue places"", ""St.Louis"", ""Onion rings"", ""unique decor"", ""Hendricks"", ""meats"", ""sauces"", ""sides"", ""coleslaw"", ""Service"", ""meal"", ""time""]"
xZ-hLh7lC1lX-pC8rW3HlA,c8rjE6NcfeyzLB_aU1GdMA,Sláinte Pub & Grill,Philadelphia,PA,"{Nightlife,Bars,Restaurants,Irish,Pubs}",2009-10-13,3.0,mixed,0.41,"[""Dessert portion sizes"", ""vanilla ice cream"", ""University City area"", ""cheeseteak egg rolls"", ""chicken pot pie"", ""pot pie crust"", ""30th Street Station"", ""Drexel University"", ""right amount"", ""fried dough"", ""special mustard"", ""neat thing"", ""Philadelphia Pub"", ""main entrees"", ""bread pudding"", ""ala mode"", ""street parking"", ""cheese appetizer"", ""average taste"", ""white meat"", ""brownie snob"", ""show"", ""Service"", ""dinner"", ""mac"", ""breadcrumbs"", ""lot"", ""bites"", ""ketchup"", ""horseradish"", ""kick"", ""menu"", ""vegetables"", ""section"", ""scoop""]"
2DTSLWrxArBe6iNGTJhRZQ,n-iPn34tLaqnq-dI8m8Bkw,Howl At the Moon Philadelphia,Philadelphia,PA,"{Event Planning & Services,Music Venues,Dance Clubs,Venues & Event Spaces,Arts & Entertainment,Bars,Nightlife}",2016-04-11,3.0,mixed,0.35,"[""10 other bachelorette groups"", ""50th birthday parties"", ""bachelorette party"", ""Saturday night"", ""earlier side"", ""cover band"", ""signature cocktails"", ""regular night"", ""April"", ""line"", ""time"", ""street"", ""opinion""]"
5I7qACNaxm0PBdpgaMeQ5w,CjkxTRergWcYWb4SVW3gxw,Smokin' Out,Holiday,FL,"{American (Traditional),Barbeque,Restaurants,Southern}",2017-06-06,5.0,positive,0.99,"[""good walnut brownie"", ""ice cream delight"", ""great smoky flavor"", ""great find"", ""creamy mac"", ""bone"", ""BBQ"", ""pork"", ""everything"", ""cheese"", ""Service"", ""Dessert""]"
kEh-Vs51n1VcI8-9BmL9KA,qSSFgdyZ3zZ6qCgLqAaAeA,American Seafood Connection,Marcus Hook,PA,"{Grocery,Specialty Food,Food,Seafood Markets}",2017-07-08,5.0,negative,0.13,"[""90+ number"", ""Del city"", ""N.Y."", ""live blues"", ""place"", ""money"", ""friends""]"
yFV9UnuTR3wqCVRwkeYGxA,C_EtrXTygRX5RTUOKtO6Dg,Copabanana,Philadelphia,PA,"{Nightlife,Bars,Restaurants,American (Traditional)}",2016-08-25,1.0,mixed,0.13,"[""university city restaurant week"", ""other side"", ""mashed potatoes"", ""rubber bands"", ""good thing"", ""weeks"", ""experience"", ""Copabanana"", ""review"", ""kids"", ""football"", ""tables"", ""way"", ""Food"", ""Steak"", ""waitress"", ""place"", ""chicken"", ""disaster"", ""1 star""]"
WZIOWWb6xVwCA2-uJ47m8Q,vN6v8m4DO45Z4pp8yxxF_w,Surrey's Café & Juice Bar,New Orleans,LA,"{Vegetarian,Restaurants,Breakfast & Brunch,Cafes,Juice Bars & Smoothies,Sandwiches,Food}",2017-01-02,5.0,positive,1.0,"[""Delicious fresh juices"", ""Best shrimp"", ""two years"", ""grits"", ""NOLA"", ""fiance""]"
VCVG7lbohvbWQ_lUt714RQ,euu_JA0YFf63f75uaVSyng,Americano - Freestyle Tapas Bar,Nashville,TN,"{Tapas Bars,Breakfast & Brunch,Restaurants,American (New),Tapas/Small Plates}",2015-07-03,5.0,positive,0.95,"[""good tapas place"", ""nice open kitchen"", ""Friendly staff"", ""delicious food"", ""Nashville""]"
Mvrz4XjLAyQYxSqtZ_j-ig,SZU9c8V2GuREDN5KgyHFJw,Santa Barbara Shellfish Company,Santa Barbara,CA,"{Live/Raw Food,Restaurants,Seafood,Beer Bar,Beer,Wine & Spirits,Bars,Food,Nightlife}",2014-05-08,5.0,positive,1.0,"[""great sea food"", ""sour dough bread"", ""Super delish"", ""80s music"", ""frills""]"
DivPlXLvBcH0N9z1y1K7MQ,-02xFuruu85XmDn2xiynJw,Family Vision Center,Tucson,AZ,"{Shopping,Ophthalmologists,Optometrists,Doctors,Eyewear & Opticians,Health & Medical,Laser Eye Surgery/Lasik}",2012-07-16,5.0,positive,0.99,"[""Dr. Curtis Dechant"", ""excellent chair-side manner"", ""latest high-tech equipment"", ""good rapport"", ""eye appointments"", ""eyeglass frames"", ""friendly staff"", ""patients"", ""office"", ""selection""]"
0oB9jIpB5eKvOnqDcXYRhg,Pr_Mlt9FqdcW7WCFGJmozA,The Cider Factory,Virginia City,NV,"{Italian,Seafood,American (Traditional),Steakhouses,Restaurants,Comfort Food}",2016-07-03,5.0,positive,1.0,"[""Pear cider beer"", ""cute place"", ""great ambiance"", ""good food"", ""service"", ""price""]"
e8u5K7rpzWt3CEoGmqYZNA,7EhTT4iEuA7JaaWA-eI3Qw,Seasons Cafe & Bakery,Pinellas Park,FL,"{Food,Bakeries,Asian Fusion,Vietnamese,Restaurants,Specialty Food,Delis,Sandwiches,Bubble Tea,Soup}",2016-01-04,5.0,positive,0.96,"[""large shopping plaza"", ""wonderful food dishes"", ""best food item"", ""favorite shaved ice"", ""large size"", ""little restaurant"", ""traditional classics"", ""different type"", ""boba tea"", ""koko loco"", ""additional $1.50 charge"", ""strip mall"", ""Regal Cinemas"", ""high hairs"", ""good size"", ""five spice"", ""dessert place"", ""chicken wings"", ""kind Seasons"", ""goodness"", ""updates"", ""variety"", ""hula"", ""half"", ""flavors"", ""cup"", ""concoctions"", ""configurations"", ""toppings"", ""deal"", ""end"", ""Marshalls"", ""plenty"", ""parking"", ""store"", ""use"", ""service"", ""order"", ""counter"", ""number"", ""borough"", ""model"", ""quail"", ""Boon"", ""many"", ""visits"", ""location""]"
OMrx6DooSYePjc0WerIKFw,x-SCuOwghy4GlZdVOKjt4g,Twisted Twig Fine Florals,Santa Barbara,CA,"{Florists,Event Planning & Services,Shopping,Flowers & Gifts,Party & Event Planning}",2017-04-07,5.0,mixed,0.85,"[""Twisted Twig"", ""excellent service"", ""amazing arrangements"", ""floral arrangements"", ""hotel door"", ""different florist"", ""beautiful bouquet"", ""small wedding"", ""wedding day"", ""everyone"", ""Jen"", ""hold"", ""phone"", ""pictures"", ""inspiration"", ""dress"", ""flowers"", ""budget"", ""mind"", ""colors"", ""quote"", ""boutonniere"", ""arch"", ""time"", ""site"", ""mark"", ""roses"", ""chairs"", ""aisle"", ""surprise"", ""ceremony"", ""everything""]"
t4vzUBVfAPfg7i1EB9Y_6Q,GUMVStVaJfWmCIpQA4TtHg,Crazy Sushi,Philadelphia,PA,"{Restaurants,Japanese,Sushi Bars}",2018-03-15,4.0,mixed,0.68,"[""carrot pur\u00e9e"", ""one star"", ""first question"", ""Banzai roll"", ""Raw salmon"", ""white fish"", ""fish egg"", ""sweet sauce"", ""rice roll"", ""Seaweed salad"", ""Salad dressing"", ""service"", ""waiter"", ""soup"", ""appetizer"", ""lunch"", ""Shiomay"", ""sashimi"", ""avocado"", ""cucumber""]"
NYxYahcPBsyVSE88IHNivA,GOSVLhjUT6TnrPhkkmDOpw,Vineyards Cafe,Philadelphia,PA,"{Coffee & Tea,Cafes,Food,Creperies,Internet Cafes,Restaurants,Breakfast & Brunch}",2016-10-14,5.0,mixed,0.68,"[""small seating area"", ""window seating"", ""honeybee crepe"", ""almond croissant"", ""first floor"", ""earlier side"", ""smaller groups"", ""place"", ""friend"", ""brunch"", ""weekend"", ""leftovers"", ""food"", ""surprise""]"
cINASoUyZbUcmat0TloJag,R07rb3FN2QoRIbB6r6HDxQ,Tastee Restaurant,Kenner,LA,"{Breakfast & Brunch,Donuts,Restaurants,Food,Sandwiches}",2018-07-17,5.0,mixed,0.7,"[""best location"", ""donuts"", ""5pm""]"
SEtOk5e9-wDEDDRnuaUnnw,CPFKi2lZJazP6IdtCdDDyg,Coffeebar,Reno,NV,"{Bars,Coffee & Tea,Restaurants,Cafes,Food,Nightlife,Breakfast & Brunch,Wine Bars,Sandwiches}",2017-07-18,5.0,positive,0.99,"[""place"", ""people"", ""food"", ""coffee""]"
lYm3GHTfCllq1Kpj5oeLeg,WecgAHgzAPLOmM-6-Iga2A,Cafe Roma,New Orleans,LA,"{Sandwiches,Restaurants,Italian,Pizza}",2015-12-20,1.0,negative,0.0,"[""order status"", ""Terrible decision"", ""Food"", ""2 hours"", ""delivery"", ""Rude"", ""phone"", ""place""]"
S8jdwyhSsz30eNegDFkObA,B91yBSPvAz5O_t9JFafN1Q,O'Malleys Bar,Santa Barbara,CA,"{Nightlife,Bars,Sports Bars}",2016-05-31,5.0,mixed,0.67,"[""best guy"", ""door guy"", ""awesome People"", ""EVAN"", ""OMALLZ""]"
zyWcynpTTkXaM3bfyALlBg,NT5S6JV5wPwKOd3s3Yh1zQ,Burger Up,Nashville,TN,"{Restaurants,American (New),Sandwiches,Burgers}",2014-04-19,2.0,negative,0.02,"[""delicious, 16 dollar meal make"", ""borderline gross food"", ""tasteless burger"", ""quality bun"", ""saltiest fries"", ""truffle oil"", ""greasy fries"", ""Ew"", ""place"", ""McDonald""]"
bjBfJVb8Ikpz2Lbx-S-gyg,mcr1lAEdvGLMJhuPwI3I2A,101 Taiwanese Cuisine,Reno,NV,"{Food,Restaurants,Chinese,Bubble Tea,Taiwanese}",2016-12-04,5.0,positive,0.96,"[""Solid boba tea"", ""authentic Taiwanese food"", ""Taiwanese restaurant"", ""Reno"", ""hotels""]"
nAP-pjVWSCjTM2eCf-5FwA,V9XlikTxq0My4gE8LULsjw,Claim Jumper Steakhouse & Bar,Tucson,AZ,"{Restaurants,Nightlife,Seafood,Steakhouses,American (Traditional),Bars}",2016-07-25,1.0,negative,0.06,"[""Overpriced mediocrity"", ""money"", ""family"", ""corporate"", ""meals"", ""corporation"", ""restaurant"", ""clue""]"
JaGqBpLhxvC27juhu0lGwA,M0r9lUn2gLFYgIwIfG8-bQ,Baileys' Range,Saint Louis,MO,"{Ice Cream & Frozen Yogurt,Burgers,Food,Nightlife,Beer Bar,Bars,Restaurants}",2013-08-03,5.0,positive,0.91,"[""excellent veggie burger"", ""terrific selection"", ""local microbrews"", ""ice cream"", ""St. Louis"", ""place"", ""vegetarian"", ""meat"", ""menu""]"
EJWyA5wpdVMji1j4TwSZqQ,kxX2SOes4o-D3ZQBkiMRfA,Zaika,Philadelphia,PA,"{Halal,Pakistani,Restaurants,Indian}",2010-08-20,5.0,mixed,0.34,"[""rich buttery tomato sauce"", ""6 mouth yelp hibernation"", ""rubbery bone-white LEGO"", ""language barrier problem"", ""frothy yogurt drink"", ""sweet mango verities"", ""HALAL meat approach"", ""sweetened, thickened milk"", ""small Indo-Pak places"", ""spiced potato patties"", ""other good stuff"", ""Smokey Tandoori Chicken"", ""signature faint sweetness"", ""riccotta cheese dumplings"", ""P.S. ZAIKA"", ""potato stuffed"", ""ethnic places"", ""long hiatus"", ""insatiable hunger"", ""cacophonous symphony"", ""Indian food"", ""familiar pattern"", ""Mohammad Butt"", ""main man"", ""existential murmurings"", ""Cheeze Wiz"", ""trigger- steps"", ""Paneer (cheese"", ""Indian Grocers"", ""extra steps"", ""Chicken Makhani"", ""entr\u00e9es"", ""Dall Fray"", ""Palak Paneer"", ""animal protein"", ""vegetarian route"", ""Veggie Samosa"", ""Aloo Tikki"", ""iron stomach"", ""fish pakora"", ""phone orders"", ""short descriptions"", ""large orders"", ""bottom line"", ""good things"", ""Nifty Fifties"", ""Grant Ave."", ""Ras Malai"", ""rose water"", ""Best Taste"", ""chili peppers"", ""light texture"", ""head chef"", ""yeast flavor"", ""120 different items"", ""tummies"", ""grumbles"", ""marsala"", ""whispers"", ""Asia"", ""No."", ""Life"", ""meaning"", ""mind"", ""round"", ""chamber"", ""art"", ""name"", ""house"", ""contrast"", ""most"", ""purchase"", ""attempts"", ""prep-times"", ""shortcuts"", ""dish"", ""example"", ""appetizers"", ""something"", ""mother"", ""others"", ""specials"", ""gluten"", ""punishment"", ""Zaikia"", ""simply"", ""naan"", ""elasticity"", ""bread"", ""complaint"", ""plate"", ""mix"", ""menu"", ""fears"", ""Lassie"", ""salty"", ""English"", ""catering"", ""Ramadan"", ""dessert"", ""milkshake"", ""cardamom"", ""amount"", ""pistachios""]"
S-H-Ao17MEYH9cLpvevbnQ,EQ-TZ2eeD_E0BHuvoaeG5Q,Milktooth,Indianapolis,IN,"{Beer,Wine & Spirits,Cafes,Coffee & Tea,Restaurants,Food,Breakfast & Brunch,American (New)}",2016-06-11,5.0,positive,1.0,"[""extra- special coffee"", ""Special grits"", ""Busy place"", ""dietary restrictions"", ""downtown prices"", ""table"", ""server"", ""suggestions"", ""daughter"", ""salad"", ""entree"", ""bite"", ""restaurant""]"
Iy3lxDiV3RIPKUSGm1ZjOA,mtGTna-hyFhErb4Zma32IA,The Village Diner,Glenside,PA,"{Diners,Food,Restaurants}",2015-12-05,5.0,positive,0.98,"[""Super friendly staff"", ""hash browns"", ""place"", ""kids"", ""food"", ""tomatoes"", ""grits"", ""side"", ""Yum"", ""top"", ""wallet""]"
p8y5nanIxGGzAAqiCuxBdA,EqEcDeXqIq1YwnzHg_ZUFw,Frost Gelato,Tucson,AZ,"{Coffee & Tea,Desserts,Gelato,Food,Ice Cream & Frozen Yogurt}",2016-06-11,1.0,mixed,0.43,"[""Similar experience"", ""day staff"", ""night staff"", ""young manager"", ""great service"", ""place"", ""gelato"", ""friend"", ""town"", ""boy"", ""mistake"", ""annoyance"", ""customer"", ""back"", ""guy""]"
SiazHJtfovy9nwDFfICdwA,Z9QN-2Sg0pD0AAaiMl9oHA,Military Reserve,Boise,ID,"{Active Life,Parks,Dog Parks,Mountain Biking,Hiking}",2017-06-27,4.0,mixed,0.74,"[""Great hiking"", ""running spot"", ""Beautiful views"", ""dog spot"", ""leash rule"", ""biking"", ""Lots"", ""paths"", ""spots"", ""shade"", ""heat"", ""complaint"", ""people"", ""dogs"", ""owners"", ""rules""]"
PxOffHd66JalAmafv6mZsw,QLUUaTj034zYVWiVl9tNvA,Café at The Square,New Orleans,LA,"{Restaurants,American (Traditional)}",2016-03-07,5.0,mixed,0.8,"[""many other reviewers"", ""crab cake appetizer"", ""interesting hint"", ""chicken tenders"", ""one waitress"", ""lovely meal"", ""most places"", ""nice option"", ""comfort food"", ""lovely food"", ""reasonable prices"", ""Yelp"", ""shot"", ""sauce"", ""dill"", ""portions"", ""service"", ""tables"", ""bar"", ""delays"", ""crabcakes"", ""size"", ""ambiance""]"
umG23_QBjaAAWv-Bc3CZLw,plobBsTtVUODb353xxFT_g,Sushi Rose,Reno,NV,"{Sushi Bars,Restaurants}",2013-12-29,5.0,positive,0.98,"[""perfect portion size"", ""many different kinds"", ""many promotions"", ""excellent service"", ""amazing food"", ""favorite sushi"", ""staff"", ""quality"", ""fish"", ""rolls"", ""town""]"
fFX81fVi2KpnlR7CN7ht_A,ZpXZgnBrNodHH8pKpOK_Kg,Jesse's Steak and Seafood,Brandon,FL,"{Sandwiches,Steakhouses,Restaurants,Seafood}",2018-04-15,4.0,mixed,0.59,"[""enough saut\u00e9ed mushrooms"", ""cooler outer shell"", ""hot metal dish"", ""French onion soup"", ""hot metal plates"", ""The Caesar salads"", ""empty plates"", ""five mushrooms"", ""Brandon area"", ""Saturday night"", ""parking lot"", ""reasonable amount"", ""entree order"", ""giant thing"", ""good flavor"", ""great flavor"", ""great pacing"", ""two chances"", ""16 oz Delmonico"", ""sweet potato"", ""kitchen issue"", ""big deal"", ""great attitude"", ""first time"", ""drink menu"", ""alcoholic drinks"", ""TINY mushroom"", ""6 oz filet"", ""three tables"", ""crab stuffing"", ""boyfriend"", ""Jesse"", ""restaurant"", ""window"", ""server"", ""Nikki"", ""beverages"", ""Something"", ""beers"", ""draft"", ""appetizer"", ""items"", ""loaf"", ""bread"", ""butter"", ""meal"", ""front"", ""steaks"", ""choice"", ""side"", ""broccoli"", ""fixings"", ""entrees"", ""sense"", ""delay"", ""opinion"", ""cinnamon""]"
jF3ZlgxpM88UjKymEfSJmQ,ompDR5sUDpoI6gnTldmneQ,The Praline Connection,New Orleans,LA,"{Seafood,Cajun/Creole,Candy Stores,Coffee & Tea,Food,Restaurants,Soul Food,Specialty Food}",2017-05-26,2.0,mixed,0.41,"[""The Praline Connection"", ""1st time"", ""New Orleans"", ""amazing experience"", ""soup cup"", ""cheap Ketchup"", ""Chef Boyarde"", ""garlic bread"", ""Chicken wings"", ""other members"", ""nice tables"", ""single place"", ""BBQ sauce"", ""nice ambiance"", ""BBQ Oysters"", ""chance"", ""restaurant"", ""Anyone"", ""APPETIZERS"", ""shells"", ""stale"", ""matters"", ""party"", ""entrees"", ""PROS"", ""service"", ""servers"", ""clean""]"
12WmsX0EwwDlQyGXAgtkww,QSA-x2bb3kum9QLFpy7vUg,McDonald's,Fishers,IN,"{Restaurants,Coffee & Tea,Fast Food,Food,Burgers}",2017-03-27,2.0,negative,0.0,"[""terrible restaurant"", ""Bad food"", ""wrong items"", ""most employees"", ""Fishers Indiana"", ""Bad service"", ""McDonalds"", ""home"", ""distance"", ""bc"", ""lent"", ""one"", ""cold"", ""offense"", ""ENGLISH"", ""Spanish"", ""business"", ""way"", ""area"", ""advice"", ""location"", ""allot"", ""time""]"
-M6y-yFPKVouD2NNOKcT_w,8eDkw7CE0NKqMknPIu26fw,Two Chicks Cafe,New Orleans,LA,"{Breakfast & Brunch,Juice Bars & Smoothies,Restaurants,Food,American (New)}",2016-09-18,4.0,positive,1.0,"[""good breakfast"", ""walking distance"", ""fennel seed"", ""hotel"", ""crepes"", ""fruit"", ""tea"", ""hint""]"
L7Z2Re-8aFOZFhfMZbt44A,SlZJATE_TGUU8X34UJNi4g,La Mulita,Indianapolis,IN,"{Mexican,Burgers,Latin American,Restaurants,Caribbean}",2015-11-06,5.0,positive,0.86,"[""Yelp Elite event"", ""Holy Mole"", ""wonderful evening"", ""wide variety"", ""enticing appetizer"", ""main course"", ""full meal"", ""cocktail kind"", ""part"", ""food"", ""dish"", ""guy"", ""manager"", ""staff""]"
KBt2Po0W6BDmi7xZ59emvg,JszJI2Ewenggj8zh1o3B-Q,Peggs Restaurant On the Boulevard,High Ridge,MO,"{Italian,Restaurants,Pizza}",2015-10-07,4.0,mixed,0.81,"[""good Philly style sandwich"", ""tasty salads"", ""family restaurants"", ""dinner hour"", ""wife"", ""Peggs"", ""pizza"", ""wings"", ""service"", ""size"", ""idea"", ""lack"", ""acoustics"", ""families"", ""meal""]"
yqQmwEhvkAySMyGrRsRjQw,_RwlMTw9uFeOkfX9Ctf1HA,Dinardo's Famous Crabs,Philadelphia,PA,"{American (Traditional),Food,Restaurants,Seafood}",2008-05-02,1.0,mixed,0.09,"[""best \""authentic food"", ""seafood imperial\"" dishes"", ""food quality"", ""good seafood"", ""one \""word"", ""friendly hostess"", ""mean comments"", ""unimpressive sauce"", ""general adjective"", ""little fish"", ""Ick\"" vibe"", ""experience"", ""Dinardo"", ""foot"", ""door"", ""place"", ""diner"", ""interior"", ""lot"", ""times"", ""case"", ""prices"", ""server"", ""life"", ""mussels"", ""party"", ""soup"", ""BYOB"", ""audrey"", ""business""]"
RXqhxbAuPPSNs-oyJJyOgw,MjZQqZAmJeMco_Vq-Y9h-g,Starbucks,Carmel,IN,"{Food,Coffee & Tea}",2014-02-05,4.0,mixed,0.88,"[""Salted Caramel Hot Chocolate"", ""perfect thirst quencher"", ""breakfast pastry items"", ""breakfast sandwiches"", ""guilty pleasure"", ""iced teas"", ""Cranberry-Orange Scone"", ""100th review"", ""particular Starbucks"", ""White Mocha"", ""Drum-roll"", ""Something"", ""baristas"", ""drinks"", ""coffee"", ""summer"", ""order"", ""drive"", ""line""]"
0bT9gQpQO6MX3KVv5jrtdg,4SneIG3-02kRCgQx-hu51Q,J B Dawson's Restaurant & Bar,Langhorne,PA,"{Steakhouses,Seafood,Restaurants,American (New)}",2017-05-26,4.0,mixed,0.74,"[""similar bar food type chain"", ""many great craft brewers"", ""mango cilantro salsa"", ""lime cream drizzle"", ""one key aspect"", ""Bucks County region"", ""Four Cheese Mac"", ""nice size portion"", ""others limited options"", ""super fresh fish"", ""poor beer selection"", ""Bang Bang Shrimp"", ""Great first experience"", ""two bite app"", ""craft beer menu"", ""bar manager"", ""craft collection"", ""great greeting"", ""great attitude"", ""great decision"", ""Cheese side"", ""Limited thinking"", ""nice taste"", ""Awesome experience"", ""Bone Fish"", ""fish tacos"", ""overall experience"", ""reddish beer"", ""beer palette"", ""beer selections"", ""Ruby Tuesdays"", ""JB Dawson"", ""waiting expectation"", ""good attitude"", ""Sharp Cheddar"", ""bread crumbs"", ""large lunch"", ""corn bread"", ""maple butter"", ""3 Flour tortillas"", ""chimichurri sauce"", ""starch sides"", ""Stoudts Scarlet"", ""4 guest demographics"", ""Bristol area"", ""app order"", ""book"", ""cover"", ""Friday"", ""Bennigan"", ""hostess"", ""smile"", ""time"", ""server"", ""Nancy"", ""beverage"", ""surprise"", ""Kyle"", ""Boy"", ""way"", ""dishes"", ""wife"", ""Pepperjack"", ""Mozzarella"", ""Reggiano"", ""cornbread"", ""tilapia"", ""asparagus"", ""perfection"", ""photo"", ""moist"", ""variety"", ""types"", ""IPAs"", ""waiter"", ""questions"", ""swallow"", ""4 restaurants"", ""middling"", ""bad""]"
W2btfi-4gtoDDOQkZysdAw,vF32KjPs8BgltSa484P1Yg,Euro Grill,Nashville,TN,"{Restaurants,Mediterranean}",2014-01-17,5.0,mixed,0.65,"[""residential street"", ""business district"", ""vegetarian plate"", ""fresh pita"", ""tzatziki-like sauce"", ""light lunch"", ""Greek salad"", ""way"", ""people"", ""airport"", ""tiny"", ""path"", ""cheese"", ""vegetables"", ""dressing"", ""seasoning"", ""bread"", ""fried"", ""rice"", ""top"", ""flavors"", ""lack"", ""desire"", ""Plenty"", ""food""]"
abKghvZEZue9xTHBRpZFAw,4WdDY97x4GdMYtyk1KQMnw,Lilly's Cafe,New Orleans,LA,"{Cafes,American (Traditional),Vietnamese,Restaurants}",2013-11-14,4.0,mixed,0.6,"[""local pho shop"", ""eclectic regular clientele"", ""multiple trips"", ""Great food"", ""nice staff"", ""bun beef"", ""review"", ""5 stars"", ""reason"", ""ingredients""]"
zCch4eTBh27jRAFN8TXFQw,54XgUhaR0kDqw8bgbAEAtg,Los Jefes Tortilleria & Grill,Metairie,LA,"{Seafood,Tex-Mex,Restaurants,Tacos,Mexican}",2016-03-31,5.0,positive,1.0,"[""carne asada tacos"", ""Great food"", ""atmosphere"", ""place""]"
1z8mbdO4WAA1xplhixA5VQ,SlGNxQI23jc9iTZNTs_I3g,The Drafting Room Tap Room & Grill,Exton,PA,"{Restaurants,Nightlife,American (Traditional),American (New),Breakfast & Brunch,Bars}",2012-07-16,1.0,mixed,0.31,"[""complacent bar staff"", ""enticing beer selections"", ""good beer"", ""one drink"", ""miserable bartender"", ""slow night"", ""owners brother"", ""Brickside Grill"", ""excellent food"", ""great place"", ""time"", ""inconvenience"", ""shame"", ""none"", ""money"", ""dinner"", ""people"", ""world""]"
6j7TrxqNC9FtcRIPrDpRqQ,hUX1yAimviBIhb21D_KtcQ,Cactus Restaurant & Bar,Philadelphia,PA,"{Mexican,Restaurants,Bars,Tex-Mex,Nightlife}",2016-03-17,3.0,mixed,0.3,"[""standard very place"", ""Main Street"", ""pork tacos"", ""Mexican food"", ""college feel"", ""friend"", ""2pm"", ""Monday"", ""default"", ""restaurants"", ""bar"", ""drinks"", ""burrito"", ""middle"", ""mind"", ""thing""]"
5X3RdarK-hkjLR6jqZFjzw,6exYCuj4iSl1Hd6hb0C_Bg,Delicious Designs,Reno,NV,"{Food,Desserts,Custom Cakes,Bakeries,Cupcakes}",2017-08-07,5.0,mixed,0.66,"[""simple two tier lemon cake"", ""chocolate vegan cupcakes"", ""one year anniversary"", ""a weeks notice"", ""good way"", ""Delicious Designs"", ""Leigh Anne"", ""guest list"", ""last minute"", ""top layer"", ""exact cake"", ""decorating department"", ""interactions"", ""wedding"", ""less"", ""head"", ""decorations"", ""daughter"", ""picture"", ""table"", ""someone"", ""everything"", ""perfect"", ""need"", ""bakery"", ""Reno""]"
Bz1DS2J28EzTLJHsaTyM7g,diwwt5QBU3-Thig9SVlsOA,Brew Brothers,Reno,NV,"{Bars,Nightlife,American (Traditional),Music Venues,Food,Arts & Entertainment,Restaurants,Breweries}",2009-08-05,2.0,mixed,0.39,"[""SAME EXACT LADY seat"", ""big dance floor"", ""good sound system"", ""empty front podium"", ""freakin french fries"", ""good part"", ""fog machine"", ""next thing"", ""four people"", ""food service"", ""stage"", ""lights"", ""table"", ""employee"", ""menus"", ""time"", ""kitchen"", ""orders"", ""RUDE"", ""9"", ""10""]"
uUNxMvlGR6eA8o_yD3kVJQ,KKeItUB89NrvWF6E2sohGA,Bauhaus Hair Design,Collingswood,NJ,"{Shopping,Art Galleries,Beauty & Spas,Hair Salons,Arts & Entertainment}",2017-12-29,5.0,mixed,0.73,"[""A-line bob"", ""little success"", ""same page"", ""Jenna Moore"", ""hair"", ""work"", ""progress"", ""bit"", ""year"", ""today"", ""friend"", ""god"", ""everything"", ""healing"", ""future""]"
F_qeQJ7BH1mmxoI_l1WuMA,jULIPydhMj18KOI5OHTwfA,Buena Onda,Philadelphia,PA,"{Tacos,Restaurants,Mexican}",2017-05-14,3.0,mixed,0.62,"[""soft serve ice cream"", ""table clean ups"", ""taco toppings"", ""tortilla chips"", ""carne"", ""guacamole"", ""ability"", ""dulche"", ""leche"", ""seating""]"
jOpJBXl6goiRYvsS8Oeriw,2oij3AB1we03O7_H29iJ9g,Cured Nails,Nashville,TN,"{Nail Salons,Beauty & Spas}",2018-08-05,5.0,mixed,0.79,"[""OPI Funny Bunny gel"", ""comfortable low key brunch"", ""high end nail salon"", ""Restoration Hardware magazine"", ""upscale polish options"", ""cute gold tips"", ""Justin Bieber song"", ""The Hamptons type"", ""many photo opportunities"", ""nail trimmer tools"", ""random parking lot"", ""nail salons"", ""mimosa type"", ""color palette"", ""heirloom antiques"", ""many others"", ""extended massage"", ""fresh package"", ""gray color"", ""VIP club"", ""Vegas strip"", ""loud music"", ""bridal party"", ""coming businesses"", ""Local Honey"", ""style"", ""decor"", ""France"", ""Chanel"", ""life"", ""Service"", ""cleanliness"", ""safety"", ""collection"", ""toes"", ""nails"", ""way"", ""Nashville"", ""sparkles"", ""CURED"", ""classic"", ""girlfriends"", ""vibe"", ""prices"", ""side"", ""construction"", ""Mom"", ""Sister"", ""town"", ""lunch"", ""neighborhood""]"
bu0BUkenT8c8nnyKUaF0-A,eaDZlSuVS0EY67Ke6pRP6Q,Penang,Philadelphia,PA,"{Malaysian,Asian Fusion,Cambodian,Chinese,Restaurants,Thai}",2016-02-24,5.0,positive,1.0,"[""Indian Mee Goreng"", ""many items"", ""place"", ""years"", ""Colorado"", ""Philadelphia"", ""work"", ""menu"", ""portions"", ""prices"", ""week"", ""recipe"", ""manager"", ""days""]"
O9--fIsyIjBhSB8OIwW_QQ,wxNrsZt7towVK4LgjjEo1g,Osteria,Moorestown,NJ,"{Italian,Restaurants}",2014-09-26,2.0,mixed,0.27,"[""same type"", ""Trenos pizza"", ""service"", ""Stella"", ""desire""]"
-nQRvxUGWYUBqTZdcyvprQ,I2Yt74AzSQFfyQqgN7PSEg,Sheraton Indianapolis Hotel at Keystone Crossing,Indianapolis,IN,"{Venues & Event Spaces,Hotels,Restaurants,Hotels & Travel,Event Planning & Services}",2012-01-04,2.0,mixed,0.32,"[""one week"", ""adjoining rooms"", ""strangers conversations"", ""clearing throats"", ""seven nights"", ""New Years"", ""many places"", ""Poor materials"", ""Connecting doors"", ""Christmas"", ""family"", ""coughs"", ""fights"", ""dogs"", ""bed"", ""hotel"", ""Staff"", ""Starwood"", ""something""]"
Z_tQ-hruQRU45Rg3XglyJQ,HZtkTPfSshfRjpQR7x1Raw,Subway,Sparks,NV,"{Sandwiches,Fast Food,Restaurants}",2014-03-14,2.0,mixed,0.13,"[""jalape\u00f1o cheese bread"", ""sandwich"", ""tomatoes"", ""cucumbers"", ""staff""]"
yjQIyHFpnUKh49X4HYJuSQ,WQ832PDnsDshhbQFm83ISg,Villagio Cinemas,Tampa,FL,"{Cinema,Nightlife,Pizza,Italian,Arts & Entertainment,Burgers,Restaurants,Lounges,Bars}",2016-10-13,4.0,positive,0.98,"[""movie theater"", ""Great drinks"", ""friendly service"", ""good food"", ""restaurant"", ""place""]"
9iSPQRg-oE525tze73mx4w,SDF1usj2mnUNqbIy4JBQTQ,Lucky Perk Coffee,Meridian,ID,"{Food,Restaurants,Coffee & Tea}",2014-08-11,1.0,negative,0.0,"[""iced white chocolate mocha"", ""iced mocha"", ""chocolate flavor"", ""coffee flavor"", ""girl"", ""shot"", ""way""]"
vHOeBa7aMA_na4rfS2Db5A,0z45rM2paE-O-6w63GEi6g,United Van Lines Movers -  Saint Louis,St. Louis,MO,"{Movers,Home Services}",2018-06-09,1.0,mixed,0.16,"[""United Van Lines"", ""5 different moving companies"", ""other reasonable explanation"", ""Virtual Survey confirmation"", ""other 4 companies"", ""0 star review"", ""South California"", ""answering machine"", ""initial email"", ""second email"", ""one star"", ""Yelp"", ""wife"", ""NY"", ""05/02"", ""05/10"", ""lady"", ""apartment"", ""15 minutes"", ""06/05"", ""everything"", ""quote"", ""less"", ""48 hours"", ""direct"", ""message""]"
UdKXbsNyrbUMKm3ou4B4Rw,Dtuf4vD0znzwJW9vk3iTNw,Tomo Japanese Steakhouse and Sushi Bar,Indianapolis,IN,"{Steakhouses,Restaurants,Sushi Bars,Japanese}",2015-02-16,5.0,positive,0.99,"[""specialties sushi menu"", ""Excellent price"", ""Snow mountain"", ""Volcano sushi"", ""remarkable sushi""]"
B64w3FRqtalYlf2JQyqSEw,I1h0GRYp86eX-XqwVXsSGA,Zeko's Mediterranean Grill,Tampa,FL,"{Restaurants,Falafel,Fast Food,Mediterranean,Middle Eastern,Halal,Greek}",2015-02-16,5.0,mixed,0.82,"[""thick, perfectly seasoned steak fries"", ""BEST place"", ""chicken gyros"", ""quality"", ""food"", ""kinds"", ""goodies"", ""daughter"", ""burgers"", ""bomb"", ""thing"", ""baklava"", ""pistacios""]"
B-7TUHzZyMUsmt5dbUUxlw,mcr1lAEdvGLMJhuPwI3I2A,101 Taiwanese Cuisine,Reno,NV,"{Food,Restaurants,Chinese,Bubble Tea,Taiwanese}",2015-01-04,5.0,mixed,0.49,"[""good Taiwanese food"", ""many other dishes"", ""most places"", ""different cities"", ""oyster omlet"", ""scallion pancake"", ""Reno"", ""night"", ""expectations"", ""recommendations""]"
rE4CB9_glMM2ZhKBEeyKWA,dMhslmjZ0dJov0sMCxf39Q,Anaya's Mexican Restaurant,Greenwood,IN,"{Restaurants,American (New),Mexican}",2017-01-15,5.0,positive,0.99,"[""Nice, clean environment"", ""significant beer selection"", ""great first experience"", ""Good, authentic food"", ""Good service""]"
DkrsmadeZJj_GERNMIBxVg,Q-prSTdggNlxAEFV88BZOw,Tria Cafe Wash West,Philadelphia,PA,"{Beer,Wine & Spirits,Wine Bars,Modern European,American (New),Cheese Shops,Specialty Food,Food,Restaurants,Bars,Nightlife}",2013-12-28,5.0,mixed,0.82,"[""low to medium noise level"", ""prosciutto bacon bits sandwich"", ""cozy wine lounge atmosphere"", ""varied wine selection"", ""Italian orange soda"", ""bathroom door lock"", ""small table"", ""lamb sausage"", ""potato chips"", ""lunch"", ""fiancee"", ""friend"", ""window"", ""great"", ""bubbly"", ""crab"", ""peppers"", ""snacks"", ""mozzarella"", ""service"", ""handle""]"
Sk9DcKI55f0s_253vc50Ig,Es39sSDXiReBthHLBSD_Xw,Phillips Seafood,Philadelphia,PA,"{Seafood,Restaurants}",2011-02-14,4.0,mixed,0.54,"[""crab cake sandwich"", ""bar area"", ""P.S."", ""bank card"", ""banking glitch"", ""salad eater"", ""priority"", ""menus"", ""service"", ""point"", ""bread"", ""hub"", ""fries"", ""water"", ""appetizers"", ""tip"", ""food"", ""quality"", ""drawback"", ""table"", ""size"", ""chair"", ""3 plates"", ""manager"", ""money"", ""account""]"
-gByzTOEA54VenG3s3EqRA,WIv5kTb_P3jnngPkMeRRNw,Jay's Favorite Sushi Bar,Philadelphia,PA,"{Sushi Bars,Restaurants,Japanese}",2013-10-03,2.0,mixed,0.26,"[""sushi snob"", ""worst sushi"", ""side salad"", ""spring mix"", ""purple cabbage"", ""iceberg lettuce"", ""WARM"", ""Nope"", ""romaine"", ""slivers"", ""carrots"", ""LITERALLY"", ""friend"", ""Check"", ""Mate""]"
GHyyQunPh8YubLtk6FlftQ,gCcJTKC40CL0XtYYGfcXDw,Smiley's Cafe,Philadelphia,PA,"{Juice Bars & Smoothies,Food,Mediterranean,Greek,Restaurants,Sandwiches}",2013-10-24,4.0,positive,0.99,"[""vegetarian platter"", ""Delicious food"", ""attentive staff"", ""partner"", ""kind"", ""decisions"", ""ordering"", ""advantage""]"
XHFOnP_cEiqRRc8_i1rJtQ,cB_9eHHfo9me96cZup-lZQ,"The Saint Hotel, Autograph Collection",New Orleans,LA,"{Hotels,Venues & Event Spaces,Event Planning & Services,Hotels & Travel}",2015-01-18,1.0,mixed,0.19,"[""two separate rooms"", ""bachelorette party"", ""parking garage"", ""Worst experience"", ""free valet"", ""hotel"", ""ghetto"", ""atmosphere"", ""staff"", ""opposite"", ""friend"", ""suite"", ""car"", ""door""]"
WwdgjZvARA-p7IU4I4Iqbw,_IYHl6J9iB3lbeJq27pbsg,Taqueria La Hacienda,Philadelphia,PA,"{Latin American,Restaurants}",2015-08-30,5.0,positive,1.0,"[""numerous occasions"", ""Puerto Rico"", ""free samples"", ""friendly staff"", ""Great place"", ""mother"", ""law"", ""Tamales""]"
hoFBjn6qNY1V4_ZT9gJB3g,P50W1jWWLTFjuEUdkGZJdA,Oasis on the Boulevard,Apollo Beach,FL,"{Steakhouses,Restaurants,American (New)}",2014-11-30,1.0,negative,0.07,"[""two other tables"", ""pork tenderloin sandwich"", ""older couple"", ""food order"", ""reviews"", ""dinner"", ""patrons"", ""handful"", ""people"", ""bar"", ""50 minutes"", ""burger"", ""fact"", ""football"", ""kind"", ""management"", ""behavior"", ""place""]"
gJvP54OrwhunN3v_fYch4w,6kAXOzE7fqaBZINQV_-_mg,Kien Giang,Nashville,TN,"{Vietnamese,Restaurants}",2010-01-09,4.0,mixed,0.67,"[""several different beef cuts"", ""veggie spring rolls"", ""rice vermicelli soup"", ""yummy, savory broth"", ""regular serving size"", ""different one"", ""beef pho"", ""vegetarian options"", ""largest bowls"", ""80s decor"", ""experience"", ""menu"", ""husband"", ""duck"", ""meat"", ""fan"", ""tripe"", ""lot"", ""restaurant"", ""server""]"
K7W2UaUGJvpbqiqObRhQQQ,eMiN8nm70jjKg8izikVWDA,Chickie's & Pete's,Philadelphia,PA,"{Seafood,Nightlife,Sports Bars,Bars,Restaurants,American (New)}",2009-10-14,3.0,mixed,0.57,"[""friendly sports bar"", ""congealed cheese sauce"", ""famous crab fries"", ""Sunday games"", ""sound booth"", ""special themes"", ""Eagles fans"", ""chili pepper"", ""entire experience"", ""booming sound"", ""cute servers"", ""rowdy fans"", ""perfect place"", ""3.5 stars"", ""Chickie"", ""Pete"", ""women"", ""lots"", ""seating"", ""sky"", ""music"", ""commercials"", ""garlic"", ""salt"", ""Something"", ""towers"", ""beer"", ""taps"", ""loads"", ""space""]"
_UJt6A57MmdanQoYr4dx2A,bdth7r1brx9yRU7sYwF9jQ,Nippon Tei,Ballwin,MO,"{Japanese,Asian Fusion,Wine Bars,Bars,Restaurants,Sushi Bars,Nightlife}",2010-08-22,3.0,mixed,0.44,"[""mango sake drink"", ""other big thing"", ""other sushi bars"", ""other sushi restaurants"", ""other Yelpers"", ""other favorites"", ""great reviews"", ""Nippon Tei"", ""bonus points"", ""FREE edemame"", ""main event"", ""philly roll"", ""tempura roll"", ""tuna roll"", ""california roll"", ""worst sushi"", ""roommate"", ""friend"", ""shot"", ""appetizer"", ""price"", ""hand-full"", ""means"", ""rolls"", ""presentation"", ""ability"", ""plate"", ""mouth""]"
YpHIixkA2K96wFLbI6FHkQ,GBTPC53ZrG1ZBY3DT8Mbcw,Luke,New Orleans,LA,"{German,Restaurants,Seafood,Cocktail Bars,French,Brasseries,American (New),Nightlife,Bars,Cajun/Creole,Breakfast & Brunch}",2009-03-01,5.0,mixed,0.81,"[""delicate Meyer lemon sauce"", ""most hotel restaurants"", ""Mardi Gras week"", ""other restaurants"", ""second choice"", ""Rio Mar"", ""other side"", ""great meal"", ""two ingredients"", ""signature cocktails"", ""beets salad"", ""sun warmed"", ""meaty fiesta"", ""crab ravioli"", ""memorable meal"", ""Bread pudding"", ""hell"", ""time"", ""parade"", ""Service"", ""butter"", ""table"", ""Crunchy"", ""items"", ""greens"", ""field"", ""Choucroute"", ""dessert"", ""raisins""]"
CCbESGbnZ7PhNZhktuW7lQ,iDGohK_mkqnAfLeWC4P4TQ,51st Deli,Nashville,TN,"{Restaurants,Mexican,Delis,Breakfast & Brunch,Food,Grocery,Sandwiches,Tacos}",2017-01-14,5.0,positive,1.0,"[""51st Deli"", ""Uber Eats"", ""person""]"
0gFENhAB6mfMwL1V0Z2fWw,WQ832PDnsDshhbQFm83ISg,Villagio Cinemas,Tampa,FL,"{Cinema,Nightlife,Pizza,Italian,Arts & Entertainment,Burgers,Restaurants,Lounges,Bars}",2016-12-19,1.0,mixed,0.4,"[""Star Wars Rogue"", ""discerning most actors"", ""comfortable seats"", ""pretzel sticks"", ""two people"", ""blue shirt"", ""middle age"", ""first time"", ""normal movies"", ""last experience"", ""3D glasses"", ""3D experience"", ""entire screen"", ""tickets"", ""breeze"", ""atmosphere"", ""problem"", ""food"", ""advertisements"", ""something"", ""faces"", ""difference"", ""shadows"", ""background"", ""lobby"", ""manager"", ""gentleman"", ""beard"", ""closed-system"", ""theater"", ""eyes"", ""customer"", ""location"", ""room""]"
Kj7HMhdzGih7D7FCL13OOw,HcEOK1WiOpHvhZtp7PkRmg,Salsa,Nashville,TN,"{Restaurants,Caribbean,Breakfast & Brunch,Salad,Latin American,Nightlife,Cocktail Bars,Bars,Puerto Rican}",2013-05-29,1.0,negative,0.02,"[""random plastic container boxes"", ""ropa vieja\"" dish"", ""sagging knitted item"", ""average food"", ""Saturday night"", ""$23 pork chop"", ""moderate portion"", ""menu prices"", ""nearby table"", ""servers"", ""trouble"", ""names"", ""dishes"", ""rush"", ""bill"", ""place"", ""$18 price"", ""spouse"", ""lot"", ""fat"", ""comment"", ""ambiance"", ""lamp""]"
lyHHV0jehKe34uwm1rAVsw,ZhCnKe7U1TsHWnAlXl8Isw,Old Standard Fried Chicken,Saint Louis,MO,"{Restaurants,American (New),Southern,Chinese}",2016-07-03,3.0,mixed,0.32,"[""Sunday brunch menu"", ""other reviews"", ""decent value"", ""seasonal salad"", ""actual lettuce"", ""slow side"", ""small crowd"", ""chicken coop"", ""chicken strips"", ""layout"", ""restaurant"", ""inside"", ""people"", ""food"", ""fries"", ""wife"", ""Canes"", ""opinion"", ""Service""]"
au9AZ-eeVBJ_3KcB05jCrg,WecgAHgzAPLOmM-6-Iga2A,Cafe Roma,New Orleans,LA,"{Sandwiches,Restaurants,Italian,Pizza}",2015-09-24,2.0,mixed,0.3,"[""many places"", ""different places"", ""Front desk"", ""best mood"", ""departmental thing"", ""hospitality discount"", ""decent discount"", ""sales administrator"", ""service"", ""food"", ""hotel"", ""guests"", ""order"", ""girl"", ""statement"", ""end"", ""employee"", ""title"", ""total"", ""groups"", ""people"", ""driver"", ""menus"", ""business"", ""guys"", ""charge"", ""name"", ""Neisha""]"
xTjq12ca41rbsIJVnYgZiQ,cdstmGcsGhFunXColCUhuA,Simply Beautiful Smiles of Garnet Valley,Garnet Valley,PA,"{Oral Surgeons,Health & Medical,General Dentistry,Endodontists,Dentists,Cosmetic Dentists,Periodontists}",2018-06-19,5.0,positive,0.9,"[""sweetest ladies"", ""Appointments"", ""time""]"
MJjWo6VjPZbpwDrAy1Uf0w,NV6zZPb5OGVpyX4JrSzUPg,The Block,Saint Louis,MO,"{Bars,American (New),Nightlife,Restaurants,Pubs}",2017-12-16,2.0,negative,0.02,"[""Brussel sprouts"", ""flank steak"", ""pure salt"", ""server"", ""batch"", ""husband"", ""burger"", ""fries"", ""cook""]"
lQF3kV6JazQ8chYr4ZKG4w,gGyqnAlpFrka_qzpO7j4lQ,Citizens Bank Park,Philadelphia,PA,"{Active Life,Baseball Fields,Stadiums & Arenas,Arts & Entertainment}",2008-12-03,5.0,mixed,0.63,"[""Phils- instant love"", ""big baseball fan"", ""first Phils game"", ""baseball season"", ""Phillies games"", ""open feeling"", ""bad seats"", ""lower levels"", ""great food"", ""Go Phillies"", ""stadium"", ""experience"", ""couple"", ""years"", ""bf"", ""wonder"", ""10, 000 loss"", ""places"", ""scoreboard"", ""lot"", ""variety"", ""facilities"", ""line"", ""April""]"
pPKI8l5FuX3aOHCQAlsfsg,rVhsjZWk_u20TDcvwhbdyQ,Indy Tacos,Indianapolis,IN,"{Restaurants,Food,Mexican,American (New)}",2015-06-08,4.0,mixed,0.57,"[""two steak tacos"", ""heavy duty guac"", ""great eating experience"", ""mexican restaurant"", ""big portion"", ""fresh tasting"", ""best part"", ""hot sauces"", ""average persons"", ""low quality"", ""chunky guacamole"", ""hardy chips"", ""boyfriend"", ""lunch"", ""side"", ""beans"", ""salsa"", ""rice"", ""favorite"", ""complaint"", ""cilantro"", ""note"", ""purchase"", ""tortillas"", ""vessel"", ""tolerance"", ""spices"", ""meat"", ""shot""]"
raMmqAddReOruHYmUTdT9Q,qdpdUjdkEUpzYDdce2yZng,Plaza Deli,Santa Barbara,CA,"{Sandwiches,Restaurants,Salad,Hot Dogs,Delis}",2017-05-13,4.0,positive,0.98,"[""roasted duck pastrami sandwich"", ""good fresh ingredients swing"", ""awesome soda selection"", ""La Cumbre Plaza"", ""good sandwich"", ""great sandwich"", ""Plaza Deli"", ""bread rolls"", ""mouth crust"", ""Santa Barbara"", ""place"", ""roof"", ""street"", ""years"", ""half"", ""sandwiches"", ""favorite"", ""addition"", ""something"", ""visit"", ""bite""]"
VSUoe2zIkrYYZySztDA_Lg,5_sby6qh9I6rwnSuoURSaQ,Nordstrom The Plaza at King of Prussia,King Of Prussia,PA,"{Shopping,Women's Clothing,Fashion,Department Stores,Men's Clothing,Cosmetics & Beauty Supply,Beauty & Spas}",2009-03-01,4.0,positive,0.97,"[""higher end lines"", ""clearance sale price"", ""shoe department"", ""other locations"", ""sales professionals"", ""two pairs"", ""high level"", ""customer service"", ""Nordstrom"", ""lot"", ""variety"", ""gentleman"", ""Erwin"", ""shoes"", ""network"", ""Bloomingdale"", ""charge"", ""shipping"", ""handling"", ""loyalty""]"
XT_3UpEhO5eJIFxevnv_Yw,GBTPC53ZrG1ZBY3DT8Mbcw,Luke,New Orleans,LA,"{German,Restaurants,Seafood,Cocktail Bars,French,Brasseries,American (New),Nightlife,Bars,Cajun/Creole,Breakfast & Brunch}",2015-02-02,4.0,mixed,0.79,"[""best Alaskan crab legs"", ""awesome looking burger"", ""chicken liver pate"", ""huge mason jar"", ""additional crab"", ""raw bar"", ""generous portion"", ""crispy fries"", ""fine dining"", ""reasonable way"", ""complimentary appetizer"", ""cool pizza"", ""happy camper"", ""Service"", ""Atmosphere"", ""friends"", ""burgers"", ""entree"", ""ambience"", ""waiter"", ""shrimp"", ""grits"", ""mouth"", ""Atlanta"", ""everything"", ""Drinks"", ""town"", ""name"", ""rabbit"", ""appetizers""]"
xuo21L3XGyoITxQwsllEZQ,fdjzXyPw1Zt2avRokULJOw,Doan's Restaurant,Edmonton,AB,"{Vietnamese,Restaurants}",2015-03-19,5.0,positive,0.96,"[""last time"", ""long lunch"", ""great place"", ""Doan"", ""kind"", ""staff""]"
GnuFKewHFclApqd_yXnnjw,u7_3L1NBWgxhBM_B-cmmnA,Pizzeria Vetri,Philadelphia,PA,"{Italian,Pizza,Restaurants,Salad}",2017-04-30,4.0,positive,0.99,"[""amazing brick oven pizza joint"", ""best pizza places"", ""prosciutto pizza"", ""ricotta cheese"", ""beer selection"", ""The Rotolo"", ""dough"", ""mortadella"", ""pistachios"", ""oil"", ""size"", ""bun"", ""service"", ""Philly.""]"
O9TaIPdLrZ_VnQzwFtNv7A,SKW1zA4nY_SPKkQPmXNHoA,Toppers Pizza,Carmel,IN,"{Food,Pizza,Restaurants,Chicken Wings,Desserts}",2015-09-25,5.0,mixed,0.72,"[""Oprah Winfrey meme"", ""new pizza home"", ""first bite"", ""Indianapolis area"", ""square pieces"", ""Amazing pizza"", ""head"", ""mouth"", ""agape"", ""arms"", ""car"", ""lot"", ""oregano"", ""cheesy""]"
njO5cv6jDieJ9FFPN3DStg,5rryuz2myZJI0EfWtrTMxw,MIUCHA,Philadelphia,PA,"{Food,Bubble Tea}",2018-01-21,2.0,negative,0.02,"[""three teas"", ""27 minutes"", ""one"", ""store"", ""wait"", ""Chinatown""]"
j1HO0xopMX8sWX84UNiRfQ,72Y65Cg8MO1t9cWCHpwEQQ,Fresco Italian Sandwich Shoppe,Indianapolis,IN,"{Italian,Sandwiches,Soup,Restaurants}",2017-09-09,5.0,positive,1.0,"[""third sandwich size option"", ""beef sandwiches"", ""best beef"", ""sweet peppers"", ""main location"", ""Mass Ave"", ""longer hours"", ""Chicago"", ""place"", ""city"", ""Couple"", ""suggestions"", ""fries""]"
Rzxws4o77wDp3dGw7Y1V0A,jtsckI_01hlbGLpEFwJu0A,Buff Beauty Bar,New Orleans,LA,"{Hair Removal,Waxing,Beauty & Spas,Nail Salons,Blow Dry/Out Services,Makeup Artists,Day Spas,Hair Salons}",2015-06-09,5.0,mixed,0.78,"[""early mothers day celebration"", ""clean, minimalist atmosphere"", ""nail salon"", ""same time"", ""front desk"", ""complimentary mimosas"", ""regular customers"", ""perfect way"", ""polish colors"", ""street parking"", ""quest"", ""4 pedicures"", ""4 pedicurists"", ""schedule"", ""place"", ""wine"", ""champagne"", ""Everyone"", ""downside"", ""something"", ""business"", ""people"", ""CBD"", ""issue"", ""Buff""]"
Ya17EU5By7NiwiA7YOV34A,WRMlifrYLjRY8q5YUUbfZA,iPho Vietnamese Restaurant,Philadelphia,PA,"{Vietnamese,Restaurants}",2017-09-09,5.0,positive,0.84,"[""Great spot"", ""pho"", ""Broth"", ""No."", ""Philly.""]"
wNwmhzPerLLWzsAovkFKGQ,G84WORbq6Muqq2SIthWOeQ,Avis Rent A Car,Reno,NV,"{Car Rental,Hotels & Travel}",2018-05-19,2.0,mixed,0.2,"[""Avis Rent A Car"", ""two different kinds"", ""Avis representative"", ""Corolla-sized car"", ""Reno airport"", ""Camry-size vehicle"", ""five days"", ""weekly rate"", ""extra insurance"", ""personal insurance"", ""husband"", ""internet"", ""time"", ""rental"", ""cars"", ""man"", ""end"", ""price"", ""paperwork"", ""tax"", ""problems"", ""vacation"", ""upgrade"", ""Hertz"", ""Dollar"", ""reservation"", ""phone"", ""everything""]"
DTvOLEwJ56p-_9y0sxs_XA,F4zL3RYWlEhGLsns1xRR-A,Budget Motors,Reno,NV,"{Local Services,Auto Loan Providers,Car Dealers,Appraisal Services,Automotive}",2018-10-04,5.0,positive,0.9,"[""Great customer service"", ""new used car"", ""new car"", ""good shape"", ""good help"", ""Andy""]"
5LRp4IsgdoOv3cWn7vI9aA,5Y_TiS_KJAgJMf9ZiKutEQ,Jungle Prada Tavern,Saint Petersburg,FL,"{Salad,Bars,Pubs,Food,Restaurants,Pizza,Nightlife}",2017-06-06,4.0,positive,0.94,"[""Jungle Prada Tavern"", ""scallops prosciutto app"", ""portabella app"", ""great recommendation"", ""mar pizza"", ""vegetarian option"", ""seafood fanatic"", ""first places"", ""seafood options"", ""area"", ""friend"", ""bartender"", ""beer"", ""crab"", ""YUM"", ""someone"", ""sister"", ""town"", ""chance""]"
_EfDCNHPjkZ7c4yyHJuLtQ,ZswVKOCuIcgh50eYtif_5g,Be Dazzled Beads - Land of Odds,Nashville,TN,"{Shopping,Hobby Shops,Art Supplies,Local Services,Jewelry,Jewelry Repair,Arts & Crafts}",2011-05-27,5.0,positive,1.0,"[""favorite bead stores"", ""seed beads"", ""glass strands"", ""Nashville"", ""walls""]"
ZSDnT-TxnDOXfed43-2Ryw,WRMlifrYLjRY8q5YUUbfZA,iPho Vietnamese Restaurant,Philadelphia,PA,"{Vietnamese,Restaurants}",2016-02-24,5.0,positive,1.0,"[""spicy peanut sauce"", ""regular hot spotz"", ""opening day"", ""Great atmosphere"", ""lovely staff"", ""Green tea"", ""summer rolls"", ""PHO PHREE"", ""dinner"", ""food"", ""fleek"", ""DELISH"", ""way"", ""Fairmount""]"
HgcTd6tWUELE57FK7Amx0g,ZnxGRJpKHRQ0SAYSJk4SFw,Sunrise Family Restaurant,Saint Ann,MO,"{American (Traditional),Restaurants,Sandwiches,Breakfast & Brunch}",2012-12-04,4.0,positive,0.94,"[""quick delicious home cooked breakfast"", ""nice, thick, large slices"", ""good ole family cookin"", ""super good cuz"", ""small-town, homey feel"", ""initial impression"", ""Christmas tree"", ""wide world"", ""greasy cooking"", ""little butter"", ""best food"", ""great place"", ""outside"", ""iceskates"", ""wall"", ""corner"", ""grandma"", ""pancakes"", ""bacon"", ""prices"", ""service""]"
48Mv4oT4Q8MdbFV0CXi3cQ,SlGNxQI23jc9iTZNTs_I3g,The Drafting Room Tap Room & Grill,Exton,PA,"{Restaurants,Nightlife,American (Traditional),American (New),Breakfast & Brunch,Bars}",2015-08-30,2.0,mixed,0.1,"[""many suggestions"", ""one night"", ""partial menu"", ""bar menu"", ""surprise disappointments"", ""hard time"", ""single topping"", ""kitchen staff"", ""special reason"", ""place"", ""friends"", ""hour"", ""weekend"", ""mention"", ""website"", ""Something"", ""dish"", ""burger"", ""server"", ""modifications"", ""issues"", ""rest"", ""meal"", ""service"", ""food"", ""quality""]"
MA5iblOZ4FWIQ_B3UBKKMA,FHNIvNgh3fS7VZQq2Y3dsA,Cheu Noodle Bar,Philadelphia,PA,"{Asian Fusion,Tapas/Small Plates,American (New),Restaurants,Vietnamese,Korean,Noodles,Ramen,Japanese}",2017-01-27,4.0,mixed,0.86,"[""goat cheese Rangoons"", ""coconut curry ramen"", ""Second visit"", ""butternut squash"", ""mushroom yakisoba"", ""Amazing flavor"", ""happy tummies"", ""first"", ""smoky"", ""meaty"", ""Heaven"", ""bowl"", ""complaint"", ""seating"", ""way"", ""bar"", ""deliciousness"", ""plates"", ""wait"", ""theater"", ""food"", ""curtain""]"
6KiUDR5SAELTfT4bukxFVQ,M0r9lUn2gLFYgIwIfG8-bQ,Baileys' Range,Saint Louis,MO,"{Ice Cream & Frozen Yogurt,Burgers,Food,Nightlife,Beer Bar,Bars,Restaurants}",2011-10-27,5.0,mixed,0.9,"[""St. Louis area beer"", ""flavor explosionary experience"", ""non corn-syrup selections"", ""beer selection"", ""ABC burger"", ""lamb burger"", ""AB-InBev products"", ""British-style chip"", ""little translucent"", ""soda lovers"", ""amazing array"", ""cane sugar"", ""wedge salad"", ""bison burger"", ""best pickle"", ""dinner"", ""Bailey"", ""Range"", ""wife"", ""halves"", ""Everything"", ""burgers"", ""meat"", ""buns"", ""toppings"", ""ketchup"", ""pickles"", ""Fries"", ""day""]"
DhA2QaUSdz2m9GirtOrzJA,1ys1jf1-4EuiHONfpHWdwg,Nighthawk Diner,New Orleans,LA,"{Diners,Restaurants}",2008-12-05,4.0,mixed,0.54,"[""gasp* vegan dishes"", ""french fry poboy"", ""Saturday Blue Plate"", ""BBQ Chicken legs"", ""Friday Blue Plate"", ""most tourists"", ""ultra-expensive restaurants"", ""wiggle\"" room"", ""lox omelet"", ""$5 Bloody Mary"", ""cheap food"", ""cheese sandwiches"", ""path"", ""Marigny"", ""trip"", ""place"", ""FQ"", ""imperfections"", ""Breakfast"", ""bonus"", ""vegetarian"", ""someone"", ""categories"", ""mac"", ""entree""]"
mRCzX9gvXXdQfTfldPWOKw,sWCCxY1-9B1FGlSVeQvnHg,CD Roma Restaurant,St Petersburg,FL,"{Restaurants,Wine Bars,Italian,Food,Sandwiches,Nightlife,Breweries,Bars,Pizza}",2013-01-28,5.0,positive,0.81,"[""Awesome sangria"", ""craft beers"", ""Pizza"", ""calzones""]"
vO3U8-c5_vxRQ1hIrNeeOw,k6XrnjX2TBM_nDzD_XA9NQ,Terrace Lounge,Reno,NV,"{Arts & Entertainment,Bars,Lounges,American (New),Restaurants,Nightlife,Music Venues}",2015-02-16,2.0,mixed,0.4,"[""small food menu"", ""average prices"", ""preferred place"", ""many better"", ""alcohol selection"", ""casino bar"", ""drinks"", ""insult"", ""injury"", ""reviews"", ""service"", ""exaggerations"", ""server"", ""times"", ""options"", ""Reno""]"
OsFuXoyrQwmIwj6Yz7QK8w,dLMA55z9wdDkUIO-rnhOmw,Preppy Pet Tampa West,Tampa,FL,"{Pet Groomers,Pets,Pet Sitting,Pet Boarding,Pet Services}",2015-11-18,1.0,negative,0.0,"[""Thanksgiving holiday"", ""unprofessional staff"", ""Rude"", ""availability"", ""phone"", ""business""]"
9kB_3ZwSjvz22matz8L1hw,8FALz8g6oaTca0ufiUuF6w,Tabu Lounge & Sports Bar,Philadelphia,PA,"{Nightlife,Bars,Lounges,Sports Bars,Gay Bars}",2011-10-27,4.0,positive,0.99,"[""day time bartender"", ""sports bar setting"", ""great food"", ""abundant pile"", ""decent selection"", ""other delectables"", ""friendly atmosphere"", ""decent food"", ""gc"", ""stirfry"", ""spinach"", ""gf"", ""nachos"", ""someone"", ""tvs""]"
CQ-dwNoxvYTOD5-HNJEjeA,YeMouev-sLfAxykmcANNoQ,Bellagio Pizza & Subs,Nashville,TN,"{Pizza,Restaurants,Sandwiches}",2015-04-29,1.0,negative,0.0,"[""Horrible experience"", ""pizza"", ""2 hours"", ""order"", ""communication"", ""money"", ""service""]"
cApCuVIQdSmCryjmTiSELA,D3DMIr-I0AKzlIKdErxHGg,Nathalie's,Saint Louis,MO,"{American (Traditional),Local Flavor,French,Restaurants}",2013-12-29,5.0,positive,0.98,"[""black bean ravioli"", ""friendly hostess"", ""added bonus"", ""excellent time"", ""Incredible service"", ""incredible food"", ""bone"", ""steak"", ""waiter"", ""chef"", ""everyone"", ""home"", ""ambiance"", ""Decor"", ""lighting"", ""fireplace"", ""group""]"
uzcuenhBRkoqAdQsmFV7mg,F2T2Ef5kcZuyTyUcJyh0rQ,Timeout Sports Pub & Restaurant,Boise,ID,"{Pubs,Nightlife,American (Traditional),Restaurants,Bars,Gluten-Free}",2011-06-29,2.0,mixed,0.48,"[""typical sports bar fare"", ""various team jerseys"", ""live sporting event"", ""wannabe sports bars"", ""several specialty drinks"", ""Ruby River Steakhouse"", ""Late Happy Hour"", ""Legends Sports Bar"", ""full bar"", ""several weeks"", ""indoor seating"", ""cowboy boots"", ""Pro Image"", ""Video games"", ""dart boards"", ""air hockey"", ""pool tables"", ""More TV"", ""Direct TV"", ""biggest mistakes"", ""country station"", ""Conway Twitty"", ""restaurant name"", ""designated driver"", ""Most items"", ""nearby motel"", ""extra steps"", ""location"", ""opening"", ""street"", ""place"", ""something"", ""building"", ""owners"", ""somebody"", ""mall"", ""Nothing"", ""sense"", ""authenticity"", ""kids"", ""quarters"", ""shuffleboard"", ""dine"", ""establishment"", ""ESPN"", ""clue"", ""time"", ""Dish"", ""Cable"", ""service"", ""music"", ""sound"", ""12pm"", ""12am"", ""muzak"", ""word"", ""advice"", ""people"", ""attention"", ""pub"", ""beer"", ""wine"", ""food"", ""salads"", ""burgers"", ""pasta"", ""entrees"", ""twists"", ""offerings"", ""atmosphere"", ""proximity"", ""walk"", ""6pm"", ""Monday"", ""Friday"", ""Thursday""]"
N6yfnUjRQb5T29E45Dy0AQ,oThWInL6gUCt2d98fSIAfA,Chatham Tap Fishers,Fishers,IN,"{Restaurants,Food,Beer,Wine & Spirits,Nightlife,British,American (Traditional),American (New),Chicken Wings,Bars,Pubs}",2017-01-28,4.0,positive,0.99,"[""onion rings"", ""Reuben""]"
5saZgdwtsXa9u0gBhEHgbQ,5TzAmqzksrUBB2tdHDQAUA,Hyde Perk Coffee House,Boise,ID,"{Food,Coffee & Tea}",2017-08-29,5.0,positive,0.99,"[""friendliest coffee shop"", ""Boise"", ""staff"", ""place""]"
w5cgOrokBLhgnBA8V9yFDA,NT5S6JV5wPwKOd3s3Yh1zQ,Burger Up,Nashville,TN,"{Restaurants,American (New),Sandwiches,Burgers}",2010-05-14,5.0,mixed,0.67,"[""homespun watermelon concoction"", ""musician wait staff"", ""Great community vibe"", ""Nashville community"", ""walking distance"", ""classic burger"", ""unique taste"", ""other reviews"", ""different experience"", ""high school"", ""Burger Up"", ""wrong town"", ""new hang"", ""friends"", ""conversation"", ""house"", ""everything"", ""buns"", ""ketchup"", ""bar"", ""everyone"", ""place"", ""hipster"", ""someones"", ""owner"", ""shoulder"", ""motives"", ""bunch"", ""folks""]"
gMhwE86Ef-mkYMtUxrDtlg,U30ggGzFpXvc2NZYwOW3qg,Mood Cafe,Philadelphia,PA,"{Cafes,Pakistani,Juice Bars & Smoothies,Restaurants,Ice Cream & Frozen Yogurt,Halal,Indian,Coffee & Tea,Food}",2013-05-07,5.0,neutral,0.14,"[""indian food type"", ""different options"", ""person"", ""place"", ""hype"", ""Hassan"", ""something"", ""chaat"", ""lassi""]"
Bh1cIMh_mZArniNQoCwZaA,W4ZEKkva9HpAdZG88juwyQ,Mr. B's Bistro,New Orleans,LA,"{Bars,Breakfast & Brunch,Restaurants,Barbeque,Cajun/Creole,Cafes,Cocktail Bars,Nightlife}",2009-08-03,4.0,mixed,0.6,"[""Excellent food"", ""great location"", ""bread pudding"", ""mother lode"", ""Mr. B"", ""fifth star"", ""New Orleans"", ""long sleeves"", ""good service"", ""wife"", ""shrimp"", ""grits"", ""appetizers"", ""city"", ""place"", ""July"", ""jacket""]"
mi4bOYBYSxdCi24HrAROHA,hS6KNGCQVTYUdLb2edt58g,Steamboat Natchez,New Orleans,LA,"{Boat Charters,Event Planning & Services,Hotels & Travel,Boat Tours,Restaurants,Active Life,Tours,Boating}",2017-04-07,5.0,positive,0.95,"[""informative  Steamboat Natchez trip"", ""window seat"", ""excellent service"", ""NOLA"", ""awesome"", ""March"", ""people"", ""JoJo"", ""kind""]"
2wKZZmCeM8mSbMGzdTfXrw,6xrDP4-S2mky3wOprv686A,Atrium Bar,Kenner,LA,"{Bars,Nightlife}",2017-08-28,1.0,negative,0.01,"[""perfect business model"", ""New Orleans"", ""many beers"", ""draft beers"", ""mixed drinks"", ""absolute waste"", ""sequestered"", ""clientel"", ""activity"", ""ingredients"", ""Bartenders"", ""patrons"", ""responses"", ""mules"", ""5 people"", ""30 mins"", ""4 taps"", ""opportunity""]"
Y_WqdodRGucYECLUbWBGRw,W4ZEKkva9HpAdZG88juwyQ,Mr. B's Bistro,New Orleans,LA,"{Bars,Breakfast & Brunch,Restaurants,Barbeque,Cajun/Creole,Cafes,Cocktail Bars,Nightlife}",2011-01-09,3.0,mixed,0.47,"[""Mr. B"", ""busy night"", ""BBQ shrimp"", ""best thing"", ""wood plank"", ""small piece"", ""mixed experience"", ""bar staff"", ""table wait"", ""drinks"", ""starter"", ""things"", ""hill"", ""45 minutes"", ""water"", ""waiter"", ""section"", ""order"", ""rabbit"", ""fish"", ""Hit"", ""service""]"
IfjrWZaCo2MUgzjeXdvhLQ,7EhTT4iEuA7JaaWA-eI3Qw,Seasons Cafe & Bakery,Pinellas Park,FL,"{Food,Bakeries,Asian Fusion,Vietnamese,Restaurants,Specialty Food,Delis,Sandwiches,Bubble Tea,Soup}",2012-03-30,5.0,positive,0.95,"[""free tenth drink"", ""boba milk tea"", ""boba tea"", ""drink card"", ""small booths"", ""huge plus"", ""little section"", ""baked goods"", ""other types"", ""two friends"", ""banh mi"", ""Vietnamese food"", ""place"", ""interior"", ""chairs"", ""tables"", ""food/drinks"", ""bulgogi"", ""woman"", ""bread"", ""incentive"", ""hours""]"
4NlHWuh192f4Z-6FIxgxGQ,8tnwneWHXWLUvIc5zz__5A,Walgreens,Palm Harbor,FL,"{Beauty & Spas,Food,Shopping,Drugstores,Photography Stores & Services,Cosmetics & Beauty Supply,Convenience Stores}",2015-10-08,3.0,negative,0.01,"[""new ELF Villain"", ""particular one"", ""cosmetics person"", ""other Walgreens"", ""hopes"", ""collection"", ""holidays"", ""SAD.""]"
aJYdgmaY3EwC-SpkfzgOag,NcO-pWiZmNM5zBg8H9zB6Q,La Tavola Ristorante Italiano,Smyrna,TN,"{Food,Pizza,Event Planning & Services,Italian,Caterers,Restaurants}",2015-12-20,5.0,positive,0.99,"[""best Italian food"", ""small elegant restaurant"", ""tasty cheesecake"", ""entire staff"", ""date night"", ""entrees"", ""good""]"
u4as3T1vLQSX1KFssFDiOg,0qu0fNTOsSmuREYVIMPuIQ,Cold Spring Tavern,Santa Barbara,CA,"{American (Traditional),Restaurants,Bars,Nightlife}",2014-07-28,4.0,mixed,0.76,"[""big old trees"", ""Trip Advisor"", ""one table"", ""best burgers"", ""big bread"", ""horseradish sauce"", ""unique atmosphere"", ""long drive"", ""buffalo burger"", ""great location"", ""tri-tip sandwich"", ""area"", ""Burbank"", ""shade"", ""Thursday"", ""Food"", ""reviews"", ""hubby"", ""life"", ""tastes"", ""orders"", ""meat"", ""side"", ""something"", ""town""]"
-aUWPP2tzV8li0uvYpaY1g,iDtIMWJVIGYspg5JvJKaOw,Mad Mex - Wynnewood,Wynnewood,PA,"{Food,Nightlife,Mexican,Restaurants,Tex-Mex,Bars}",2014-10-27,3.0,mixed,0.67,"[""University City location"", ""new location"", ""Mad Mex"", ""obnoxious students"", ""Happy Hour"", ""crowd management"", ""best deals"", ""great place"", ""years"", ""home"", ""dinner"", ""time"", ""staff"", ""chaos"", ""Margarita"", ""wings"", ""friends"", ""orders"", ""Burritos"", ""Gaucamole"", ""enchiladas"", ""food"", ""price"", ""drinks"", ""service""]"
TtVxGfc-KMnwWkxGCDXlsw,SYy81zP4MPF4DtOqjRq4qg,Yuengling Brewing Company of Tampa,Tampa,FL,"{Breweries,Food}",2012-05-28,5.0,mixed,0.6,"[""closed toe shoe policy"", ""main waiting/lobby area"", ""ten minute video"", ""beer sampling"", ""favorite beers"", ""First note"", ""many people"", ""flip flops"", ""next note"", ""Second note"", ""gift shop"", ""large group"", ""two smaller"", ""present day"", ""kettle room"", ""bottle line"", ""holding tanks"", ""brewing process"", ""great job"", ""tasting room"", ""drinks galore"", ""BEST PART"", ""Lord Chesterfield"", ""Premium Light"", ""tour times"", ""12p tour"", ""Premium Lager"", ""great tour"", ""boyfriend"", ""Saturday"", ""Yuengling"", ""website"", ""FAQ"", ""tours"", ""production/brewing"", ""brewery"", ""40 minutes"", ""history"", ""rise"", ""guide"", ""lab"", ""lot"", ""The"", ""Tips"", ""Black"", ""parents"", ""town""]"
xhhmoxmvIJp16ozmxBuZZg,yE1raqkLX7OZsjmX3qKIKg,Butcher & Bee,Nashville,TN,"{Middle Eastern,American (New),Restaurants,Mediterranean,Southern}",2018-04-27,2.0,negative,0.01,"[""lengthy wait"", ""slow service"", ""lunch"", ""12p"", ""Friday"", ""FOREVER"", ""beverages"", ""40 minutes"", ""beer"", ""food""]"
olE4krXhdHesUI6vBM-DNg,2er_V-oAd7IbQ5YTY56r7A,Bareburger - Midtown Village,Philadelphia,PA,"{Restaurants,Burgers,American (New),Food,American (Traditional),Nightlife,Bars,Cocktail Bars,Salad}",2016-12-04,4.0,positive,0.85,"[""Great beer"", ""many things"", ""rotating beers"", ""Nice atmosphere"", ""burger place"", ""menu"", ""specials"", ""staff"", ""Burgers"", ""order"", ""sides"", ""fries"", ""sandwiches"", ""salads""]"
Peh0HfcHatme02FWQTa8Zw,YgMZm_alGFUeQO4hz9X9VA,Earl's New American,New Hope,PA,"{Nightlife,American (New),Bars,Seafood,Restaurants,Wine Bars,Cocktail Bars}",2018-06-26,1.0,negative,0.01,"[""new American kitchen"", ""ok   service"", ""Earl"", ""food"", ""bar"", ""time""]"
EwCPJIjWnOWw09N7keBtCA,At6iwGTy6bDxc7PUEOTvQw,Jake's Wayback Burgers,Willow Grove,PA,"{Burgers,Restaurants}",2013-01-02,3.0,mixed,0.61,"[""regular size french fry"", ""regular cheeseburger"", ""first time"", ""small diner"", ""Five Guys"", ""original location"", ""McDonalds fries"", ""delicious burgers"", ""Jake"", ""Delaware"", ""kid"", ""franchise"", ""establishment"", ""ambiance"", ""restaurant"", ""menu"", ""toppings"", ""3 patties"", ""ton"", ""boyfriend"", ""bread"", ""experience""]"
VPWWK2vJefD3wrscKta-mQ,ZAPCUuZBUKbhLF5tiyxDig,Pep Boys,Philadelphia,PA,"{Auto Parts & Supplies,Automotive,Auto Repair,Oil Change Stations,Tires}",2016-09-30,1.0,mixed,0.29,"[""Typical fat guy"", ""broad street"", ""Lame service"", ""jump infront"", ""car"", ""shop"", ""store"", ""employee"", ""NO"", ""people"", ""counter"", ""web"", ""phone""]"
Cum9y9Vw0kY4YDvjmgTxBw,oQ5CPRt0R3AzFvcjNOqB1w,Edley's Bar-B-Que - 12 South,Nashville,TN,"{Barbeque,Restaurants,Dive Bars,Cocktail Bars,Southern,Nightlife,Bars}",2014-12-17,5.0,positive,1.0,"[""Pork Nachos"", ""tortilla chips"", ""potato chips"", ""Bloody Mary"", ""Beer""]"
-5k_80Y-C0TYXkkUd_tjRw,_W9lITxMHNInaS2Lv2XoUw,Casa Del Mar Inn,Santa Barbara,CA,"{Hotels & Travel,Event Planning & Services,Hotels,Bed & Breakfast}",2011-04-22,4.0,mixed,0.68,"[""great location"", ""State Street"", ""ground floor"", ""nice couch"", ""nice fireplace"", ""ample closet"", ""counter space"", ""nice bathroom"", ""nice touch"", ""helpful staff"", ""good price"", ""perfect location"", ""Santa Barbara"", ""ceiling fan"", ""beach"", ""wharf"", ""Parking"", ""courtyard"", ""people"", ""noise"", ""9pm"", ""refrigerator"", ""wine"", ""cheese"", ""lot"", ""extras"", ""friendly"", ""needs"", ""complaint"", ""stuffy"", ""windows""]"
FiBTxmPrJ1RDouZ38GDQqA,x483GUYbdSgjaX9Xi3nOUA,Mirna's,Jenkintown,PA,"{Restaurants,Mediterranean}",2012-02-29,4.0,mixed,0.68,"[""modest price tag"", ""pasta dish"", ""pasta plates"", ""Mirna"", ""years"", ""portions"", ""favor"", ""fish"", ""means"", ""specialty"", ""times"", ""hummus"", ""pita"", ""BYOB"", ""place"", ""table"", ""wait""]"
YFp9hHkElfJGvvdo5T9MuA,_RwlMTw9uFeOkfX9Ctf1HA,Dinardo's Famous Crabs,Philadelphia,PA,"{American (Traditional),Food,Restaurants,Seafood}",2015-01-04,3.0,negative,0.15,"[""overpriced center city Phila hype"", ""south Philly closets"", ""Philly standard"", ""independent restaurants"", ""chain places"", ""online menu"", ""average places"", ""bus help"", ""mother"", ""law"", ""birthday"", ""prices"", ""food"", ""portions"", ""dessert"", ""something"", ""sync"", ""waiter"", ""plates"", ""bathroom"", ""size""]"
M29Xyh1yMp4mul8m64BJdg,tFh0DrDMTom4B3pHpDpRNQ,Platoon Fitness,Philadelphia,PA,"{Boot Camps,Weight Loss Centers,Health & Medical,Gyms,Trainers,Fitness & Instruction,Active Life,Martial Arts,Massage Therapy,Nutritionists}",2015-08-30,5.0,positive,0.99,"[""different group exercise class"", ""group workout"", ""great listener"", ""realistic goals"", ""Steve C"", ""Platoon"", ""trainer"", ""week"", ""months"", ""workouts"", ""motivator"", ""staff"", ""problem"", ""billing"", ""scheduling""]"
9sLlVcXiFQJfZDJpLmBTJQ,VRGYwKE_Z77frm5NwLvJhw,Burger Republic,Nashville,TN,"{Bars,Restaurants,Sports Bars,Burgers,Pubs,Nightlife,Armenian,American (Traditional)}",2017-08-28,3.0,positive,0.66,"[""The Tater-Tots"", ""Quick stop"", ""local attractions"", ""Burger"", ""lunch"", ""Staff"", ""directions""]"
EbtqfxRiY6nUmSQA-pIPMQ,l3pO6YTjFUgVoXgm3gfUag,Ichiban Buffet,Cherry Hill,NJ,"{Restaurants,Buffets,Chinese,Japanese}",2017-05-13,1.0,mixed,0.13,"[""frequent customer"", ""recent experience"", ""three (2 adults"", ""hard time"", ""senior discount"", ""poor girl"", ""customer experience"", ""mail coupon"", ""place"", ""laws"", ""disclaimer"", ""party"", ""Cashier"", ""management"", ""logic"", ""mother"", ""father"", ""staff""]"
_qA6-L34QD8ruHD7xRI0Yg,bQKqeYwaHNal7JFAXzCMFg,Super Gyros,Belleville,IL,"{Fast Food,Greek,Italian,Restaurants}",2015-06-21,5.0,mixed,0.34,"[""neon green relish"", ""dill pickle tomatoes"", ""other menu items"", ""100% beef hot dogs"", ""The Chicago Dogs"", ""4 Chicago dogs"", ""1st visit"", ""total bill"", ""28 mile radius"", ""poppyseed bun"", ""celery salt"", ""last attempt"", ""sport peppers"", ""drive"", ""place"", ""2 things"", ""Sonic"", ""SuperGyro"", ""onions""]"
8x4WVgu2t2MD48_ftQXrLw,ppFCk9aQkM338Rgwpl2F5A,Wawa,Philadelphia,PA,"{Restaurants,Automotive,Delis,Gas Stations,Food,Coffee & Tea,Sandwiches,Convenience Stores}",2014-01-17,4.0,mixed,0.5,"[""cold, dark world"", ""Sheetz locations"", ""typical snacks/drinks"", ""convenience store"", ""particular location"", ""snacking requirements"", ""Wawa"", ""beacon"", ""sandwiches"", ""one"", ""office""]"
utPJTkDMGQ_KhtbQSbFrRQ,CasqUlQ4Dbs9sczZzuep0g,The UPS Store,Pinellas Park,FL,"{Shipping Centers,Notaries,Printing Services,Mailbox Centers,Local Services}",2017-04-19,5.0,mixed,0.79,"[""busy corner"", ""small talk"", ""shipping needs"", ""small space"", ""copying services"", ""big smile"", ""highest level"", ""second visit"", ""first visit"", ""different woman"", ""location"", ""names"", ""women"", ""question"", ""5 stars"", ""things"", ""skateboard"", ""assistance"", ""store"", ""pun"", ""lot"", ""product"", ""staff"", ""boxes"", ""materials"", ""opinion""]"
MSZuaItS46OO_47XmktjcQ,kGNzqiYKDns-IU80uHF4sw,QDOBA Mexican Eats,Fenton,MO,"{Mexican,Fast Food,Restaurants,Caterers,Event Planning & Services}",2014-09-25,3.0,positive,0.98,"[""chicken BBQ burritos"", ""Good place"", ""kinds"", ""stuff"", ""family"", ""meal"", ""kids""]"
LuMkMBAUV1B-2dm2pqSBWw,u7MJKcNdZXYyTeb67vD5jw,Starbucks,Mount Laurel,NJ,"{Food,Coffee & Tea}",2017-02-09,4.0,positive,0.96,"[""caffeine mania"", ""One thing"", ""My Chai"", ""Starbucks coffee"", ""Hubby"", ""line"", ""service"", ""lot"", ""people"", ""time"", ""house"", ""sale"", ""plenty"", ""home"", ""life""]"
pki36UXpStFmbPXNfGnW5A,n7NVodmVYXPRrHomw8tU7Q,Battle Born Tactics,Reno,NV,"{Guns & Ammo,Shopping}",2015-01-03,5.0,positive,0.86,"[""young start up company"", ""stand up guy"", ""Pretty quality work"", ""gun community"", ""gun show"", ""Las Vegas"", ""Cerakoted billet"", ""Cerakote job"", ""quick response"", ""Patience"", ""virtue"", ""Owner"", ""word"", ""dealings"", ""Jacob"", ""machining"", ""emails"", ""information""]"
qS7BFEqhbnd27HV_eDcurg,hqm2zJ1WY5UaVGZ6j07NNA,The Turning Point - Cherry Hill,Cherry Hill,NJ,"{Breakfast & Brunch,Restaurants,American (Traditional),Food,Coffee & Tea}",2016-07-03,4.0,mixed,0.44,"[""decent background music"", ""Overhead office lighting"", ""fruit bruschetta"", ""awesome idea"", ""Popeye skillet"", ""Roadhouse sw"", ""creative options"", ""Couple areas"", ""large windows"", ""Customer service"", ""holiday weekend"", ""Great food"", ""place"", ""menu"", ""amazing"", ""critique"", ""FREEZING"", ""woman"", ""sweater"", ""July"", ""lack"", ""ambiance"", ""latter"", ""drag"", ""keeper""]"
55IZAOQHh7XgmVW3-UTt4w,_v5iAERdNNh5G9NBL-EelA,Tip Top Nails,Saint Louis,MO,"{Nail Technicians,Nail Salons,Beauty & Spas}",2018-06-09,5.0,mixed,0.76,"[""Great job"", ""gel pedicure"", ""Clean environment"", ""friendly staff"", ""nail salon"", ""P.S"", ""hand massages"", ""fill"", ""time"", ""request"", ""mall"", ""foot""]"
8w2nbjeJ1cKbBBMjDmgHpA,Z5po0aTuzKKblek5y6Sp8Q,500 Degrees,Philadelphia,PA,"{Food,Burgers,Restaurants}",2014-09-25,5.0,positive,0.98,"[""mozzarella cheese tomato basil"", ""memorial resturant experience"", ""standard beef foundation"", ""delicious truffle fries"", ""truffle fires"", ""nice cashier"", ""hard decision"", ""mouth watering"", ""portobello mushroom"", ""mushroom lover"", ""Excellent quality"", ""return customer"", ""nice girl"", ""great idea"", ""Devils delight"", ""medium burger"", ""friends"", ""nickname"", ""thorough"", ""smell"", ""perfection"", ""side"", ""service"", ""penny"", ""question""]"
GWjTumbjnJfPKqgFuM0lDg,2er_V-oAd7IbQ5YTY56r7A,Bareburger - Midtown Village,Philadelphia,PA,"{Restaurants,Burgers,American (New),Food,American (Traditional),Nightlife,Bars,Cocktail Bars,Salad}",2015-11-18,5.0,mixed,0.72,"[""two mile round trip excursion"", ""health conscious self"", ""healthy places"", ""online order"", ""decent place"", ""dinner"", ""Be"", ""Bison"", ""burger"", ""cart"", ""job"", ""mind"", ""kitchen"", ""way"", ""O-M-G"", ""love"", ""task"", ""diet"", ""dream""]"
81QT9uJgY_dQuD1sLF6psA,BIW1SKq5ItkA9gP6-FhSkA,Sylvia's Queen of Soul Food,St Petersburg,FL,"{Soul Food,Restaurants}",2014-06-28,1.0,mixed,0.32,"[""great dog food"", ""local business"", ""blue tooth"", ""second try"", ""salmon cakes"", ""two pieces"", ""place"", ""mother"", ""everyone"", ""hostess"", ""bartender"", ""way"", ""mom"", ""area"", ""music"", ""waiter"", ""table"", ""favor"", ""menu"", ""bread"", ""take""]"
YwwXtjCW2r4tlodyzUfzKA,TFnGJlA5l_HDdzGDkNTdTA,Smiths Restaurant and Bar,Philadelphia,PA,"{American (New),Bars,Nightlife,Lounges,Restaurants}",2017-08-16,4.0,mixed,0.5,"[""Mesquite wings"", ""weak lemonade"", ""Service"", ""work"", ""downside""]"
d00fYGDN-RLQqGdZAgbWIw,7IdIGemGZodDAA_9mJCigA,Farmer Boy,Santa Barbara,CA,"{Breakfast & Brunch,Burgers,American (Traditional),American (New),Restaurants}",2017-08-28,5.0,mixed,0.78,"[""6 beers taps"", ""3 beers"", ""place"", ""outside"", ""food"", ""kids"", ""brunch"", ""town"", ""suggestion""]"
2DOqm6Rrc7ui41a9xPKwOw,gC8i-lxwvGhVpOXM5eYdtA,Taqueria Guerrero,New Orleans,LA,"{Mexican,Restaurants}",2013-05-28,5.0,mixed,0.5,"[""best Mexican food"", ""New Orleans"", ""mattress store"", ""3-taco plate"", ""same tacos"", ""other dishes"", ""fajita plate"", ""spicy shrimp"", ""Taqueria Guerrero"", ""burrito joint"", ""street parking"", ""neighborhood"", ""line"", ""buidling"", ""pastor"", ""beans"", ""rice"", ""side"", ""barbocoa"", ""creature"", ""habit"", ""bf"", ""camarones"", ""diablo"", ""rest"", ""history"", ""place""]"
F2RmAvlZ_y4we5mS0Jtp7w,Vnob_w_Aohf7ZDqxcJ9z2A,Mint Modern Vietnamese Bistro & Bar,New Orleans,LA,"{Bars,Restaurants,Food,Nightlife,Vietnamese,Bubble Tea}",2017-03-15,3.0,mixed,0.37,"[""pork belly tacos"", ""spicy beef pho"", ""accompanying bean sprouts"", ""Tuesday night"", ""sticky fork"", ""fair amount"", ""large party"", ""huge mix"", ""great caramelization"", ""processing payment"", ""Lyft driver"", ""good service"", ""others' food"", ""group"", ""15 people"", ""space"", ""advance"", ""cleanliness"", ""table"", ""dirty"", ""assumption"", ""Yuck"", ""time"", ""Problem"", ""server"", ""outside"", ""flavor"", ""limes"", ""wait"", ""check""]"
3B41BdxNIENFP1EsCCybnw,VUOD8yD1jwq_pqRP8EETBQ,Johnson Lock & Key,Franklin,TN,"{Shopping,Trophy Shops,Home Services,Keys & Locksmiths}",2017-03-15,3.0,mixed,0.63,"[""several odd-shaped keys"", ""big box stores"", ""Second time"", ""duplicate key"", ""Pleasant encounter"", ""charm"", ""hours"", ""convenience"", ""home"", ""gentleman"", ""polite"", ""efficient""]"
H-U9CQy1f8PTgXRIXZ8tkg,DRNbPNYCvCGAtBTzfCLTTA,Glace Nails,Plainfield,IN,"{Beauty & Spas,Nail Salons}",2014-10-11,1.0,negative,0.0,"[""shotty work"", ""bad attitudes"", ""place"", ""Mediocre"", ""toes"", ""fingers"", ""suggestions"", ""corrections"", ""language""]"
kLgcYk9TxIjLe6y6eChetg,SeAF6UA88vWbKFkZ7iQRhA,TJ Hair Nail & Spa,Saint Louis,MO,"{Massage,Beauty & Spas,Cosmetics & Beauty Supply,Hair Salons,Day Spas,Nail Salons,Shopping,Hair Stylists,Hair Removal,Waxing}",2018-02-11,1.0,mixed,0.11,"[""OWNER multiple photos"", ""FREE service"", ""previous review"", ""entire set"", ""good look"", ""TJ nail"", ""0-1 stars"", ""horrible experiences"", ""bad reviews"", ""white blonde"", ""hair cut"", ""hair blow"", ""dry hair"", ""orange color"", ""hair color"", ""orange roots"", ""salon owner"", ""clients hair"", ""2 clients"", ""message"", ""google"", ""lot"", ""medicine"", ""time"", ""discount"", ""highlights"", ""treatment"", ""coloring"", ""everyone"", ""15 applications"", ""money"", ""No.1"", ""lady"", ""receptionist"", ""perm"", ""style"", ""girl"", ""mirror"", ""spa"", ""towel"", ""head"", ""30 mins"", ""toner"", ""lighting"", ""point"", ""drain"", ""years"", ""workersowner"", ""customer"", ""people"", ""business"", ""place"", ""employees""]"
5Ord-c6rkWrbWWz39i6J5g,k3lTRgvPvYUI-cX7_TAqNA,University Club of Santa Barbara,Santa Barbara,CA,"{Restaurants,Event Planning & Services,Party & Event Planning,Food,Venues & Event Spaces,Arts & Entertainment,Social Clubs,Specialty Food}",2015-12-20,5.0,mixed,0.87,"[""cooler night air"", ""short notice visits"", ""bar/dance floor area"", ""peach moscow mule"", ""Santa Barbara area"", ""beverage director"", ""long way"", ""good time"", ""grad school"", ""two reasons"", ""other options"", ""other venues"", ""east coast"", ""cool architecture"", ""California weather"", ""cocktail hour"", ""older folks"", ""living room"", ""restaurant industry"", ""great idea"", ""fresh peaches"", ""other things"", ""attentive service"", ""Five stars"", ""Riviera mansion"", ""traditional desserts"", ""Enjoy Cupcakes"", ""signature drink"", ""venue manager"", ""destination wedding"", ""multigenerational wedding"", ""something guests"", ""pleasure"", ""Breanna"", ""Eli"", ""food"", ""family"", ""friends"", ""Everything"", ""accounts"", ""price"", ""GORGEOUS"", ""pricing"", ""caterer"", ""rent"", ""linens"", ""coordinator"", ""country"", ""amount"", ""details"", ""looks"", ""layout"", ""place"", ""people"", ""middle"", ""vibe"", ""ceremony"", ""dinner"", ""party"", ""couches"", ""everyone"", ""staff"", ""questions"", ""walkthrough"", ""days"", ""attention"", ""care"", ""dad"", ""charge"", ""risers"", ""tablecloths"", ""paragraph"", ""bartender"", ""name"", ""20 years"", ""colors"", ""drinks"", ""trays"", ""Hell"", ""couple"", ""minutes"", ""hands"", ""spectacular""]"
XDAv3vVYTwCOhGAeeNLXsg,2bl6G1zgXUHbMGwEocqMSg,Daves Dogs - Cart,Santa Barbara,CA,"{Food Stands,Food,Hot Dogs,Street Vendors,Restaurants}",2016-01-17,5.0,mixed,0.7,"[""late night food carts"", ""special, pizza dog"", ""grilled jalape\u00f1os"", ""custom creation"", ""Santa Barbara"", ""Dave"", ""menu"", ""dogs"", ""spot""]"
dhAiK5f4zNBdG7cBTXJ0gg,zwfN21b6gN2XGjNG6MYNzQ,Wolfgang Puck Express,Indianapolis,IN,"{Breakfast & Brunch,American (New),Salad,Restaurants}",2015-11-05,1.0,mixed,0.5,"[""Crowded, dirty floors"", ""excellent crisp Chardonnay"", ""First time"", ""poor service"", ""redeeming factor"", ""Wolfgang""]"
PlYifdeyiixRZkymbUNqVQ,DAcqRGI_u8yNCcUIczfNxA,Wawa,Talleyville,DE,"{Delis,Food,Automotive,Car Dealers,Restaurants,Convenience Stores,Coffee & Tea,Gas Stations,Sandwiches}",2013-12-07,5.0,mixed,0.78,"[""automatic start/stop digital air pump"", ""separate non-cigarette cashier lines"", ""exact tire pressure"", ""One Wawa store"", ""gas stations"", ""Concord Pike"", ""general pricing"", ""internal layout"", ""new style"", ""peak periods"", ""gas prices"", ""review"", ""winner"", ""business"", ""30 cents"", ""gallon"", ""area"", ""bulk"", ""profit"", ""none"", ""side"", ""wallet"", ""BJ"", ""Wholesale"", ""Sheetz"", ""snap"", ""service"", ""Newark"", ""things"", ""day""]"
jTNgPylmvp37sZ4fWDYX7A,WbA5ud4InNWkizW7HE5kRQ,Penca,Tucson,AZ,"{Mexican,Restaurants,Nightlife,Bars,Venues & Event Spaces,Event Planning & Services}",2016-12-04,1.0,negative,0.0,"[""slow service"", ""10 to 15 minutes"", ""Rude servers"", ""long time"", ""bad experience"", ""Mediocre food"", ""bills"", ""lots"", ""mistakes""]"
EyKE4PxF1DocfP2cCCD8qQ,SZU9c8V2GuREDN5KgyHFJw,Santa Barbara Shellfish Company,Santa Barbara,CA,"{Live/Raw Food,Restaurants,Seafood,Beer Bar,Beer,Wine & Spirits,Bars,Food,Nightlife}",2016-07-14,3.0,mixed,0.66,"[""crab salad sandwich"", ""crab flavor"", ""seafood restaurant"", ""different plates"", ""clam chowder"", ""sea food"", ""onion rings"", ""overall experience"", ""excellent flavor"", ""lacked flavor"", ""pear expectations"", ""edge"", ""wife"", ""menu"", ""cioppino"", ""consistency"", ""variety"", ""mayo"", ""side"", ""ocean"", ""Service"", ""bit"", ""visit"", ""hit""]"
dwgJ7B_r3iuIqX0VpCoRTA,vfBzDd-ceWnCrKqHdZwMSg,Wasting Arrows,Reno,NV,"{Sporting Goods,Archery,Active Life,Recreation Centers,Hunting & Fishing Supplies,Shopping}",2013-12-28,5.0,positive,0.91,"[""several family members"", ""good afternoon"", ""fun activity"", ""staff""]"
Dkv4YJVG3vOg12i3GJxc-g,NMtUD873aWrNjljt3VOcFA,Juniper Commons,Philadelphia,PA,"{American (Traditional),Breakfast & Brunch,Restaurants,Diners}",2015-04-28,4.0,positive,0.96,"[""red bliss potato salad"", ""lavender honey fried chicken"", ""The Fat Ham"", ""ground pink peppercorns"", ""Crunchy, crispy coating"", ""sweet honey glaze"", ""chili pepper aioli"", ""king crab surf"", ""ice cream sundae"", ""delicious fried smelts"", ""Chef Kevin Sbraga"", ""Chef Sbraga"", ""first exposure"", ""succulent birds"", ""hot chicken"", ""spicy cousin"", ""ten minutes"", ""second round"", ""long time"", ""Chris W"", ""filet mignon"", ""pecan pie"", ""Juniper Commons"", ""seasoned flour"", ""honey-thyme butter"", ""buttermilk biscuit"", ""fryer"", ""breast"", ""wing"", ""thigh"", ""drumstick"", ""salt"", ""outside"", ""juicy"", ""dish"", ""appetizer"", ""friend"", ""turf"", ""dessert"", ""slice""]"
hhNzXq6QnYQUYaBvFL8ggQ,CinrOH8rMB2hEvPY_iFOHA,Casselli's Ristorante,Philadelphia,PA,"{Restaurants,Italian}",2009-03-02,1.0,mixed,0.12,"[""many good Italian restaurants"", ""opera singer guy"", ""Opera Guy"", ""bad night"", ""bad day"", ""hockey team"", ""bad reviews"", ""opportunity cost"", ""convenient parking"", ""Shawmont School"", ""worst part"", ""other part"", ""Casselli"", ""cards"", ""visit"", ""waiter"", ""plates"", ""glasses"", ""table"", ""experiences"", ""food"", ""Mine"", ""friends"", ""wife"", ""ravioli"", ""use"", ""pucks"", ""conversation"", ""attempts"", ""chance"", ""attitude"", ""upside"", ""lot"", ""Note""]"
c_9bgCWqAfHXLBJNtUVKhA,5bCsL-Z3QnuBmJQtIt8qyw,Pacifico Hyundai,Philadelphia,PA,"{Car Dealers,Auto Parts & Supplies,Auto Repair,Hotels & Travel,Automotive,Car Rental}",2012-11-06,2.0,mixed,0.24,"[""informed shoppers"", ""other dealers"", ""different dealer"", ""wife"", ""car"", ""negotiations"", ""salesman"", ""picture"", ""manager"", ""experience"", ""research"", ""number"", ""fronts"", ""color"", ""dealership"", ""advice"", ""knowledge"", ""pricing"", ""general""]"
alP0N_bFRdeV1oVeKzvlZQ,SwBhaxfQPbyhsi0QHUAN0A,Seminole Hard Rock Hotel & Casino Tampa,Tampa,FL,"{Food,Hotels,Coffee & Tea,Hotels & Travel,Restaurants,Casinos,Burgers,Bars,Nightlife,Arts & Entertainment,Event Planning & Services}",2012-10-08,4.0,positive,0.94,"[""Hard Rock Cafe"", ""most casinos"", ""slot machine"", ""fun one"", ""Orlando"", ""atmosphere"", ""exception"", ""burgers"", ""fries"", ""luck"", ""Breakfast"", ""Tiffany"", ""lover"", ""movie""]"
AKqi6mgoYb2Enn7yqjAyCA,vSZRxp9u-zR5hEvOj4J5zA,Merrigans Arizona Road-Runner,Tucson,AZ,"{Flooring,Home Services,Automotive,Local Services,Appliances & Repair,RV Dealers,RV Repair}",2017-08-08,5.0,positive,0.88,"[""FREE 24 hr. dump station"", ""vintage 1984 Dolphin"", ""fair price"", ""quality repair"", ""honest mom"", ""pop shop"", ""eclectic collection"", ""travel fund"", ""older RV"", ""2012 RV"", ""RV."", ""Merrigans"", ""work"", ""phones"", ""patience"", ""parts"", ""know-how"", ""experience"", ""place"", ""Tucson"", ""money"", ""water""]"
7P2APt0QnU-nnn-JC4Httg,8yDgFRYjTYdtBH9PVk9E_w,Amador Matchmaking,Santa Barbara,CA,"{Matchmakers,Professional Services,Local Flavor,Nightlife,Life Coach}",2014-10-11,5.0,positive,0.94,"[""Lisa"", ""TV""]"
6PN2cvx6cCrEXGibVmdhnw,p7C2l6MyJLq9lKMmUhjqMg,Papa John's Pizza,Palm Harbor,FL,"{Pizza,Restaurants}",2018-05-28,1.0,negative,0.0,"[""online inquiry"", ""location"", ""manager"", ""regards"", ""pizza"", ""care"", ""things"", ""photo"", ""appearance""]"
MCsvM0AX9l-UG641iQKacA,j8JOZvfeHEfUWq3gEz6ABQ,Bacchanal Fine Wine & Spirits,New Orleans,LA,"{Jazz & Blues,Bars,Arts & Entertainment,Beer,Wine & Spirits,Wine Bars,Food,Nightlife}",2015-03-18,5.0,mixed,0.89,"[""bacon wrapped dates"", ""yummy stinky cheese"", ""cheese platter"", ""outdoor seating"", ""live band"", ""Definite things"", ""goat cheese"", ""mushroom dish"", ""Amazing food"", ""two people"", ""large group"", ""6 people"", ""experience"", ""bank"", ""money"", ""fun"", ""wine"", ""staff"", ""stock"", ""reason"", ""end"", ""bottle"", ""Lots"", ""prosciutto"", ""meats"", ""care"", ""part"", ""time"", ""window"", ""order"", ""chorizo"", ""everything""]"
5TN1g0CQ2WQi-Yg1BSFImQ,PYUI1OJVksGUbCrteU68bw,Bourbon & Branch,Philadelphia,PA,"{Bars,American (Traditional),Breakfast & Brunch,Music Venues,Arts & Entertainment,Nightlife,Restaurants}",2016-02-12,4.0,positive,0.89,"[""Great sound system"", ""Great selection"", ""Last Frontier"", ""top notch"", ""fish nachos"", ""son"", ""band"", ""staff"", ""food"", ""porkbelly"", ""whisky""]"
4zpACJ-dd3A_rxv-qo62LA,6dDC5PSmPEoJYuM8r8dN_A,Whole Foods Market,Reno,NV,"{Food,Grocery,Organic Stores,Specialty Food,Health Markets}",2008-08-18,3.0,mixed,0.81,"[""lovely store displays"", ""stocked yuppie market"", ""top outdoors place"", ""regular shopping needs"", ""value' food store"", ""pretty food"", ""Trader Joe"", ""Whole Foods"", ""enormous, clean"", ""National Geographic"", ""odd stopover"", ""Beautiful produce"", ""cheese selections"", ""ideal stop"", ""WF"", ""others"", ""street"", ""years"", ""feeling"", ""smugness"", ""snark"", ""Reno"", ""town"", ""retail"", ""REI"", ""lunch"", ""drool"", ""bakery"", ""budget"", ""everything"", ""fancy"", ""proximity"", ""freeway"", ""distance"", ""airport""]"
ZBx_hZHW_eLHdDJHX_GBIg,35GCFtezJ3upyqGf-zJ8MA,Gateway To India,St. Petersburg,FL,"{Food,Imported Food,Specialty Food,Indian,Restaurants,Ethnic Food,Buffets}",2017-01-27,5.0,positive,0.95,"[""Great service"", ""awesome food""]"
mx_r8EYx8JooAHa63maSBg,gwNlSSV0hGgNgTqPprj4FQ,Fresh Cafe and Catering,Tucson,AZ,"{Coffee & Tea,Cafes,Food,Bakeries,Juice Bars & Smoothies,Restaurants,American (Traditional)}",2013-07-12,3.0,mixed,0.32,"[""fellow colleagues"", ""mixed greens"", ""garbanzo beans"", ""parmesan cheese"", ""house vinaigrette"", ""Italian-esque ingredients"", ""artichoke hearts"", ""many reviews"", ""summer lunches"", ""Monthly lunch"", ""Italian salad"", ""inventive salad"", ""person"", ""Fresh"", ""selection"", ""salami"", ""turkey"", ""tomato"", ""anitpasto"", ""antipasto"", ""Throw"", ""couple"", ""olives"", ""pepperoncinis"", ""tastebuds"", ""off"", ""day"", ""chance"", ""panini"", ""something"", ""salads""]"
OLZynK9C-Er-Oc-zsptu8A,H_myjugKRTnMs3agPOet5w,Custom Classics,Brandon,FL,"{Body Shops,Automotive}",2016-06-22,5.0,positive,0.94,"[""ford front end"", ""business owner"", ""great service"", ""RV bumper"", ""Tyson"", ""point"", ""word"", ""time"", ""Parts"", ""shop"", ""guys"", ""3 days"", ""road"", ""place"", ""vehicles"", ""Manny""]"
gftnbgFGjd2hPAdpZTQ09A,ySSOZ_fz7wMhfjhWKzdR-w,Johnny Rockets,Reno,NV,"{Burgers,Restaurants,Fast Food,American (Traditional),Sandwiches,Diners}",2017-01-14,5.0,mixed,0.79,"[""hectic lunch"", ""Johnny rockets"", ""needy request"", ""casino"", ""server"", ""Lyndel""]"
hdasy3L9uoUCydCiJMbahQ,9_m_iA3VAqGBJEW5XLc-5w,The Cuban Sandwich Shop,Indianapolis,IN,"{Food,Restaurants,Cuban,Coffee & Tea,Cafes,Sandwiches}",2018-04-15,5.0,positive,0.99,"[""generous people"", ""cool atmosphere"", ""Cuban espresso"", ""place"", ""food"", ""service"", ""nice""]"
wNeJFtvJRAOTLNePJVTmKg,DTuAFwqf2lknagHDT4pUMA,Romano's Pizza,Hatboro,PA,"{Cheesesteaks,Chicken Wings,Pizza,Restaurants,Italian}",2012-10-08,5.0,mixed,0.66,"[""next door laundry mat"", ""breaded chicken cutlet"", ""self serve soda"", ""Best local pizza"", ""Great pizza"", ""great guy"", ""fantastic pizzas"", ""white pizza"", ""ranch dressing"", ""red sauce"", ""Veggie pizza"", ""green peppers"", ""sweet peppers"", ""lunch special"", ""Hatboro area"", ""owner"", ""Pete"", ""lots"", ""favorites"", ""California"", ""pieces"", ""bacon"", ""tomatos"", ""Meatlovers"", ""meats"", ""sausage"", ""kind"", ""fennel"", ""points"", ""veggies"", ""shop"", ""fire"", ""weeks"", ""doors"", ""2 slices""]"
QHNTGvt6_JBe3RBQ3YLwSQ,bj-_vwEXLa7ECiHZhoOmFg,Dooney's Pub Delran,Delran,NJ,"{Nightlife,Sports Bars,American (Traditional),Irish Pub,Bars,Arts & Entertainment,Irish,Music Venues,Restaurants,Pubs}",2011-09-26,4.0,positive,1.0,"[""Buffalo chicken cheese dip"", ""Friendly wait staff"", ""prices""]"
7yZn4_F0oZG0oJLgGI1C0g,ZWRgvtyHRobwpi4G-Z4STQ,Castrillo's Pizza of Inglewood,Nashville,TN,"{Food,Salad,Food Delivery Services,Sandwiches,Pizza,Restaurants,Italian,Chicken Wings}",2017-11-18,5.0,mixed,0.56,"[""Fresh, hot pizza"", ""little mess"", ""Customer service"", ""new go"", ""delivery joint"", ""First time"", ""system"", ""order"", ""guy"", ""rush"", ""door"", ""2 brownies"", ""food""]"
7ym4hsISxBUwa3ugL7cL9Q,IwqFmo-RJs15WvA8PVHFnA,Madre - Boutique Taqueria,Boise,ID,"{Mexican,Food,Event Planning & Services,Breakfast & Brunch,Beer,Wine & Spirits,Personal Chefs,Restaurants,Tacos}",2018-05-19,5.0,positive,0.87,"[""rivers edge apartments"", ""boutique style taqueria"", ""James Beard Award"", ""fresh local ingredients"", ""short rib taco"", ""diverse menu choices"", ""head chef"", ""indoor setting"", ""double doors"", ""meat eaters"", ""two favorites"", ""fantastic flavors"", ""mushroom taco"", ""great place"", ""flavorful"", ""restaurant"", ""outdoor"", ""access"", ""bar"", ""corner"", ""appetizers"", ""option"", ""vegetarians"", ""unique"", ""lunch"", ""dinner""]"
QsD2ddaJ1c7JPcMPI0QTpA,rVfe1LHo55A2fworkm_jVw,Capofitto,Philadelphia,PA,"{Bars,Gelato,Breakfast & Brunch,Italian,Food,Nightlife,Restaurants,Pizza}",2017-04-30,5.0,positive,0.94,"[""cheaper/better dessert treat"", ""little group"", ""Franklin Fountain"", ""chocolat scurio"", ""capogiro gelato"", ""line"", ""block"", ""Capofitto"", ""bonus"", ""pizza"", ""pera"", ""combo""]"
7rNRbcMhxSnfOOaYiDgNBw,InbkcStjSbpQEK5JGsy8ZA,"Nemours Children's Hospital, Delaware",Wilmington,DE,"{Hospitals,Health & Medical}",2017-10-25,5.0,positive,0.95,"[""A.I. DuPont"", ""East Coast"", ""multiple MDs"", ""same day"", ""renovated wing"", ""good accommodations"", ""attentive staff"", ""hospital"", ""families"", ""quality"", ""care"", ""friendly"", ""NY"", ""child""]"
Eb1OSTtYfY-Et9Sa42g8QA,wUnLSg_GKfEIQ5CQQ770_g,Vetri Cucina,Philadelphia,PA,"{Italian,Cuban,Restaurants}",2017-02-20,5.0,positive,0.96,"[""first \""Chef Tasting"", ""place"", ""9 courses"", ""Wine"", ""Philly"", ""Vetri""]"
YdpWZq5fu85qyrrIyiL-_Q,KZe5kpIHWVuJl6WgNYzceg,Please-U-Restaurant,New Orleans,LA,"{Cajun/Creole,Breakfast & Brunch,Diners,Restaurants}",2015-10-17,4.0,mixed,0.75,"[""absolute classic"", ""attentive waitresses"", ""fried chicken"", ""Bottomless coffee"", ""place"", ""surprise"", ""polite"", ""food"", ""scratch""]"
Dr2fI8BfdVyasSDG_pnBYA,YFMYMfz9L3Wraqb9I9TnfA,Midas,Tucson,AZ,"{Tires,Automotive,Oil Change Stations,Auto Repair}",2017-11-07,1.0,negative,0.01,"[""Crappy customer service"", ""oil filter"", ""old filter"", ""rude attitude"", ""grief"", ""groupon"", ""5k""]"
9IwAYLrVTzcRnLmmAGvDVQ,Uc6PdjT_MO5bRPQsUUEy5Q,Anthony's Coal Fired Pizza,Tampa,FL,"{Restaurants,Italian,Pizza}",2012-06-26,4.0,mixed,0.91,"[""The Philly Cheesesteak Pizza"", ""Coal Fired Pizza"", ""many menu items"", ""Cauliflower pizza"", ""half pizza"", ""great time"", ""customer service"", ""onion-smothered wings"", ""five stars"", ""wine person"", ""great evening"", ""Anthony"", ""folks"", ""vegetarian"", ""world"", ""meatballs"", ""ribs"", ""salad"", ""pepperoni"", ""sausage"", ""mushrooms"", ""liquor"", ""beer""]"
NCz3xcKkrU6-da8YJXGq9g,kqAa2CtPGA-QsZhhbzpzUQ,Blu Fig,Nashville,TN,"{Mediterranean,Food,Restaurants,Juice Bars & Smoothies,Middle Eastern}",2016-03-17,1.0,mixed,0.34,"[""next road trip"", ""worst Mediterranean food"", ""good texture"", ""little bit"", ""pita bread"", ""huge favor"", ""good job"", ""open mindedness"", ""cleanest bathroom"", ""olive oil"", ""hummus"", ""ocean"", ""majority"", ""wedges"", ""rest"", ""evening"", ""amount"", ""manager"", ""experience"", ""gf"", ""charge"", ""table"", ""conversation"", ""way"", ""customers"", ""vibe"", ""gratitude"", ""plate"", ""sign"", ""town""]"
RyVVYd322gIrHk2EGZM5-g,G6kRQylkjNNE-yUXM2muBg,Brandon Bagels,Brandon,FL,"{Bagels,Restaurants,Food}",2013-10-03,4.0,positive,0.75,"[""Great bagels"", ""day"", ""Staff""]"
N12MI3XtvvBm9t0znHLw2A,ugNplY4SZqIfP417oUxahQ,Chick-fil-A,Reno,NV,"{Breakfast & Brunch,Sandwiches,Restaurants,Event Planning & Services,Caterers,Chicken Shop,Fast Food}",2017-05-26,5.0,positive,0.96,"[""grand opening"", ""new go"", ""Everything"", ""place"", ""Wil"", ""inside""]"
RzBZe8mtJacwtKkFvuo2mA,2rQFgavS-942RapZTBSBTw,Gullifty's Restaurant,Bryn Mawr,PA,"{Italian,Pizza,Restaurants,American (Traditional),Bars,Nightlife,American (New)}",2016-07-03,2.0,mixed,0.46,"[""Sunday brunch"", ""strange color"", ""regular diners"", ""nice service"", ""waitress"", ""Wine"", ""food"", ""Something"", ""omelet"", ""Potatoes""]"
gF2MHTRq7XqH_t3XNk9HpA,_d5OAxaxRPsivgYbBq7U1A,Hyatt Place Philadelphia/King of Prussia,King of Prussia,PA,"{Hotels,Event Planning & Services,Hotels & Travel}",2015-07-03,5.0,mixed,0.76,"[""full size fridge"", ""king size bed"", ""decent drink selection"", ""drink menu"", ""PA office"", ""Great location"", ""small dishwasher"", ""great- lots"", ""natural light"", ""hot tub"", ""Omelet station"", ""nice touch"", ""breakfast spread"", ""Hotel staff"", ""one person"", ""coffee grounds"", ""town"", ""week"", ""company"", ""Wayne"", ""Room"", ""Kitchenette"", ""dishes"", ""silverware"", ""utensils"", ""Windows"", ""housekeeping"", ""$5 credit"", ""restaurant"", ""pool"", ""bar"", ""mint"", ""mojito"", ""Burger"", ""Dessert"", ""AM""]"
FbHTJfPbg5I_YPBQYooACQ,gCcJTKC40CL0XtYYGfcXDw,Smiley's Cafe,Philadelphia,PA,"{Juice Bars & Smoothies,Food,Mediterranean,Greek,Restaurants,Sandwiches}",2014-03-14,3.0,mixed,0.33,"[""Decent falafel wrap"", ""sitting area"", ""cave"", ""choices"", ""Manayunk""]"
bgwswvl0rI72YMB7a2rTkA,ompDR5sUDpoI6gnTldmneQ,The Praline Connection,New Orleans,LA,"{Seafood,Cajun/Creole,Candy Stores,Coffee & Tea,Food,Restaurants,Soul Food,Specialty Food}",2016-07-25,3.0,mixed,0.5,"[""shrimp po boy"", ""great location"", ""file gumbo"", ""red beans/rice"", ""chicken wings"", ""other dishes"", ""8 dishes"", ""eatery"", ""Quarter"", ""party"", ""8 people"", ""jambalaya"", ""meatloaf"", ""Mac"", ""cheese"", ""waste"", ""money"", ""staff"", ""food""]"
GSyttRJvd5VqKK6O0WV1Eg,SZU9c8V2GuREDN5KgyHFJw,Santa Barbara Shellfish Company,Santa Barbara,CA,"{Live/Raw Food,Restaurants,Seafood,Beer Bar,Beer,Wine & Spirits,Bars,Food,Nightlife}",2017-12-29,5.0,mixed,0.41,"[""nice ocean/harbor view"", ""nice ambiance"", ""one place"", ""fish market"", ""Santa Barbara"", ""fish tank"", ""cooking pot"", ""fancy restaurant"", ""outside seating"", ""fresh shellfish"", ""taste buds"", ""peak hours"", ""extra room"", ""experience"", ""Tokyo"", ""seafood"", ""fresher"", ""plate"", ""reason"", ""variety"", ""appetite"", ""wait"", ""name"", ""walk"", ""peer"", ""stomach""]"
yCNf7tWAahLZVULW9dEhMw,6N9T23_iXkcOCh6boAXpIg,Nox Kitchen + Cocktails,Tucson,AZ,"{Restaurants,American (New)}",2015-08-30,4.0,positive,0.82,"[""super busy time"", ""good experiences"", ""house wines"", ""great spot"", ""food"", ""cocktails"", ""problem"", ""service"", ""patio"", ""friends""]"
rnyCUpFeNzS7J0ojgbDKdA,VCjvaX_78oEKG3I9oTJEag,Fair Grinds Coffee House,New Orleans,LA,"{Coffee & Tea,Restaurants,Food}",2017-03-03,4.0,mixed,0.88,"[""gluten free zucchini bread"", ""outdoor seating area"", ""small cold brew"", ""fancy touchscreen register"", ""bread butt"", ""first day"", ""New Orleans"", ""Fair Grinds"", ""caffeine boost"", ""beautiful afternoon"", ""best part"", ""credit card"", ""card purchase"", ""real treat"", ""mixing station"", ""GF offering"", ""young man"", ""real bummer"", ""one option"", ""perfect flavor"", ""hipstery feeling"", ""handful"", ""people"", ""shop"", ""laptops"", ""friends"", ""vanilla"", ""ice"", ""hunk"", ""order"", ""tip"", ""drink"", ""milk"", ""way"", ""counter"", ""neighborhood"", ""place"", ""everything""]"
H9qRr0lRUG-Bmol-Lw2Iiw,qEBL7U0kW4lkptcd_4wWbg,New Day Gluten Free,Clayton,MO,"{Food,Bakeries,Restaurants,Gluten-Free,Custom Cakes,Cafes}",2017-07-08,5.0,positive,1.0,"[""gooey butter cookies"", ""German chocolate cupcake"", ""place"", ""sweet"", ""variety""]"
Wx2ORaa8QFmCQd6IxtSeDA,5S3Cc7EsEo66BSL7s6iF-w,Whirled Peace Frozen Yogurt & Smoothies,Philadelphia,PA,"{Bubble Tea,Ice Cream & Frozen Yogurt,Food,Juice Bars & Smoothies}",2016-06-22,3.0,mixed,0.24,"[""Decent frozen yogurt"", ""8 different froyo flavors"", ""possible combinations"", ""bubble tea"", ""lot"", ""options"", ""toppings"", ""cup"", ""seating"", ""Staff""]"
hVMnaP76DTPsqg9ujXHoog,mcr1lAEdvGLMJhuPwI3I2A,101 Taiwanese Cuisine,Reno,NV,"{Food,Restaurants,Chinese,Bubble Tea,Taiwanese}",2014-01-17,4.0,mixed,0.79,"[""90 miles round trip"", ""The Chicken Basil"", ""good Boba Tea"", ""authentic Taiwanese"", ""place"", ""Tahoe"", ""food"", ""nay-sayer""]"
e5XuWX5BLukyHHJHxKr5Kg,boLOUdV5T1O5a1cWaClfDA,Mary Brown's Famous Chicken & Taters,Edmonton,AB,"{Fast Food,Restaurants,American (New),Canadian (New)}",2010-03-12,2.0,mixed,0.25,"[""Mary Brown"", ""sub par"", ""chicken place"", ""KFC"", ""greatness"", ""gravy"", ""fries"", ""burgers"", ""honesty"", ""chance"", ""moment"", ""aspect"", ""things"", ""everything""]"
eRXzo60T5R78IzCfA0ZTMw,YIdYc6tQIFRJPNIaPBupYQ,Zio Pizza Palace & Grill,Philadelphia,PA,"{Fast Food,Italian,Vegetarian,Burgers,Vegan,Restaurants,Pizza,Chicken Wings}",2017-04-07,5.0,positive,1.0,"[""favorite pizza places"", ""classic pies"", ""Zio"", ""Philadelphia"", ""NY/NJ"", ""bridge"", ""Sandwiches"", ""pastas"", ""salads"", ""appetizers"", ""Staff""]"
nH-TalVeXXW2GgFc71fWrQ,qppGA9vCUPfw9ngOy_R90w,Cru Cellars - Palma Ceia,Tampa,FL,"{Restaurants,Bars,Tapas/Small Plates,Nightlife,American (New),Venues & Event Spaces,Event Planning & Services,Wine Bars}",2014-01-17,4.0,positive,0.94,"[""Vina Vino wine flight"", ""cute quaint wine bar"", ""Il Fauno di"", ""wine bar area"", ""cute wood/chalkboard board"", ""The Farmers plate"", ""wine store"", ""Farmers Platter"", ""modern atmosphere"", ""Vespucci  Primitivo"", ""arugula flatbread"", ""1-7 items"", ""Cypress Grove"", ""Purple Haze"", ""Blue Brie"", ""Italian Speck"", ""caramelized nuts"", ""bleu cheese"", ""blue cheese"", ""fig jam"", ""Cru"", ""front"", ""back"", ""friends"", ""Bold"", ""wines"", ""Arcanum"", ""prosciutto"", ""liking"", ""variety"", ""meats"", ""Brillat-Savarin"", ""Spressata"", ""mustard"", ""crostini""]"
PAA9HCjWlYRgG-A7hl5EMA,kkcQYuF3w5iHnHMf0EnRhQ,Joe's Steaks + Soda Shop,Philadelphia,PA,"{Sandwiches,Restaurants,Cheesesteaks}",2017-09-20,5.0,mixed,0.64,"[""Great spot"", ""Top 3 steaks"", ""chicken cheesesteak"", ""years"", ""city"", ""Nothing"", ""name"", ""something""]"
KwgjCrWHjSN_UpFApvgwdg,qot32tHVWZpiJibLTwQGyw,Pina's Pizza,Philadelphia,PA,"{Restaurants,Italian,Pizza,Seafood}",2011-03-20,4.0,mixed,0.65,"[""mroe underated places"", ""thier sicilian pie"", ""great stromboli"", ""two occassions"", ""chicken park"", ""huge chickem"", ""Pina"", ""Roxborough"", ""Sandwiches"", ""pizza"", ""dinner"", ""cheese"", ""sauce""]"
fQfAfRvLDSUrnDoh0ByBKA,zVoxVPHEt11_0GzqNuT2ZQ,Home Wine Kitchen,Saint Louis,MO,"{Restaurants,American (New)}",2011-08-25,4.0,mixed,0.61,"[""St. Louis fine dining scene"", ""fluffy homemade whipped cream"", ""three half-glass wine pairings"", ""goat cheese-stuffed poblano peppers"", ""Home Wine Kitchen"", ""white wine"", ""talented kitchen"", ""First impression"", ""good food"", ""elbow room"", ""friendly server"", ""food allergies"", ""particular preferences"", ""lamb meatballs"", ""good bit"", ""excellent pairing"", ""wax paper"", ""swordfish steak"", ""homegrown tomatoes"", ""love sauce"", ""rarer side"", ""hearty swordfish"", ""best seafood"", ""champagne gelatin"", ""chocolate tart"", ""industry types"", ""other diners"", ""same courses"", ""different configurations"", ""one conversation"", ""No Menu"", ""delicious meal"", ""customized meal"", ""three-course meal"", ""return visit"", ""restaurant patrons"", ""corvina fish"", ""reservations"", ""tables"", ""photographs"", ""name"", ""evening"", ""play"", ""starters"", ""night"", ""spice"", ""chalkiness"", ""Soave"", ""mains"", ""asparagus"", ""Midwesterner"", ""palate"", ""Missouri"", ""Dessert"", ""staff"", ""cuisine"", ""trifle"", ""Yelper"", ""saint"", ""assumption"", ""little"", ""variation"", ""challenge"", ""endeavor"", ""interior"", ""lighting"", ""volume"", ""hands"", ""chef"", ""faint"", ""beautiful""]"
XiAI47_GWuqV0cxwuYB3Bw,DsKzHnkLKnxZTVsFpts4oA,Red Owl Tavern,Philadelphia,PA,"{Breakfast & Brunch,American (New),Restaurants}",2018-05-28,4.0,mixed,0.64,"[""Neopolitan Old Fashion"", ""old fashions"", ""reunion dinner"", ""elementary school"", ""special dinner"", ""lobster bake"", ""crab cake"", ""service 3 stars"", ""5 stars"", ""4 stars"", ""2 stars"", ""friends"", ""place"", ""Facebook"", ""restaurant"", ""prices"", ""food"", ""party"", ""fritters"", ""carpaccio"", ""fries"", ""2 shots"", ""tequila"", ""lemonade"", ""Bill"", ""something"", ""waiter"", ""name"", ""dessert"", ""bday"", ""ambience""]"
Ly4PZdIlbIhLZO6WdDAaPg,aZNiVR6oAMQX5__yGPvYsg,Susanna Foo Chinese Cuisine,Philadelphia,PA,"{Chinese,Restaurants}",2008-12-03,3.0,mixed,0.75,"[""wall takeout joint"", ""many fond memories"", ""first trip"", ""linen napkins"", ""Cashew Nuts"", ""overall decor"", ""traditional recipes"", ""new flavors"", ""Chinese roots"", ""ethnic menu"", ""Susanna Foo"", ""restaurant"", ""hole"", ""parents"", ""brother"", ""dolls"", ""Chicken"", ""food"", ""adult"", ""excitement"", ""service"", ""ambience"", ""revitalization"", ""child""]"
j1eC52fAQFNqk0ZzSxyq6g,LT4A5jVMURvH_DKdr7A91w,Big Q BBQ,Levittown,PA,"{Sandwiches,Barbeque,Restaurants,Food}",2015-09-23,1.0,mixed,0.22,"[""fatty pot roast"", ""long braised  meat"", ""Big meatless chunks"", ""earlier reviewer"", ""Mushy texture"", ""Barbecue judge"", ""75 percent fat"", ""Texas"", ""southeast"", ""KC."", ""brisket"", ""evidence"", ""smoke"", ""sandwich"", ""owner"", ""place"", ""hands"", ""employees""]"
9qCZxJnJTSm1rvrAj2O6Og,gKPWC7F219oEbu5NXPzH4g,Sam's Beach Bar,Hudson,FL,"{Seafood,American (Traditional),Music Venues,Caribbean,Arts & Entertainment,Nightlife,Restaurants}",2015-07-03,4.0,positive,0.95,"[""second favorite place"", ""wonderful way"", ""rocky beach"", ""sunset"", ""Tampa"", ""bit"", ""drive"", ""everyone"", ""day"", ""music"", ""patrons"", ""water"", ""sand"", ""boys"", ""babies"", ""food"", ""drinks"", ""impression"", ""view"", ""atmosphere""]"
NgMX1BwJd5meAWEqXVC_OQ,_KSRzh-ZxwKB3YcRlZQsGA,Dairy Joy,Tampa,FL,"{Food,Ice Cream & Frozen Yogurt}",2018-07-07,5.0,positive,0.92,"[""Great soft serve"", ""ice cream cones"", ""something"", ""boats"", ""floats"", ""sundaes"", ""Prices""]"
BCkqNC7oxUdF6Ir6iU1veQ,u-8sFq05DQ6PYCR5HiKZ2w,Axis Pizza,Philadelphia,PA,"{Pizza,Food,Restaurants,Sandwiches,Burgers,Coffee & Tea,Italian}",2014-11-12,4.0,positive,0.79,"[""late night meals"", ""Axis Pizza"", ""walking distance"", ""two universities"", ""fresh ingredients"", ""first bite"", ""24 hrs"", ""quality"", ""place"", ""food"", ""go""]"
XM01lQSsLHQhtrCg1bbkDw,2FnoLyEO0nq7g2Wz8x7Z5A,honeygrow,Bala Cynwyd,PA,"{Juice Bars & Smoothies,Noodles,Restaurants,Asian Fusion,Food,Salad,Vegetarian,Vegan}",2016-08-25,4.0,mixed,0.85,"[""Sour Cherry BBQ stir"", ""same complex"", ""new spot"", ""healthy meal"", ""Low calorie"", ""Yayyy"", ""honeygrow"", ""place"", ""gym"", ""shot"", ""chicken"", ""pork"", ""parsley"", ""shallots"", ""OO"", ""line"", ""kiosk"", ""employees""]"
iMVBioN1wwtXH7E43PQB_Q,0JPi9cyV9i3_kDPj049_qQ,Taco Suave,Warminster,PA,"{Mexican,Caterers,Event Planning & Services,Restaurants}",2013-10-15,4.0,mixed,0.87,"[""authentic Mexican cuisine"", ""taco lunch special"", ""good food cause"", ""late lunchtime"", ""small container"", ""biggest fan"", ""hot sauce"", ""amazing service"", ""sweet lady"", ""pineapple water"", ""u guys"", ""Costco shopping"", ""pork tacos"", ""Great reviews"", ""area"", ""tues"", ""pazole"", ""first"", ""hominy"", ""lettuce"", ""radishes"", ""onions"", ""oregano"", ""meal"", ""rice"", ""salsa"", ""everything"", ""must"", ""pineapples"", ""burritos"", ""cravings"", ""gem""]"
4PRGgyiaeTuiNeG8fSTPhg,7lwe7n-Yc-V9E_HfLAeylg,Pub & Kitchen,Philadelphia,PA,"{Restaurants,Pubs,Food,Bars,American (New),Nightlife}",2010-05-14,3.0,mixed,0.45,"[""3.5-  white brick walls"", ""cool rustic furniture"", ""two onion rings"", ""attractive employees"", ""blind date"", ""super modification"", ""one bun"", ""half piece"", ""first time"", ""3 stars"", ""seasoned"", ""lighting"", ""PERFECT"", ""service"", ""kitchen"", ""ravioli"", ""5 pieces"", ""salad"", ""fries"", ""burger"", ""server"", ""tomato"", ""lettuce"", ""love"", ""lobster"", ""head""]"
5QXoOzlXejer6vBhLWkrbw,NT5S6JV5wPwKOd3s3Yh1zQ,Burger Up,Nashville,TN,"{Restaurants,American (New),Sandwiches,Burgers}",2014-10-11,3.0,mixed,0.21,"[""interesting destination"", ""bad restaurants"", ""Great decor"", ""noisy atmosphere"", ""funky vibe"", ""inattentive service"", ""Free folks"", ""house catsup"", ""GF buns"", ""GF."", ""town"", ""lot"", ""Servers"", ""dinners"", ""check"", ""waiter"", ""Note"", ""place"", ""thing"", ""car"", ""parking""]"
IZtEteas_Oruk0skO4BaSA,OHzX-ZD9qyoeoxR8Z0dlIA,Khyber Pass Pub,Philadelphia,PA,"{Restaurants,American (Traditional),Bars,Pubs,Nightlife,Gastropubs}",2015-06-21,5.0,positive,1.0,"[""fried chicken po boy"", ""Great draft list"", ""Good drinks"", ""food"", ""pork"", ""Mac"", ""cheese"", ""price""]"
b7-Wi55KPnDFiDbQ3nUgFQ,3SHw4aZW_muE1kRSLQQjjA,IHOP,TAMPA,FL,"{Breakfast & Brunch,Restaurants,American (Traditional),American (New),Burgers}",2012-11-06,1.0,negative,0.02,"[""old broken down dump"", ""Todd First Watch"", ""several tables"", ""terrible service"", ""dirty restaurant"", ""mediocre food"", ""worst breakfasts"", ""place"", ""corner"", ""Pinky"", ""street"", ""time"", ""Bullsh""]"
fO9s27ydvmpHuW7V6g7n6g,5FDt7sy-70y4_37Dh2qcbw,El Arado Mexican Grill,Indianapolis,IN,"{Latin American,Restaurants,Mexican,Tex-Mex}",2010-01-09,3.0,mixed,0.67,"[""numbing strip club experience"", ""dirty sanitized rags"", ""El Arado"", ""six people"", ""6 pm arrival"", ""drink orders"", ""margarita drinker"", ""good time"", ""specific requests"", ""full bellies"", ""Red Garter"", ""bad wrap"", ""good place"", ""Fountain Square"", ""large table"", ""Mexican beers"", ""quiet waiter"", ""drink prices"", ""kitchen staff"", ""Monday"", ""group"", ""smell"", ""margaritas"", ""drinks"", ""food"", ""Everyone"", ""needs"", ""beans"", ""cheese"", ""problems"", ""mind"", ""way"", ""review"", ""affordable"", ""eats"", ""night"", ""clubs""]"
k6gumFSqSexf_8pnrJ9JJQ,D5V0Fawd6ODVgqCY8xngsw,Loews Philadelphia Hotel,Philadelphia,PA,"{Event Planning & Services,Hotels & Travel,Restaurants,Hotels,Seafood}",2014-08-10,5.0,positive,0.97,"[""nice size"", ""The Loew"", ""hotel 5 stars"", ""service"", ""family"", ""month"", ""breakfast"", ""son"", ""future"", ""rooms"", ""parking""]"
TP0HYy4GqYtrWMlFIhxw3A,LHSTtnW3YHCeUkRDGyJOyw,Fries Rebellion,Quakertown,PA,"{Beer Bar,Bars,American (New),Gastropubs,Restaurants,Nightlife,Burgers}",2016-05-31,1.0,negative,0.02,"[""little customer service"", ""large party"", ""40 minute wait"", ""one hostess"", ""20 minute wait"", ""new girl"", ""7pm reservation"", ""table"", ""hostesses"", ""paper"", ""check"", ""kitchen"", ""people"", ""40 minutes"", ""appetizers"", ""day"", ""smug"", ""things"", ""mistakes"", ""long"", ""water"", ""seat"", ""bar"", ""everything""]"
ZyfCRiRf1uLimxm7IXnwQA,C4lZdhasjZVQyDlOiXY1sA,Buena Vista Mexican Restaurant,Malvern,PA,"{Mexican,Restaurants}",2017-07-08,3.0,positive,0.53,"[""yelp offer"", ""next visit"", ""yelp countdown"", ""Food"", ""bill"", ""business"", ""deal"", ""4 hours""]"
ZozhWmePmadCZaBrDPWyeQ,xZcUgkmAWTeS0F7K92eglg,USPS,Brownsburg,IN,"{Post Offices,Public Services & Government}",2013-10-03,5.0,positive,0.94,"[""fantastic customer service"", ""random package"", ""automated machine"", ""post office"", ""passport applications"", ""occasions"", ""location"", ""husband"", ""representative"", ""follow"", ""forms"", ""name"", ""experience"", ""future"", ""everyone""]"
qQ6B7a5b8dtZlg7n0LBOuw,QlvRwArDzGNRT_0FAsOSnw,The Vitamin Shoppe,Tucson,AZ,"{Vitamins & Supplements,Health Markets,Specialty Food,Health & Medical,Shopping,Food}",2014-06-28,5.0,mixed,0.87,"[""many different vitamins"", ""healthy dietary supplements"", ""health \""trip"", ""beauty products"", ""rewards program"", ""frequent shoppers"", ""digital coupons"", ""homeopathic items"", ""goodness"", ""place"", ""name"", ""staff"", ""moisturizer"", ""suggestions""]"
_1CdSipAK1mysZXfSf2gOA,2zocwC7qMq3LsivPn9Z-Eg,Gryphon Cafe,Wayne,PA,"{Restaurants,Coffee Roasteries,Coffee & Tea,Food,Breakfast & Brunch,Sandwiches,Bagels}",2013-03-18,5.0,mixed,0.75,"[""healthy tasty treats"", ""other tasty treats"", ""shoppe"", ""staff"", ""atmosphere"", ""THey"", ""host"", ""croissants"", ""food"", ""lunch"", ""breakfast""]"
zBrO_zs81k9U-ZpyR_p8fw,Jx2AoB_IQOUrZ3s6fdAUSA,Sips Specialty Coffee House,Tampa,FL,"{Coffee & Tea,Food,Internet Cafes,Cafes,Restaurants}",2017-05-13,5.0,positive,1.0,"[""Great Cranberry Orange Muffin"", ""Great ambience"", ""Caffe Latte"", ""Saturday morning"", ""fast service""]"
QEuRWU5UR6_z8hSs4pjjEA,7UxNDF6ZpabC3O0-Qbg3Xw,Yama Japanese Restaurant,Lumberton,NJ,"{Restaurants,Sushi Bars,Japanese,Salad}",2013-11-14,5.0,positive,0.98,"[""favorite place"", ""nicest people"", ""first choice"", ""great menu"", ""sushi""]"
yyAycjhj9pBUWYlZd75IZg,bTve2mwLk5Zc01vRKqc2KQ,Red Hook Coffee & Tea,Philadelphia,PA,"{Restaurants,Breakfast & Brunch,Vegan,Bagels,Food,Coffee & Tea}",2016-05-07,5.0,positive,0.92,"[""favorite coffee shop"", ""cool edgy vibe"", ""comfy seating"", ""great seats"", ""city"", ""food"", ""Anything"", ""place"", ""lots"", ""weather""]"
BMeYOL1Qj95QTb_XU3u-aw,Jn_F3hYqknRTepCg6om04Q,Chile Burrito,Brentwood,TN,"{Mexican,Restaurants}",2013-07-12,5.0,positive,1.0,"[""good, healthy food"", ""best burrito shop"", ""medium burrito"", ""Great salsas"", ""relaxed atmosphere"", ""excellent service"", ""chorizo combo"", ""personal favorite"", ""eating event"", ""Highest recommendation"", ""reasonable price"", ""place"", ""town"", ""burritos"", ""chicken"", ""brisket"", ""Family"", ""chain"", ""attention"", ""flavor"", ""oblivion""]"
WsEr-kocvUQIp111wssxZA,SjnbzWbNLAxLOFVIyFKMXA,Glanzmann Subaru,Hatboro,PA,"{Car Dealers,Automotive}",2018-02-23,1.0,negative,0.02,"[""simple \""check engine\"" light appointment"", ""two full business days"", ""full hour"", ""first thing"", ""many cars"", ""kind woman"", ""following day"", ""morning"", ""end"", ""front"", ""life"", ""someone"", ""record"", ""repair"", ""maintenance"", ""time""]"
Q8hKGUqd-lNtLDc-d2vMjQ,r43DrfYAbAgifsYyNkljZw,Red Hot & Blue Restaurant,Cherry Hill,NJ,"{Southern,Restaurants,Jazz & Blues,Sandwiches,Arts & Entertainment,Barbeque,Nightlife}",2018-09-25,1.0,mixed,0.23,"[""live music offerings"", ""many years"", ""RH&B"", ""south Jersey"", ""great BBQ"", ""recent sale"", ""place"", ""blues"", ""restaurant"", ""food"", ""absence"", ""aspect"", ""people""]"
vyKiIvMR6aQ5QddXcFJ5yA,aw5GN4yk6r0r9e_5TdiLFQ,Carmine's Parkside Pizza,Chester Springs,PA,"{Pizza,Restaurants}",2010-11-22,2.0,mixed,0.26,"[""many good rolls"", ""reliable place"", ""Philly area"", ""use"", ""sandwiches"", ""last"", ""Cheesesteak"", ""light"", ""meat"", ""off"", ""night""]"
2QMIwxBiLWoNrtqrucrDKQ,zJErbOQMKX-MwHs_ulV7DA,Philadelphia Marriott Old City,Philadelphia,PA,"{Event Planning & Services,Hotels,Hotels & Travel,Venues & Event Spaces}",2009-10-14,2.0,mixed,0.16,"[""SPG gold member"", ""front desk clerk"", ""bad luck"", ""good amount"", ""adjoining doors"", ""next door"", ""ONE person"", ""new key"", ""larger room"", ""property"", ""platinum"", ""reservation"", ""EVERYTHING"", ""AC"", ""CNN"", ""lobby"", ""line"", ""noise"", ""TV"", ""fancy"", ""hotel"", ""service"", ""improvement"", ""10""]"
sBV7e0ZWpgSFDs8_-ZZh1g,CA5BOxKRDPGJgdUQ8OUOpw,Maynards,Tucson,AZ,"{Grocery,Burgers,Food,Local Flavor,Restaurants,Salad,American (Traditional),Nightlife,American (New),Bars,Sandwiches,Breakfast & Brunch}",2015-04-01,4.0,positive,1.0,"[""Food"", ""price"", ""staff""]"
AbSXiVHrNquCbR1JvIy0ew,osOONoA8wMF5ZpLWUS7VOw,Henry's Coffee Bistro,Indianapolis,IN,"{Breakfast & Brunch,Coffee & Tea,Food,Cafes,Bakeries,Restaurants}",2016-08-25,2.0,mixed,0.16,"[""industrial airbnb chic vibe"", ""college coffee shop couches"", ""humid August morning"", ""back left corner"", ""great first impression"", ""neighborhood coffee spot"", ""chill train association"", ""coffee bar"", ""iced coffee"", ""hot coffee"", ""Open space"", ""ordinary tables"", ""tank engine"", ""one star"", ""cooler day"", ""damn Henry"", ""blocks"", ""house"", ""atmosphere"", ""chairs"", ""uniqueness"", ""name"", ""Thomas"", ""STFU"", ""amount"", ""idk"", ""espresso""]"
_pYWxZrAWBSaF0_OXIS20w,jlPB8Fx-xS2PW8Ni9NU3fw,Country Inn & Suites,Tucson,AZ,"{Hotels & Travel,Event Planning & Services,Hotels,Party & Event Planning,Venues & Event Spaces}",2014-08-24,5.0,mixed,0.5,"[""working A.C."", ""brand name shampoo"", ""fresh baked cookies"", ""wide range"", ""Carlson hotels"", ""small freezer"", ""next stop"", ""small place"", ""swinging benches"", ""10 mile hike"", ""complimentary breakfast"", ""real breakfast"", ""made waffles"", ""cold cereal"", ""hot tub"", ""last night"", ""small suggestions"", ""other places"", ""actual interest"", ""long review"", ""real feel"", ""safe travels"", ""book shelf"", ""same program"", ""coffee maker"", ""smoking area"", ""smoking rooms"", ""late check"", ""desk person"", ""wonderful hotel"", ""scent"", ""Valorie"", ""water"", ""guests"", ""kind"", ""leftovers"", ""books"", ""authors"", ""essence"", ""duration"", ""stay"", ""bat"", ""home"", ""everything"", ""refrigerator"", ""microwave"", ""conversation"", ""conditioner"", ""lotion"", ""smokers"", ""dumpster"", ""2 sets"", ""adults"", ""pleasure"", ""morning"", ""eggs"", ""sausage"", ""bacon"", ""juices"", ""coffees"", ""options"", ""pool"", ""need"", ""time"", ""11:00 Am"", ""checkout"", ""routine"", ""reviews"", ""reading"", ""Niki"", ""12:00""]"
77AdIZqrL9rUHkCOrONhUA,ujN8QWiLDqNhcu4LQ3f3nQ,Toyota Of Santa Barbara,Goleta,CA,"{Automotive,Car Dealers,Auto Repair}",2012-04-28,3.0,positive,0.97,"[""full sized SUVs"", ""fair deal"", ""Sam Ladd"", ""many dealerships"", ""Santa Barbara"", ""families needs"", ""Frank Flores"", ""sales manager"", ""intimidating process"", ""negotiation process"", ""car"", ""poker"", ""someone"", ""preparation"", ""time"", ""homework"", ""KBB."", ""Edmunds"", ""salesman"", ""lots"", ""vehicle"", ""everything"", ""subcompacts"", ""Toyota"", ""business"", ""concerns"", ""position""]"
RqMow_Q_lqybL3x-P9ArrQ,WF_KgJ1tuhz6rMI4_xZSRw,Al J's Tavern,Tucson,AZ,"{Pubs,Nightlife,Dive Bars,Bars,Sports Bars}",2015-11-20,5.0,positive,0.99,"[""The  BBQ truck"", ""Great bar"", ""Mixed crowd"", ""atmosphere"", ""Bartenders"", ""owner"", ""staff"", ""everyone"", ""home""]"
c_OmzmaAvChkyZM3LTcuBQ,WLrFLRE9uvqj9ahrEjevYw,Barone's Tuscan Grill,Moorestown,NJ,"{Vegetarian,Italian,Restaurants,Event Planning & Services,Gluten-Free,Pizza,Caterers}",2016-01-30,2.0,mixed,0.2,"[""unadventurous Italian American selections"", ""garlic pizza bread"", ""3 different chicken dishes"", ""mediocre Italian food"", ""large group dinner"", ""fixed menu"", ""numerous appetizers"", ""fried gnocchi"", ""fried zucchini"", ""main courses"", ""same sauce"", ""nice staff"", ""luke"", ""Christmas"", ""BYOB"", ""calamari"", ""sauces"", ""lack"", ""luster""]"
sALG0BJfS_RbDAXTuSvzcQ,gyUBYwpUO_u0nqZdre4l1g,Shanghai Express,Marlton,NJ,"{Chinese,Restaurants}",2015-04-15,5.0,positive,1.0,"[""friendliest Chinese places"", ""double treasure"", ""best"", ""something"", ""tasty""]"
oWOoki0rpO08d4eMqGFWEg,YOEsOaiV0AznLshMDg5bJw,Reno Vulcanizing Auto Care & Tires,Reno,NV,"{Tires,Automotive,Auto Parts & Supplies,Oil Change Stations,Auto Repair}",2017-01-14,5.0,positive,1.0,"[""Reno Vulcanizing"", ""several years"", ""other staff"", ""vehicles"", ""Ken"", ""Bruce""]"
gWU2Yko2aFH00jcFVYsquA,UUpwoAAZcJyUWOqp81_3mA,Cajun Encounters Tour Company,New Orleans,LA,"{Transportation,Boat Tours,Bus Tours,Tours,Walking Tours,Hotels & Travel,Historical Tours}",2016-03-30,3.0,mixed,0.42,"[""green street cars"", ""red bus tours"", ""balanced historical view"", ""Oak Alley plantation"", ""Laura Creole plantation"", ""balanced explanation"", ""Laura Plantation"", ""3 separate reviews"", ""confirmation email"", ""tinted windows"", ""two places"", ""intriguing part"", ""9th ward"", ""surrounding area"", ""cool information"", ""good job"", ""slave quarters"", ""car sickness"", ""great details"", ""safety reasons"", ""Katrina history"", ""amazing history"", ""CITY TOUR"", ""walking tour"", ""PLANTATION TOUR"", ""tour guides"", ""SWAMP TOUR"", ""five-star tour"", ""guide Henry"", ""5 star tour"", ""1 STAR"", ""time"", ""money"", ""phone"", ""payment"", ""account"", ""carsick"", ""back"", ""visit"", ""favor"", ""things"", ""pictures"", ""5 STARS"", ""driver"", ""Stacie"", ""lot"", ""way"", ""Ethan"", ""owners"", ""journey"", ""land"", ""slaves"", ""grounds"", ""trip"", ""lives"", ""experiences"", ""buses"", ""nap"", ""hotel"", ""4 STARS"", ""alligators"", ""boars"", ""raccoons"", ""birds"", ""thunder"", ""lightning""]"
bg3TAimbMppppLUTfN46nA,EIlFs8kybcG-l60GJjNUIA,Domino's Pizza,Oldsmar,FL,"{Pizza,Chicken Wings,Restaurants,Sandwiches}",2017-02-09,1.0,mixed,0.08,"[""worst pizza"", ""Thin crust"", ""bad strands"", ""minimal cheese"", ""good pizza"", ""Mellow Mushroom"", ""grocery shopping"", ""organic pizza"", ""corporate chains"", ""AVOID"", ""COSTS"", ""olives"", ""junk"", ""salad"", ""lettuce"", ""divider"", ""dollar"", ""knots"", ""rest"", ""crap"", ""Grimaldi"", ""BJs"", ""Publix"", ""whole"", ""foods"", ""btw"", ""place"", ""dominoes"", ""reminder"", ""way"", ""quality"", ""preservatives"", ""poison"", ""card"", ""refund"", ""Waste""]"
7nm3cQS0XGRLtsLGwvuYfg,aKOdfQcjDG2NQtIEmq21ew,Urban South Brewery,New Orleans,LA,"{Breweries,Food}",2018-02-01,2.0,mixed,0.5,"[""Nice looking place"", ""nice folks"", ""dark beer"", ""summer beer"", ""February"", ""disappointment""]"
USQoa-DdoBJaEdB1s726Ug,5xokROlB8Zo5T-_qbHzsrQ,Buddy Brew Coffee ,Tampa,FL,"{Food,Coffee & Tea}",2015-12-21,5.0,positive,0.92,"[""absolute favorite places"", ""terrible parking issues"", ""Quick Read"", ""occasional crowds"", ""Buddy Brew"", ""lunch options"", ""move"", ""Tampa"", ""baristas"", ""breakfast"", ""coffee"", ""level"", ""care"", ""planet""]"
5-jOuGmG3pR-tV4t-Z_ZEA,u7_3L1NBWgxhBM_B-cmmnA,Pizzeria Vetri,Philadelphia,PA,"{Italian,Pizza,Restaurants,Salad}",2017-06-07,3.0,mixed,0.25,"[""fried dough ball dessert"", ""cauliflower salad"", ""place"", ""crust"", ""pallets"", ""taste"", ""thing""]"
7JKo522z7Fx6VfU27am4Rg,jQBPO3rYkNwIaOdQS5ktgQ,The Fountain On Locust,Saint Louis,MO,"{Ice Cream & Frozen Yogurt,Food,American (New),Art Galleries,Shopping,Cocktail Bars,Arts & Entertainment,Restaurants,Nightlife,Chocolatiers & Shops,Specialty Food,Bars}",2011-04-23,5.0,positive,1.0,"[""yummy homemade ice cream"", ""mixed salad salad sandwich"", ""One sandwich"", ""gift certificate"", ""GREAT  pleasure"", ""Perfect  spot"", ""place"", ""lunch"", ""love""]"
is9Cja3-8vMjdNmbdcQ8uw,5cz1XbgalpQ89gsNQwneVQ,Portofino's Italian Kitchen,Tampa,FL,"{Restaurants,Pizza,Italian}",2018-02-11,5.0,positive,1.0,"[""Italian food"", ""food quality"", ""home"", ""shot"", ""expectations"", ""quantity"", ""girls"", ""Alexa""]"
itD1_4Pg64fqHcHDZs7yxQ,JcP1z6eZBgTIcxWlyxSw0g,Iris,New Orleans,LA,"{American (New),Restaurants}",2012-07-16,4.0,positive,0.94,"[""Carpano Antica Formula vermouth"", ""nice civilized break"", ""Friday night"", ""charming bartender"", ""lamb meatballs"", ""spring rolls"", ""perfect place"", ""occasional night"", ""Manhattans"", ""drink"", ""Quarter"", ""manager"", ""Eric""]"
-a1oXSx2ryjhABWgRmbGMQ,0wQCEcpZ57TmTm6EmEDsIw,Hendricks BBQ,St Charles,MO,"{Food,Comfort Food,Restaurants,American (Traditional),Barbeque,American (New),Southern}",2017-08-28,4.0,positive,0.81,"[""lunch special"", ""great deal"", ""last year"", ""recent times"", ""disappointing meal"", ""husband"", ""fan"", ""prices""]"
5ghupdwitZYbNbR9SBuMCg,VRGYwKE_Z77frm5NwLvJhw,Burger Republic,Nashville,TN,"{Bars,Restaurants,Sports Bars,Burgers,Pubs,Nightlife,Armenian,American (Traditional)}",2018-03-16,5.0,positive,0.88,"[""Bananas Foster"", ""classic burger"", ""fries"", ""experience"", ""service"", ""point"", ""milkshake"", ""choice""]"
U-Y5nGkhbVsTWCEGqLibZA,47oPgHNdVR5x_oFNbauNug,Chuck E Cheese,Edmonton,AB,"{Pizza,Restaurants}",2013-12-07,4.0,mixed,0.58,"[""special birthday rock stars"", ""Chuck E Cheese credit"", ""birthday party table"", ""neighboring party table"", ""birthday area"", ""childless woman"", ""good folks"", ""tight ship"", ""sample platter"", ""different types"", ""Arcade style"", ""One thing"", ""game area"", ""play area"", ""one occasion"", ""decent amount"", ""five adults"", ""one instance"", ""many friends"", ""fond memories"", ""little girl"", ""one token"", ""six kids"", ""experience"", ""lots"", ""staff"", ""floors"", ""counters"", ""refund"", ""machine"", ""door"", ""somebody"", ""games"", ""chance"", ""kiddo"", ""time"", ""wallet"", ""food"", ""pizza"", ""chairs"", ""people"", ""place"", ""trips""]"
S31KpJsHYnBX9Qv5qG1LJA,w5DsFKVqKcKXm509vjinqw,Jerry Bobs,Tucson,AZ,"{Restaurants,American (New)}",2015-04-01,1.0,mixed,0.16,"[""one new customer"", ""other location"", ""2 different females"", ""drink order"", ""next 5 minutes"", ""food order"", ""10 minutes"", ""15 minutes"", ""40 minutes"", ""problem"", ""handful"", ""tables"", ""girl"", ""drinks"", ""waitress"", ""lady"", ""booth"", ""husband"", ""coffee"", ""refill"", ""soda"", ""head"", ""kitchen"", ""register"", ""beverages"", ""apology"", ""3 cooks"", ""issue"", ""Waste"", ""time""]"
f6NTrovoOD4C2ZDUNN2Uww,MgezKZ0Fp250omk3EAgnjw,7 Layers Bakery,Lutz,FL,"{Food Delivery Services,Food,Desserts,Bakeries,Event Planning & Services,Caterers}",2016-12-04,5.0,mixed,0.83,"[""The Italian wedding cookies"", ""dark chocolate florentine cookies"", ""tres leche"", ""original filling"", ""Malibu liquor"", ""perfect amount"", ""Anise flavor"", ""coconut ratio"", ""bakery"", ""hubby"", ""cannoli"", ""grandma"", ""lot""]"
5TWmP6zi4aWQygfOC6b9wg,ZXt0zo8liURaAEKD47zDRQ,Frabotta's Beach Kitchen,Madeira Beach,FL,"{Pizza,Sandwiches,Restaurants,Salad}",2017-07-28,5.0,mixed,0.6,"[""estricta relaci\u00f3n precio-calidad"", ""jam\u00f3n crudo"", ""opini\u00f3n"", ""siguientes sabores"", ""25/30 minutos"", ""queso muzzarela"", ""cinco estrellas"", ""vacaciones"", ""ganas"", ""pizzas"", ""lugar"", ""500 metros"", ""verano"", ""21.30 horas"", ""hombre"", ""prosciutto"", ""ham"", ""pepperoni"", ""cebolla"", ""hongos"", ""anchoas"", ""albahaca"", ""tomate"", ""gustos"", ""foto"", ""estilo"", ""piedra"", ""salsa"", ""cantidad"", ""comentario"", ""calidez"", ""trato""]"
fMGOJq3i_DUUukBg7QU9SA,0qu0fNTOsSmuREYVIMPuIQ,Cold Spring Tavern,Santa Barbara,CA,"{American (Traditional),Restaurants,Bars,Nightlife}",2016-10-14,4.0,mixed,0.78,"[""great, homey feel"", ""good friends birthday"", ""good time"", ""Paradise road"", ""place"", ""service"", ""burger"", ""Menu"", ""meat"", ""buds"", ""river"", ""water""]"
i7wu9qHYX5tGzffCYb56GQ,b7V_5q22_eTeHlYzq1bpFw,Harbor Seafood & Oyster Bar,Kenner,LA,"{Seafood,Restaurants}",2015-02-16,1.0,mixed,0.24,"[""half baskets"", ""2 half"", ""30 reviews"", ""thing"", ""oysters"", ""space"", ""cramp"", ""people"", ""backs"", ""bar"", ""boyfriend""]"
pIyQ9YmxoQ-UrIs-ANTi8Q,EtKSTHV5Qx_Q7Aur9o4kQQ,Village Whiskey,Philadelphia,PA,"{Bars,Nightlife,Whiskey Bars,Burgers,Restaurants,American (New)}",2010-08-22,4.0,mixed,0.66,"[""plain duck fat fries"", ""homemade thousand island dressing"", ""Portuguese red wine"", ""cheddar duck-fat fries"", ""Dearest Reader"", ""best bartenders"", ""infinite selection"", ""Franklin Mortgage"", ""orange bitters"", ""egg white"", ""other stuff"", ""The Commodore"", ""applewood bacon"", ""incredible taste"", ""Chris M."", ""craziest drink"", ""drink menu"", ""long time"", ""best burger"", ""Village Whiskey"", ""rumors"", ""fact"", ""Philadelphia"", ""wife"", ""friends"", ""whiskeys"", ""bourbons"", ""day"", ""something"", ""kind"", ""idea"", ""sir"", ""neophyte"", ""tyro"", ""spirits"", ""banter"", ""level"", ""drinks"", ""visit"", ""verdict"", ""short-rib"", ""dollop"", ""meat"", ""one"", ""Warning"", ""place"", ""table"", ""food"", ""staff""]"
AVcIzk8W04_Au135kR1Qlg,plobBsTtVUODb353xxFT_g,Sushi Rose,Reno,NV,"{Sushi Bars,Restaurants}",2011-09-27,3.0,mixed,0.86,"[""neighborhood sushi joint"", ""Roll menu"", ""Other reviewers"", ""San Francisco"", ""memorable sushi"", ""quick pop"", ""request"", ""Service"", ""staff"", ""rolls"", ""Mariner"", ""Rose"", ""house""]"
svljeCrxYjRHnc3obmRu3Q,5kZtETKu37RuwHATrB4a5g,City Fitness - Graduate Hospital,Philadelphia,PA,"{Gyms,Trainers,Active Life,Fitness & Instruction}",2012-08-16,5.0,positive,0.99,"[""extra hair ties"", ""fitness opportunities"", ""various times"", ""end times"", ""early morning"", ""mid to"", ""late afternoon"", ""class schedule"", ""row teachers"", ""We-Fit class"", ""huge challenge"", ""new enterprise"", ""locker room"", ""blow dryer"", ""huge difference"", ""work start"", ""little things"", ""fabulous gym"", ""cost"", ""lot"", ""classes"", ""exercise"", ""day"", ""need"", ""trainers"", ""spin"", ""facility"", ""business"", ""women""]"
ulk36r__RoJhfyDVTexo_A,NYYPj2WpUuIz2mP6YBWKnA,Classic Collision Goleta,Goleta,CA,"{Auto Repair,Automotive,Body Shops}",2013-12-06,5.0,mixed,0.6,"[""dead-perfect color match"", ""3 month old car"", ""brand new car"", ""typical \""shop\"" feel"", ""most body shops"", ""top quality job"", ""two different drivers"", ""car body panels"", ""different substrates"", ""most people"", ""TWO weeks"", ""paint match"", ""entire review"", ""bottom line"", ""business office"", ""specific advisor"", ""detailed information"", ""various components"", ""additional evaluations"", ""Thanksgiving holiday"", ""Detailed updates"", ""other staff"", ""similar positions"", ""1st class"", ""late July"", ""metal parts"", ""body work"", ""mild OCD"", ""smallest differences"", ""gap tolerances"", ""serious attention"", ""defensible way"", ""insurance company"", ""insurance claims"", ""plastic part"", ""repair process"", ""exterior damage"", ""Juan Mendez"", ""same place"", ""hurry"", ""time"", ""October"", ""dealership"", ""recommendation"", ""repairs"", ""bank"", ""places"", ""experience"", ""Prestigious"", ""notch"", ""start"", ""everything"", ""challenge"", ""case"", ""value"", ""accidents"", ""costs"", ""rental"", ""fact"", ""procedures"", ""deviations"", ""questions"", ""vehicle"", ""back"", ""bumper"", ""Anyone"", ""paints"", ""disclaimers"", ""offices"", ""defects"", ""things"", ""standards""]"
s_X5uNLjLSgK_itDNFiadg,MbzgGsMQpGyVrUJXi_Jw0Q,Dawn Patrol,Santa Barbara,CA,"{Coffee & Tea,Breakfast & Brunch,Restaurants,American (New),Food}",2018-03-15,4.0,positive,0.96,"[""great breakfast place"", ""great place"", ""Santa Barbara"", ""customer service"", ""Colorado"", ""food"", ""price"", ""amount""]"
BSi8nK7H-dWrcIY17K2MqQ,voAosWO5yGhvppHRKm-7mQ,Magnolia Grill of New Orleans,New Orleans,LA,"{Breakfast & Brunch,Restaurants,Burgers}",2011-04-22,3.0,mixed,0.47,"[""fried shrimp po boy"", ""real sweet waitress"", ""uncrowded floor"", ""cooks' area"", ""multiple grills"", ""prep areas"", ""good distraction"", ""frequent interaction"", ""second thoughts"", ""difficult time"", ""tourist spot"", ""one side"", ""lunch counter"", ""years"", ""place"", ""layout"", ""tables"", ""booths"", ""bustle"", ""fryers"", ""staff"", ""everything"", ""rebbeans"", ""fries"", ""burgers"", ""front"", ""food"", ""Quarter"", ""star""]"
KAD7AekVYfOAFzQnuy-rAg,6jgRI0lDt48CY8j1GAGuKQ,Red Bank Veterinary Hospital Mount Laurel,Mount Laurel Township,NJ,"{Veterinarians,Pets}",2007-05-17,5.0,positive,0.88,"[""true animal people"", ""years"", ""everything"", ""doctor""]"
nZyvS000DGcy6Ilv41SSSQ,ompDR5sUDpoI6gnTldmneQ,The Praline Connection,New Orleans,LA,"{Seafood,Cajun/Creole,Candy Stores,Coffee & Tea,Food,Restaurants,Soul Food,Specialty Food}",2014-06-27,5.0,positive,0.96,"[""Great family restaurant"", ""Po boys"", ""perfect bread"", ""3 different kinds"", ""little spicy"", ""fabulous service"", ""Mac"", ""Cheese""]"
Ifa0h4i6zA7f0t-ZFdL8tw,W4ZEKkva9HpAdZG88juwyQ,Mr. B's Bistro,New Orleans,LA,"{Bars,Breakfast & Brunch,Restaurants,Barbeque,Cajun/Creole,Cafes,Cocktail Bars,Nightlife}",2014-01-17,5.0,mixed,0.82,"[""chocolate orange ice cream"", ""creme br\u00fbl\u00e9e"", ""Sunday Jazz Brunch"", ""sea bass entree"", ""best dining experience"", ""week-long trip"", ""friendliest servers"", ""complimentary bread"", ""seafood gumbo"", ""best fish"", ""green beans"", ""DELICIOUS sauce"", ""next table"", ""bread pudding"", ""coolest bit"", ""two visits"", ""Mr. B"", ""left corner"", ""Ronald Reagan"", ""place"", ""NOLA"", ""husband"", ""reservations"", ""music"", ""ambience"", ""time"", ""menu"", ""orders"", ""butter"", ""side"", ""dessert"", ""hit"", ""birthday"", ""bill"", ""penny"", ""40""]"
yRJkUOmrNhpOOn0-FgnqCQ,jmwasbZfgj3honf79qKsnA,Street- Taco and Beer Co.,Tucson,AZ,"{Mexican,Bars,Restaurants,Nightlife}",2016-12-04,1.0,mixed,0.2,"[""downtown street patio"", ""terrible eating experience"", ""regular styled tacos"", ""two beef tacos"", ""disappointing experience"", ""fish taco"", ""nice setting"", ""various sizes"", ""fire heaters"", ""cold nights"", ""last one"", ""truck dogs"", ""dinner rush"", ""short line"", ""sonoran dog"", ""Cashier"", ""beer"", ""order"", ""establishment"", ""tvs"", ""bar"", ""number"", ""tables"", ""scraps"", ""cilantro"", ""onion"", ""tomatoes"", ""lettuce"", ""bin"", ""bits"", ""pictures"", ""place"", ""door"", ""time"", ""excuse"", ""end""]"
PcB61RR_VL8Bf5uNFM54Pg,_owHO6DTYU-XVP8jAcgZFw,Sam's Sports Bar and Grill,Nashville,TN,"{Pizza,Sports Bars,Bars,Sandwiches,Nightlife,Restaurants,American (Traditional)}",2011-01-09,3.0,mixed,0.42,"[""two professional sports teams"", ""two great sports bars"", ""attractive Southern women"", ""regular old-time employees"", ""cut referee shirts"", ""Nashville Sports Bars"", ""many sports bars"", ""vibrant southeastern city"", ""sports' teams"", ""referee outfits"", ""particular number"", ""star rating"", ""sad news"", ""early Autumn"", ""other cities"", ""comparable size"", ""booty shorts"", ""tight clothes"", ""wider variety"", ""mixed drinks"", ""game commentary"", ""beer selection"", ""bar fare"", ""review"", ""Sam"", ""stars"", ""dilemma"", ""comparison"", ""town"", ""patio"", ""Spring"", ""Summer"", ""country"", ""service"", ""ladies"", ""undergrad"", ""food"", ""side"", ""beers"", ""opinion"", ""lots"", ""TVs"", ""speakers""]"
qMVwOQNDqYzwodlFJ81GNw,Dv6RfXLYe1atjgz3Xf4GGw,HipCityVeg,Philadelphia,PA,"{Burgers,Vegetarian,Restaurants,Vegan}",2018-07-26,4.0,mixed,0.66,"[""weekday lunch rush"", ""Great location"", ""friendly staff"", ""online order"", ""smart move"", ""Rittenhouse Square"", ""meat eaters"", ""great food"", ""seats"", ""store"", ""people"", ""lot"", ""counter"", ""Weather"", ""HCV"", ""street"", ""friends"", ""coworkers"", ""one"", ""choices"", ""vegetarians""]"
JqFt66fEtRl8l1kmMC61_A,Bg3xluNKVnqotkukgreP_Q,Megabus,Indianapolis,IN,"{Public Transportation,Hotels & Travel,Transportation}",2015-08-06,1.0,negative,0.0,"[""Absolute garbage company"", ""entire customer policy"", ""bus stop"", ""Indy"", ""Chicago"", ""delay"", ""website"", ""20 people"", ""time"", ""recourse""]"
JEP_e5vAKDv5z0-IwS82Yw,uI15YInpDsGBUZcNfm_TfQ,Borrello's Pizza & Pastaria,Carpinteria,CA,"{Restaurants,French,Italian,Pizza}",2015-10-17,4.0,mixed,0.66,"[""classic old family friendly Ms Pac-Man game"", ""outdated kitschy roadside attractions"", ""one HD sports TV"", ""ugly family dispute"", ""3 HD sports TVs"", ""The Tuscany design"", ""Santa Claus Lane"", ""family restaurant"", ""local beer"", ""Island Brew"", ""patio diners"", ""tough location"", ""Good luck"", ""kids shows"", ""many years"", ""2 kids"", ""Michael"", ""Lucy"", ""way"", ""Tony"", ""Linden"", ""food"", ""prices"", ""slice"", ""salad"", ""owners"", ""tap"", ""Figueroa"", ""others"", ""surf"", ""videos"", ""hit"", ""bit"", ""Renaissance""]"
EEJ1VuPJ4l77ihnaweHgPQ,i7syG2Gyr_qVPR1GwehzuA,Fleming's Prime Steakhouse & Wine Bar - Indianapolis,Indianapolis,IN,"{Restaurants,Wine Bars,Nightlife,Steakhouses,Seafood,Bars}",2014-02-24,5.0,mixed,0.81,"[""shopping center location"", ""scallops small plate"", ""Amazing place"", ""amazing staff"", ""true epitome"", ""great service"", ""dining experience"", ""top notch"", ""Curtis"", ""job""]"
nkjr-JtsZIeUvbX41_NNiw,vN6v8m4DO45Z4pp8yxxF_w,Surrey's Café & Juice Bar,New Orleans,LA,"{Vegetarian,Restaurants,Breakfast & Brunch,Cafes,Juice Bars & Smoothies,Sandwiches,Food}",2018-06-26,5.0,positive,1.0,"[""Great little breakfast joint"", ""Great decorations"", ""Easy walk"", ""French Quarter"", ""surrounding areas"", ""bananas foster"", ""colorful setting"", ""New Orleans"", ""place"", ""route""]"
Sq_HqVfziIs-NeOAhIUfQg,8zfkMJ0JkW8OnGTK0Pgabw,Adelaide's Cakes,Glendora,NJ,"{Food,Bakeries}",2015-10-23,3.0,mixed,0.43,"[""Great birthday cakes"", ""cupcakes"", ""cookies"", ""front"", ""times"", ""everything""]"
d-fLREorT830s70gy_NKOA,ERl6OCSEIFBOqfjai_jIUg,La Parrilla Suiza,Tucson,AZ,"{Restaurants,Mexican}",2016-03-07,1.0,mixed,0.28,"[""worst chop job"", ""last trip"", ""one place"", ""third salsa"", ""Huge pieces"", ""Serrano pepper"", ""varying sizes"", ""stark contrast"", ""different choice"", ""purveyor change"", ""chicken quesadilla"", ""1/2 a"", ""old ways"", ""many years"", ""10 years"", ""corners"", ""food"", ""3 salsas"", ""tomatillo"", ""tomato"", ""chip"", ""pics"", ""gallo"", ""restaurant"", ""everything"", ""menu"", ""decision"", ""quality"", ""plate"", ""rice"", ""2 lbs"", ""cheese"", ""breast"", ""costs""]"
RZq-EioVPJpBgwbN2aFmVw,2lQrzb0WPexs7oPdAPpQFw,Stigma Ink,Tampa,FL,"{Boat Repair,Piercing,Professional Services,Tattoo,Arts & Entertainment,Eyelash Service,Beauty & Spas}",2015-10-07,5.0,mixed,0.82,"[""good reviews"", ""brush strokes"", ""tattoo artist"", ""good artist"", ""line work"", ""bad back"", ""hemorrhaged discs"", ""same place"", ""long periods"", ""entire staff"", ""cool place"", ""Yelp check"", ""tattoo ointment"", ""other stuff"", ""petroleum product"", ""soybean oil"", ""vitamin E"", ""cocoa butter"", ""good hands"", ""great artists"", ""2 tattoos"", ""Stigma"", ""website"", ""cluster"", ""roses"", ""shoulder"", ""color"", ""Eddie"", ""fun"", ""bulging"", ""time"", ""employee"", ""owner"", ""Chino"", ""ton"", ""research"", ""ingredients"", ""sunflower"", ""lavender"", ""beeswax"", ""Shea""]"
JydEVCXZA93L0Mec1Fi4fg,vh6YOciEM3M4zi2FGp-b5Q,Siam STL,Saint Louis,MO,"{Asian Fusion,Gay Bars,Dance Clubs,Nightlife,Restaurants,Japanese,Bars}",2017-06-17,4.0,positive,0.99,"[""hip hop music"", ""indoor dance area"", ""outdoor patio"", ""place"", ""lot"", ""fun"", ""salsa"", ""change"", ""tunes"", ""scenery""]"
oiDwM8swNfCgBW0jaz9xvg,bb76HnMUTA-qg2UbFa9dYA,Parkallen Restaurant,Edmonton,AB,"{Middle Eastern,Mediterranean,Restaurants,Pizza,Italian}",2015-03-18,2.0,mixed,0.67,"[""Great wait staff"", ""Great decor"", ""fattoush salad"", ""years"", ""lunch"", ""ball"", ""bud"", ""fish"", ""chicken"", ""Spicing"", ""everything"", ""lettuce"", ""pita"", ""olive"", ""sight""]"
grUyLOxISGxC65W0gEJplA,0CMmdGACj_gM8GSTOjhpWQ,The Animal Clinic,Hendersonville,TN,"{Pet Services,Pets,Pet Groomers,Veterinarians,Pet Sitting,Pet Boarding}",2013-01-02,4.0,mixed,0.57,"[""old place"", ""medical examinations"", ""big fan"", ""Animal Clinic"", ""animals"", ""extension"", ""family"", ""boarding"", ""grooming"", ""pets"", ""location""]"
Ax8lbP7yYV_Ag2JwK-LorQ,tpSeNezanZDvsXWR7Hhi1w,Taco Bell,Carmel,IN,"{Restaurants,Fast Food,Tex-Mex,Mexican}",2016-09-18,1.0,negative,0.0,"[""worst Taco Bell"", ""different place"", ""restaurant"", ""service"", ""order""]"
XJwl30x7X22v2aKH4Q7GBQ,bJAY2baMKSTlWRc-QZGopQ,Lilly's Cafe America,Doylestown,PA,"{Restaurants,Mexican}",2008-12-04,3.0,mixed,0.68,"[""Neuvo-Latino-Americano grub"", ""substanital review"", ""old location"", ""place"", ""locations"", ""Chips"", ""Salsa"", ""mouth""]"
68gtY300yDEp4Frpa3NO7A,Uj2LpQ5Hni4kQPC-jt9JPA,Players Barber Shop,Hatboro,PA,"{Barbers,Hair Salons,Cosmetics & Beauty Supply,Shopping,Beauty & Spas}",2016-02-23,5.0,positive,0.98,"[""Great experience"", ""great shave"", ""great price"", ""Player"", ""Everyone"", ""service"", ""Atmosphere""]"
Ycg99K9o-rTbfA5BSZa0yg,3wogQmKw729tKKWaVbZvbg,World Famous N'awlins Cafe & Spice Emporium,New Orleans,LA,"{Herbs & Spices,Seafood,Restaurants,Cajun/Creole,Food,Specialty Food}",2013-12-07,1.0,negative,0.01,"[""frogs legs"", ""terrible food"", ""manager"", ""behavior"", ""someone""]"
1Ejkx1stGB11yYfU17UQCA,6iqDIQCE8sq7Xq1xvhG1Tg,M3 Restaurant,Reno,NV,"{Italian,Burgers,Restaurants,Gastropubs,Bars,American (New),Nightlife,Pizza}",2016-05-31,5.0,mixed,0.79,"[""chicken tortilla soup"", ""great contrast"", ""dinner menu"", ""serving size"", ""3 cod pieces"", ""4-6 oz"", ""generous serving"", ""tartar sauce"", ""great flavor"", ""Great Basin"", ""large meal"", ""other places"", ""satisfying meal"", ""appropriate size"", ""salmon tacos"", ""flavors"", ""2 tacos"", ""wife"", ""fish"", ""chips"", ""batter"", ""crispiness"", ""moistness"", ""juiciness"", ""burger"", ""fries"", ""house"", ""mood"", ""side"", ""leftovers""]"
6QY0KfUbIMSbVVNnSSes-g,J-ciDDEdIHMcChGIyKZnOg,Cake Life Bake Shop,Philadelphia,PA,"{Caterers,Cafes,Event Planning & Services,Food,Cupcakes,Bakeries,Restaurants,Desserts}",2017-09-21,4.0,positive,0.99,"[""The Lemon Cake"", ""Cake Life"", ""second visit"", ""pure gluttony"", ""cupcakes"", ""Many"", ""visits""]"
wAcqPJ0fA--rGQ9Mvj63tg,IL4q5kYnSLSuhjlyxKuNMw,Beef 'O' Brady's,Largo,FL,"{Desserts,Bars,American (New),Pubs,Sports Bars,Restaurants,Food,American (Traditional),Burgers,Nightlife,Sandwiches}",2015-09-10,1.0,mixed,0.32,"[""decent boneless wings"", ""same server"", ""year anniversary"", ""Better choices"", ""5 minutes"", ""40 minutes"", ""sodas"", ""table"", ""good"", ""beverages"", ""hour"", ""drinks"", ""manager"", ""honeymoon"", ""friend"", ""date"", ""Appetizer"", ""thing"", ""food"", ""service"", ""last"", ""Beef"", ""place"", ""costs""]"
qkHg_k_EAMbi-vNolBksjw,d_tRshM-w6S4QxE4VVi8tQ,Jones,Philadelphia,PA,"{American (New),Restaurants,Southern,Diners,American (Traditional)}",2015-03-05,1.0,negative,0.07,"[""many great experiences"", ""star group restaurant"", ""Sunday brunch reservation"", ""flower show"", ""preset menu"", ""managing partner"", ""Jones"", ""10 people"", ""events"", ""office"", ""party"", ""ten"", ""deposit"", ""25 years"", ""restaurants"", ""job"", ""busboy"", ""sales""]"
GNRfE14cCOBA3XasHftbDA,JQz0_R70G3bjQ5dRqrhxKQ,Wildflower Cafe,Clearwater,FL,"{Salad,Sandwiches,Restaurants,Breakfast & Brunch}",2015-09-24,4.0,mixed,0.85,"[""homemade red velvet cupcake"", ""cute little restaurant"", ""two delicious pieces"", ""nice little deck"", ""fresh fruit bowl"", ""delicious honey butter"", ""honey vinaigrette"", ""health issues"", ""first time"", ""new regimen"", ""good selections"", ""great food"", ""big menus"", ""local ingredients"", ""Vermonter salad"", ""Vermont cheddar"", ""tuna plate"", ""good portion"", ""tuna salad"", ""mixed veggies"", ""muesli bread"", ""mixed greens"", ""Wildflower"", ""lunch"", ""breakfast"", ""mum"", ""birthday"", ""diet"", ""lot"", ""meat"", ""vegetarian"", ""years"", ""Everything"", ""house"", ""applewood"", ""bacon"", ""pecans"", ""cherries"", ""dressing"", ""YUM"", ""biscuit"", ""man"", ""stuff"", ""love"", ""happiness"", ""patio"", ""4 tables"", ""fans"", ""lights"", ""server"", ""candle"", ""win""]"
pD3eUWVZh7BRrj-ldf4LoA,y44MbCvvtmg1FpkNGSWisw,Tony's Luke,Philadelphia,PA,"{Cheesesteaks,Restaurants}",2014-07-14,1.0,negative,0.01,"[""Worst roast pork sandwich"", ""broccoli rabe"", ""cheese"", ""bread"", ""airport""]"
g734ECK2zY-JrGmvzom10g,eaDZlSuVS0EY67Ke6pRP6Q,Penang,Philadelphia,PA,"{Malaysian,Asian Fusion,Cambodian,Chinese,Restaurants,Thai}",2016-07-25,2.0,mixed,0.17,"[""Beef rice dish"", ""The Indian pancakes"", ""Seafood Crispy Noodles"", ""chicken satay apps"", ""great apps"", ""Pearl Noodles"", ""Pad Thai"", ""spicy kick"", ""place"", ""try"", ""reviews"", ""price"", ""someone"", ""entrees"", ""total"", ""night""]"
YM47FT1FlrhTqBPUI4_KvQ,Ph6-SNyEK_CIOzARiJhG6A,Momma Jammz,North Redington Beach,FL,"{American (New),Restaurants,Food,Sandwiches,Comfort Food}",2013-12-29,5.0,positive,0.81,"[""sandwich expert"", ""spot"", ""Everything"", ""wait"", ""Chicago"", ""life"", ""place"", ""bit"", ""5 stars"", ""guys""]"
tQ0XA97ameRN3UBxEdbsgg,vCHNWdW-ys-nWUx3Cpvk8Q,Swiss Haus Cafe & Pastry Bar,Philadelphia,PA,"{Bakeries,Kosher,Food,Restaurants,Coffee & Tea}",2016-09-18,5.0,mixed,0.79,"[""vanilla buttercream icing"", ""high calorie sweets"", ""Outrageous birthday cake"", ""Devils Food Cake"", ""enough positives"", ""Old City"", ""words"", ""12 adults"", ""last"", ""staff"", ""experience"", ""location"", ""piece""]"
eR2WN8v6l52W0jJ3NJIv-Q,QkyEr9j7il9lJqseTbPe5w,Spasso Italian Grill,Media,PA,"{Restaurants,Fast Food,Sandwiches,Italian}",2018-04-27,4.0,positive,0.98,"[""awesome server-- answers questions"", ""typical Italian restaurant"", ""delicious eggplant/pepper topping"", ""bar area"", ""full service"", ""little spin"", ""classic dishes"", ""Caesar salad"", ""enough dressing"", ""pappardelle porcini"", ""best item"", ""thick pasta"", ""sundried tomatoes"", ""light sauce"", ""great dinner"", ""hour wait"", ""high top"", ""Spasso"", ""parents"", ""Oana"", ""suggestions"", ""menu"", ""bread"", ""oil"", ""alternative"", ""Parmesan"", ""mushrooms"", ""chicken"", ""leftovers"", ""lunch"", ""Media""]"
qHU0E4AMN9kTGAgfVZQSGQ,PGDRRyplRKHAixBZSBLseA,Mountain America Credit Union,Sparks,NV,"{Banks & Credit Unions,Financial Services}",2017-10-24,5.0,mixed,0.65,"[""credit union"", ""many people"", ""many accounts"", ""business"", ""parents"", ""ex"", ""husband"", ""son"", ""4 years"", ""errors"", ""branch""]"
EWmkTBDTjOQpckZtyMudIQ,oqP1oQEycpp4J6u5YebRoQ,American Social,Tampa,FL,"{American (Traditional),Restaurants,Venues & Event Spaces,Event Planning & Services,Breakfast & Brunch,Bars,Nightlife}",2018-07-26,1.0,mixed,0.11,"[""numerous visits"", ""multiple occasions"", ""huge lack"", ""long time"", ""customer service"", ""good time"", ""place"", ""number"", ""issues"", ""day"", ""friends"", ""drinks"", ""fianc\u00e9"", ""table"", ""bar"", ""food"", ""price"", ""management"", ""estimate"", ""Staff"", ""money"", ""family""]"
Ira2eu1GBLZhSF3U89lhNA,UUOOjXAyk7dBpwTtKCnwyg,Casita Taqueria,Saint Petersburg,FL,"{Restaurants,Mexican,Food}",2011-11-29,5.0,mixed,0.82,"[""best Mexican"", ""St Pete"", ""Weekend nights"", ""weekday night"", ""long wait"", ""meat lovers"", ""chorizo taco"", ""seafood junkies"", ""fish tacos"", ""good food"", ""beer"", ""place"", ""order""]"
cE3kvWHnMIzT6IQSkXO_GA,qjGS_7iaQDpbVhS6W8qkHQ,The Sweet Life Bakeshop,Philadelphia,PA,"{Food,Cupcakes,Desserts,Bakeries}",2018-04-27,5.0,positive,1.0,"[""2 original banana puddings"", ""Rehab"", ""Uber"", ""Weekend""]"
2-gsHxBhcJ8ISR3ExmZ88w,oThWInL6gUCt2d98fSIAfA,Chatham Tap Fishers,Fishers,IN,"{Restaurants,Food,Beer,Wine & Spirits,Nightlife,British,American (Traditional),American (New),Chicken Wings,Bars,Pubs}",2016-06-23,5.0,positive,0.97,"[""Chatham Tap"", ""Indianapolis area"", ""next day"", ""different things"", ""onion rings"", ""large selection"", ""soccer bar"", ""different sports"", ""great meal"", ""great time"", ""favorite place"", ""large group"", ""one thing"", ""great service"", ""Wings Wings"", ""sauce"", ""home"", ""menu"", ""beer"", ""atmosphere"", ""fans"", ""staff"", ""TV"", ""friends""]"
8N3IPLBJ5MH74NKfU-yayw,1Pxg1AMf0rEn9QF__ZYoWw,Samurai Sushi,Nashville,TN,"{Japanese,Restaurants,Sushi Bars}",2016-03-07,4.0,positive,0.89,"[""tasty sushi"", ""1 specific suggestions"", ""menu photos"", ""Authentic flavor"", ""ultra healthy"", ""Service"", ""improvement""]"
5JjukJUjOScwDBcFRmUYag,1bJxvwuMTyXmQGu90WLPhA,Firebirds Wood Fired Grill,St Charles,MO,"{Seafood,Restaurants,Bars,Desserts,Steakhouses,Cocktail Bars,American (New),Food,Wine Bars,Nightlife}",2017-03-15,5.0,positive,0.94,"[""good next time"", ""First time"", ""great server"", ""old friends"", ""meat loafs"", ""evening"", ""Alison"", ""everything"", ""lot"", ""food"", ""steaks"", ""request"", ""meals""]"
nxaau-glIc1QSYHHN1dbiA,Up0a_4ZYoU5tTN6HXq59Lw,Jonny's Sports Bar,Nashville,TN,"{American (Traditional),Sports Bars,Nightlife,Restaurants,Bars}",2016-08-25,4.0,mixed,0.67,"[""great happy hour"", ""great stuff"", ""great place"", ""best options"", ""naked wings"", ""grilled chicken"", ""gift certificates"", ""1 cent pitchers"", ""smoking bar"", ""cheap beers"", ""dive bar"", ""game days"", ""half-price pizza"", ""years"", ""Jonny"", ""food"", ""point"", ""friend"", ""dough"", ""scratch"", ""salad"", ""staple"", ""mine"", ""games"", ""trivia"", ""bingo"", ""nights"", ""1/2""]"
P6Kbftcn5GwvIo2xQyXFBg,UX3eq0WsVva-cqlVrzyzFg,Cantina Los Tres Hombres,Sparks,NV,"{Bars,Nightlife,Mexican,Restaurants,Seafood}",2013-12-28,5.0,positive,0.84,"[""work Holiday party"", ""past couple years"", ""Yummy food"", ""stage area"", ""The guacamole"", ""things"", ""servers"", ""restaurant"", ""bar"", ""parties""]"
lqEa3ctJXMfAlA6RPiGrPA,dERS4qwl9v-Gwft-Ug8APA,West Ave Grille Jenkintown Restaurant and Food Truck ,Jenkintown,PA,"{Restaurants,Sandwiches,Breakfast & Brunch,Caterers,American (New),Comfort Food,Food Trucks,Event Planning & Services,American (Traditional),Food}",2011-06-29,4.0,mixed,0.86,"[""Free dum dum lolly pops"", ""West Ave. Grill"", ""Jenkintown town square"", ""happy place"", ""small area"", ""wait staff"", ""news papers"", ""Great pancakes"", ""Kansas City"", ""great breakfast"", ""Big salads"", ""parking lot"", ""nicer part"", ""locals"", ""umbrellas"", ""dogs"", ""feet"", ""kids"", ""lap"", ""large"", ""bar"", ""owner"", ""counter"", ""Phillies"", ""Food"", ""edges"", ""Stuff"", ""things"", ""complaint""]"
Tk9jatdQqzbiZd3e_HcZoA,oQ5CPRt0R3AzFvcjNOqB1w,Edley's Bar-B-Que - 12 South,Nashville,TN,"{Barbeque,Restaurants,Dive Bars,Cocktail Bars,Southern,Nightlife,Bars}",2017-01-02,5.0,positive,0.82,"[""Best hot chicken"", ""Will def"", ""time"", ""other"", ""must"", ""Nashville""]"
ttN6B9kanqlxOK-CbU3BLg,DNkz1z53dS2CUUWI1Skg2g,Rollin' Oats Market,St. Petersburg,FL,"{Sandwiches,Health Markets,Farmers Market,Grocery,Restaurants,Specialty Food,Food,Organic Stores}",2014-06-11,5.0,mixed,0.84,"[""best tuna melt"", ""best service"", ""Awesome service"", ""grocery store"", ""cafe"", ""top"", ""things""]"
A5RRp6HJOmoUKMfQFe0UNg,jLaPtjlLfRSaoBWIcHcSQg,The Mad Crab,University City,MO,"{Seafood,Cajun/Creole,American (New),Restaurants}",2017-09-09,5.0,positive,1.0,"[""plastic bag"", ""Good service"", ""place"", ""Stl"", ""seafood"", ""sauce"", ""big""]"
E-yGr1OhsUBxNeUVLDVouA,kgMEBZG6rjkGeFzPaIM4MQ,McDonald's,Philadelphia,PA,"{Fast Food,Food,Restaurants,Coffee & Tea,Burgers}",2012-05-28,1.0,negative,0.0,"[""everything"", ""drive"", ""menu"", ""movie"", ""Word"", ""advice"", ""arch"", ""beverage""]"
O-mQDmlUSDBURgiSTn75eg,SIoCIxjn4jLt2O-4DajWJw,Mac's Tavern,Philadelphia,PA,"{Nightlife,Restaurants,American (New),Bars,Pubs}",2011-04-23,3.0,mixed,0.72,"[""Philly sports team"", ""good gravy fries"", ""good beer selection"", ""good things"", ""perfect bar"", ""kitchen staff"", ""place"", ""waitress"", ""member"", ""lover"", ""quarrel"", ""part"", ""character"", ""Phillies""]"
4xWhGHrlX_F-lr0-JhyFTw,YgMZm_alGFUeQO4hz9X9VA,Earl's New American,New Hope,PA,"{Nightlife,American (New),Bars,Seafood,Restaurants,Wine Bars,Cocktail Bars}",2016-12-04,4.0,positive,0.98,"[""nice festive atmosphere"", ""bar area"", ""Mrs. Clause"", ""brief appearance"", ""good time"", ""wife"", ""couple"", ""glasses"", ""wine"", ""Santa"", ""service"", ""ambience"", ""drink""]"
3JPkxBo5HZBqsEfkNALKhg,Wd9JBLjCCh5yTF0vPAxCAA,El Merendero,Tucson,AZ,"{Mexican,Restaurants}",2012-02-01,4.0,mixed,0.76,"[""W chain fast food stand"", ""old bone shards"", ""chain hotels"", ""South Tucson"", ""good meal"", ""great place"", ""wonderful meal"", ""reasonable price"", ""poblano sauce"", ""little kid"", ""Farm fish"", ""chile relleno"", ""fresh peppers"", ""definite kudos"", ""late-stage adolescents"", ""farm catfish"", ""somewhere"", ""kitchens"", ""airport"", ""Yelpers"", ""cheese"", ""lake"", ""house"", ""wife"", ""year"", ""chef"", ""enhiladas"", ""chimichangas""]"
srw8FcuizFYyHRWnLsYVOQ,sr-5EY6bmp4jINhea06MjA,The Cake Bake Shop by Gwendolyn Rogers-Broad Ripple Village,Indianapolis,IN,"{Restaurants,Bakeries,Desserts,Patisserie/Cake Shop,American (Traditional),Cafes,Coffee & Tea,Cupcakes,French,Sandwiches,Food,American (New),Breakfast & Brunch}",2016-06-11,3.0,mixed,0.47,"[""awkward minute-long exchange"", ""many important tasks"", ""nice young teenager"", ""many people"", ""one-off experience"", ""$10 price tag"", ""back counter"", ""busy time"", ""cool day"", ""2 to 3 tables"", ""counter ordering"", ""Four stars"", ""Two stars"", ""carrot cake"", ""cake stand"", ""one slice"", ""good place"", ""5 to 10 minutes"", ""wait staff"", ""lonely piece"", ""$10 cake"", ""packaging"", ""fanciness"", ""folks"", ""area"", ""gals"", ""husband"", ""things"", ""problem"", ""service"", ""bit"", ""employee"", ""ticket"", ""way"", ""shop""]"
aQrkqLr6ualAe94-YwYXiQ,tQ6VNQ9ezkxRE4bvu9WShQ,CBQ Cowboy Bar & 'Que,Sparks,NV,"{Restaurants,Barbeque,Nightlife,Bars}",2015-01-04,5.0,positive,1.0,"[""Excellent tasting food"", ""great service"", ""Best burgers"", ""reno/sparks area"", ""new spot"", ""pork""]"
iuwbcokeZwBNOnU1F3DI-w,9V0LMtO1riRw9-pUuG4NFg,Delicia,Indianapolis,IN,"{Latin American,Caribbean,Breakfast & Brunch,Restaurants,Mexican}",2017-05-13,5.0,positive,1.0,"[""good mod dat brunch"", ""The Smoked Salmon Frittata"", ""red bell peppers"", ""horseradish -dil crema"", ""private dining spot"", ""goat cheese"", ""fresh fruit"", ""egg"", ""potato"", ""dinner""]"
AoK4JBbc8_4H8sMGyInY_w,qDkbudGRfmJvf7trQZea4g,Ruth's Chris Steak House,Philadelphia,PA,"{Restaurants,Steakhouses}",2014-05-26,5.0,positive,0.98,"[""first class treatment"", ""70th birthday"", ""Great service"", ""great food"", ""great ambiance"", ""Dinner"", ""steaks"", ""entrees""]"
lu5_R05VXvKpHCIH_bPolw,8gV3YUl8uqHnA-wZ3UZ5Dg,Smashburger,Malvern,PA,"{Burgers,Restaurants,American (Traditional)}",2017-10-24,4.0,mixed,0.67,"[""Fried pickles"", ""smash fries"", ""customer service"", ""food""]"
NElfLcKdeTwS86PTPEkWjw,EDjEVzmoQVHzboFqC-M6Ew,Local Taco,Nashville,TN,"{Food,Tex-Mex,Restaurants,Mexican,Breakfast & Brunch}",2016-01-30,2.0,negative,0.02,"[""good things"", ""huge deal"", ""Buffalo chicken"", ""parking spot"", ""effort parking"", ""number"", ""place"", ""minutes"", ""5 tacos"", ""Taste"", ""Bbq"", ""Korean"", ""shrimp"", ""shot"", ""wait""]"
ESyRRTQ9rqJLhhzjjwm7lw,KFUvV0ZGNpQqJqbJZoMutQ,O'Reilly Auto Parts,Santa Barbara,CA,"{Auto Parts & Supplies,Automotive}",2017-01-27,1.0,negative,0.03,"[""correct inventory level"", ""right tire chains"", ""wrong product"", ""guy"", ""town"", ""concerns"", ""needs"", ""store"", ""Chatsworth""]"
oyPscvzbdr9Cs2Q4fJlPCw,5kZtETKu37RuwHATrB4a5g,City Fitness - Graduate Hospital,Philadelphia,PA,"{Gyms,Trainers,Active Life,Fitness & Instruction}",2014-01-17,2.0,mixed,0.58,"[""uncomfortable stationary bike"", ""usual 30 day notice"", ""professional personal trainer"", ""MBSC thrive program"", ""overall 2.5 star rating"", ""set program"", ""introductory program"", ""City Fitness"", ""good equipment"", ""South Street"", ""three months"", ""enough repetition"", ""Biggest Loser"", ""20-30yo demographic"", ""MBSC program"", ""muscle groups"", ""contract date"", ""personal\"" trainers"", ""MBSC review"", ""training program"", ""gym part"", ""nice gym"", ""several people"", ""many people"", ""two sessions"", ""quality time"", ""3.5 star"", ""1.5 star"", ""variety"", ""rates"", ""member"", ""CF"", ""notch"", ""front"", ""things"", ""routine"", ""hour"", ""ropes"", ""sleds"", ""balls"", ""bands"", ""cables"", ""weights"", ""consistency"", ""moves"", ""contestant"", ""hip-hop"", ""environment"", ""opinion"", ""limits"", ""goals""]"
cp12LEo_c7SNbpscnbYjfA,qONvIS94nZhXYm-jccXyuw,Top Hog,Gallatin,TN,"{Restaurants,Barbeque,American (Traditional),Sandwiches,Burgers,Seafood}",2018-03-15,3.0,mixed,0.37,"[""pork bbq sammich"", ""Four stars"", ""disgusting invention"", ""lettuce/tomato game"", ""bbq sauce"", ""The Mac"", ""little crustiness"", ""price"", ""truck"", ""America"", ""place"", ""food"", ""2.5 star"", ""cheeseburger"", ""meat"", ""bottom"", ""Moist"", ""noodles""]"
k5foen6qbRssONseGEc0aw,VeqkfRUzZAKlQer3npXPdQ,New India's Kitchen,Ballwin,MO,"{Restaurants,Indian,Buffets,Diners,Pakistani}",2016-07-03,4.0,positive,0.99,"[""many good Indian dishes"", ""nice Indian buffet"", ""wide selection"", ""reasonable price""]"
kyjaqazHasxVAweZG2xxPw,P8QLcGZZOPgl9w_3ARBKiQ,Hai Street Kitchen & Co,Philadelphia,PA,"{Japanese,Asian Fusion,Restaurants}",2015-03-05,2.0,mixed,0.26,"[""crisp fresh veggies"", ""Japanese fried chicken"", ""fresh ingredients"", ""green tea"", ""best things"", ""high premium"", ""gimmicky meal"", ""revolving door"", ""new customers"", ""slammin' salmon"", ""sushiritos"", ""location"", ""wife"", ""crunch"", ""balance"", ""flavors"", ""sauce"", ""lemonade"", ""place"", ""menu"", ""corner"", ""Penn"", ""campus"", ""potential""]"
YsO0W7CJVDwDyD4rLJXT2w,kQANkgj6vHc1xCmxfNBNjA,Enzo's Pizzeria & Pasta from New York,Westchase,FL,"{Pasta Shops,Sandwiches,Pizza,Seafood,Food,Specialty Food,Italian,Restaurants}",2017-06-17,4.0,positive,0.95,"[""good take"", ""meatball sub"", ""garlic knots"", ""good quality"", ""pizza"", ""nabruzzi"", ""Enzo"", ""option"", ""area"", ""meatballs"", ""food""]"
cQfnW8ICklfTjsZg7a7Wwg,2er_V-oAd7IbQ5YTY56r7A,Bareburger - Midtown Village,Philadelphia,PA,"{Restaurants,Burgers,American (New),Food,American (Traditional),Nightlife,Bars,Cocktail Bars,Salad}",2016-07-03,5.0,positive,0.94,"[""nearby Prince tribute show"", ""Gregor  Pro Session"", ""greatest burger places"", ""healthy burger"", ""Andrew von"", ""Touring Guitarist"", ""Los Angeles"", ""Philly"", ""planet"", ""earth"", ""Alya"", ""company"", ""Bareburger""]"
mO5ORZk4nlKLtMI0PHMHtw,NeY1bH6IKJxnn4YAixibsQ,Cosi,Philadelphia,PA,"{Coffee & Tea,Restaurants,Sandwiches,Food}",2016-09-30,3.0,positive,0.99,"[""bbq chicken Flatbread"", ""good portion size"", ""Cosi"", ""location"", ""flatbreads"", ""salads""]"
REBUkv1sD96KNEc9-GmtgA,dJUXONEvGDoxM3EPTzfY7g,The Rice House,Florissant,MO,"{Vietnamese,Restaurants,Chinese,Asian Fusion}",2017-12-29,2.0,mixed,0.25,"[""one store"", ""place"", ""hill"", ""owner"", ""linbergh"", ""food"", ""service"", ""par""]"
Ci4-cJGw2rSEawQKaL0oTw,kimOwpoIWzJJx7NHTAj74Q,Little Kitchen,Philadelphia,PA,"{Thai,Restaurants,Japanese,Chinese}",2011-10-28,1.0,negative,0.0,"[""egg roll"", ""sushi roll"", ""place""]"
jHQiGVYdbT-9lQJmSg5rWQ,2myVMP_l-9f9JIZewm19Cg,Prince Conti Hotel,New Orleans,LA,"{Event Planning & Services,Hotels & Travel,Hotels}",2011-10-28,3.0,mixed,0.5,"[""Great place"", ""Bourbon street"", ""food choices"", ""ice machines"", ""thin walls"", ""vending machines"", ""staff"", ""room"", ""Conti"", ""conversations"", ""hall"", ""hotel"", ""4 stars""]"
2sS7PKfT06YeX-KJkgC-gQ,eS5KCIrpEB1Bp-uU1JJYyw,O'Charley's Restaurant & Bar,Hendersonville,TN,"{Burgers,Southern,Restaurants,Breakfast & Brunch,American (Traditional)}",2016-04-11,2.0,negative,0.01,"[""Sunday afternoon"", ""ocharleys"", ""server"", ""bread"", ""butter"", ""fries"", ""sandwich"", ""son"", ""Sprite"", ""bar"", ""waiter"", ""coupon"", ""bill"", ""manager"", ""try"", ""lunch"", ""dinner""]"
uQgLKU8M6k5O809xc97EyQ,GBTPC53ZrG1ZBY3DT8Mbcw,Luke,New Orleans,LA,"{German,Restaurants,Seafood,Cocktail Bars,French,Brasseries,American (New),Nightlife,Bars,Cajun/Creole,Breakfast & Brunch}",2014-10-11,1.0,negative,0.02,"[""overpriced mediocre food"", ""Terrible service"", ""second time"", ""same results"", ""place"", ""SUCKS"", ""benefit"", ""doubt"", ""night"", ""tables"", ""upwards"", ""tourists""]"
Ug7X5xfd3YsnZwniqZ2HkQ,qs9d6iGos9UO4BzhVmJ9UA,Garagiste Meadery,Tampa,FL,"{Food,Breweries,Arts & Entertainment,Wineries,Meaderies}",2017-07-08,5.0,mixed,0.81,"[""nice, nice big tables"", ""pure, beautiful nose"", ""picnic tables"", ""honey beverage"", ""The ABV"", ""alcohol percent"", ""Goober Vitis"", ""peanut butter"", ""Cherry Pie"", ""coffee one"", ""L-shaped bar"", ""stand-up bar"", ""2 meaderies"", ""mile"", ""type"", ""lines"", ""wine"", ""beer"", ""jelly"", ""Suzy"", ""Flavors"", ""space"", ""tanks""]"
qBJlgEwSLoW1WYFc7qOONw,qot32tHVWZpiJibLTwQGyw,Pina's Pizza,Philadelphia,PA,"{Restaurants,Italian,Pizza,Seafood}",2011-07-28,4.0,positive,1.0,"[""shrimp scampi appetizer"", ""dinner specials"", ""seafood dishes"", ""sans linguini"", ""casual dining"", ""Pina"", ""favorites"", ""cheesesteaks"", ""calzones"", ""clams"", ""Service"", ""place""]"
WSeO-PP8yxmUs8ts2myRzA,RfkaKLn494TKC943fJhKOw,The Refind Room,Saint Louis,MO,"{Furniture Stores,Home Services,Shopping,Thrift Stores,Home & Garden,Real Estate Agents,Real Estate}",2013-09-04,5.0,positive,1.0,"[""wonderful staff"", ""Great finds""]"
dQ3EU6cevDqHAr_ygy1O8A,oY5LFo6Yxxf32ePna6mEUQ,Chung Dam Spa & Fitness,Cheltenham,PA,"{Massage Therapy,Beauty & Spas,Health & Medical,Day Spas,Reflexology}",2014-12-30,5.0,positive,1.0,"[""Great hours"", ""place""]"
4oVBzRVdXH3XMGiTutkcdQ,ISBBeqLeERHiKfqa7PZkuA,B's Diner,Edmonton,AB,"{Diners,Restaurants}",2011-01-08,4.0,positive,0.89,"[""Whyte ave bar staff"", ""great diner feel"", ""little hole"", ""neat antiques"", ""funny posters"", ""incredible work"", ""affordable meal"", ""hearty bite"", ""dull moment"", ""Elk sausage"", ""perogie poutine"", ""place"", ""hunt"", ""wall"", ""warmth"", ""personality"", ""community"", ""chill"", ""spot"", ""food"", ""part"", ""people"", ""joint"", ""hipsters"", ""musicians""]"
HHmH0sczDaXK5-iKA3Q9dw,0cB1kDuZCvSwpJrNdtQP8Q,Giordano's,Indianapolis,IN,"{Restaurants,Pizza,Italian,Salad}",2018-03-23,1.0,negative,0.0,"[""ONLY table"", ""other waitresses"", ""echo chamber"", ""short list"", ""Last time"", ""wife"", ""place"", ""15 minutes"", ""order"", ""pizzas"", ""45 minutes"", ""bar"", ""bitching"", ""spot"", ""AVOID""]"
Gyw77tgrqdHnDBI6WfFjMw,qLrTiIPDlnNX6FYTs29rmg,Buddy's Grill,Tucson,AZ,"{Restaurants,American (Traditional)}",2009-10-13,3.0,positive,0.99,"[""fantastic frozen yogurt bar"", ""zucchini muffins"", ""unlimited toppings"", ""food"", ""service"", ""love"", ""purse"", ""prices"", ""fun""]"
KU_O5udG6zpxOg-VcAEodg,XQfwVwDr-v0ZS3_CbbE5Xw,Turning Point of North Wales,North Wales,PA,"{Restaurants,Breakfast & Brunch,Food,Juice Bars & Smoothies,American (New),Coffee & Tea,Sandwiches}",2018-07-07,3.0,mixed,0.64,"[""other locations"", ""bad experience"", ""long time"", ""many experiences"", ""2 hours"", ""beginning"", ""NJ"", ""food"", ""waitstaff"", ""diner"", ""restaurant"", ""weekends"", ""order""]"
hgah1g29AmdWrp3QPhEbPA,Ym8E4Lgi3IfH53YuG5WxIg,Golden Corral Buffet & Grill,Saint Charles,MO,"{American (Traditional),Restaurants,Buffets}",2015-02-02,1.0,mixed,0.35,"[""last year"", ""buffet offerings"", ""meat tenderizer"", ""corn pudding"", ""mashed potatoes"", ""bought quality"", ""terrible food"", ""restaurant"", ""turkey"", ""fish"", ""bottle"", ""vegetables"", ""putty"", ""state"", ""thing"", ""desserts"", ""store"", ""service"", ""waitress"", ""drinks"", ""plates"", ""good""]"
oAQ2yhFonFh0P1Df-fzYNg,N5ekxQd7wGHWJJK-p9qqXw,Moto Cucina + Enoteca,Nashville,TN,"{Restaurants,Italian}",2014-06-28,3.0,mixed,0.56,"[""pretentious, haughty, superior attitude"", ""four stars"", ""New York"", ""price point"", ""meal service"", ""several points"", ""blueberry lasagna"", ""chocolate confection"", ""waiter"", ""place"", ""kind"", ""bottle"", ""wine"", ""suggestion"", ""recommendations"", ""preference"", ""Snob"", ""food"", ""GOOD"", ""thing"", ""dessert""]"
I647uOIzj5JVUVlBvulliw,AzseSGgDC6bVtMPEYo1CNQ,Creole Creamery,New Orleans,LA,"{Food,Ice Cream & Frozen Yogurt}",2014-02-24,4.0,positive,0.94,"[""Pear Champagne Sorbet"", ""Blueberry Fig Sorbet"", ""Cassis sorbet"", ""Bananas Foster"", ""frozen happiness"", ""flavors"", ""group"", ""friends""]"
LkXdUnLG55HUqClm5C-FRQ,l4aS1QVy_bGnwUXSJzpbsw,Big Apple Pizza & Subs,Sparks,NV,"{Pizza,Restaurants}",2009-08-04,5.0,mixed,0.81,"[""former hockey player"", ""Best pizza"", ""nails wife"", ""olive oil"", ""peeps"", ""place"", ""nose"", ""sausage"", ""mozzarella"", ""God"", ""Ricotta"", ""pizzas"", ""crusts"", ""rarity"", ""family"", ""viniagrette""]"
jkLPFuv5qP53H2k1IeSA5A,onFzWveuDXbSOmq9CdBfPQ,RideNow Powersports Ina,Tucson,AZ,"{Automotive,Motorcycle Gear,Motorsport Vehicle Dealers,Motorsport Vehicle Repairs,Motorcycle Repair,Motorcycle Dealers,Shopping}",2012-04-28,4.0,positive,0.97,"[""Friendly sales staff"", ""mike"", ""ride"", ""Razors""]"
